predictor_id,scenario,issue_hour,month,period,target,population,unit,n,absolute_error_sum,squared_error_sum,signed_error_sum,actual_abs_sum,mae,rmse,wape_pct,bias,label,experiment,source,seed,exploratory,name,case_id,alpha_load,alpha_pv
exp001_selected,2,0,0,annual,load,all,kW,48096,8669526.319059374,2945028750.618527,-519810.24995312496,222048476.9355,180.25462240226577,247.45161352437032,3.904339466186779,-10.807764678000767,exp001 午夜重评分,exp001,data/results/exp003/baseline/forecast_annual.csv,42,False,,,,
exp001_selected,2,0,0,annual,load,pv_generating,kW,26880,4917328.458295313,1711753958.4789786,-441620.3046875,142806829.5625,182.93632657348633,252.35158580853232,3.443342642197111,-16.429326811290924,exp001 午夜重评分,exp001,data/results/exp003/baseline/forecast_annual.csv,42,False,,,,
exp001_selected,2,0,0,annual,pv,all,kW,48096,8638221.941362431,5601253511.279113,652012.4644214297,114413339.9657,179.60374961249232,341.26215987340083,7.550012912788041,13.55648004868242,exp001 午夜重评分,exp001,data/results/exp003/baseline/forecast_annual.csv,42,False,,,,
exp001_selected,2,0,0,annual,pv,pv_generating,kW,26880,8240308.485769624,5584148724.50453,254099.00882862177,114413339.9657,306.559095452739,455.7890171381598,7.2022270202408105,9.453088126064795,exp001 午夜重评分,exp001,data/results/exp003/baseline/forecast_annual.csv,42,False,,,,
exp001_selected,2,0,0,annual,net_load,all,kW,48096,14100565.995138831,8684998062.593105,-1171822.7143745543,144333055.96420002,293.1754406840243,424.94271028376255,9.769464036454892,-24.364244726683182,exp001 午夜重评分,exp001,data/results/exp003/baseline/forecast_annual.csv,42,False,,,,
exp001_selected,2,0,0,annual,net_load,pv_generating,kW,26880,10316524.041175414,7431766893.919571,-695719.3135161217,65091408.59120001,383.7992574842043,525.8131066613771,15.849286817508125,-25.88241493735572,exp001 午夜重评分,exp001,data/results/exp003/baseline/forecast_annual.csv,42,False,,,,
exp002_seed_42,2,0,0,annual,load,all,kW,48096,7870928.698315625,2344379286.2025948,-387159.6513203125,222048476.9355,163.65038045400087,220.77986238321833,3.544689343040146,-8.049726615941294,exp002 午夜重评分,exp002,data/results/exp003/baseline/forecast_annual.csv,42,False,,,,
exp002_seed_42,2,0,0,annual,load,pv_generating,kW,26880,4405724.509967579,1300411335.456397,-363425.1359863281,142806829.5625,163.90344159105575,219.9508988307239,3.085093705577572,-13.520280356634233,exp002 午夜重评分,exp002,data/results/exp003/baseline/forecast_annual.csv,42,False,,,,
exp002_seed_42,2,0,0,annual,pv,all,kW,48096,8297438.038425766,5674846520.367779,364862.10807730374,114413339.9657,172.51825595529286,343.4967091486276,7.252159617849856,7.586121674927306,exp002 午夜重评分,exp002,data/results/exp003/baseline/forecast_annual.csv,42,False,,,,
exp002_seed_42,2,0,0,annual,pv,pv_generating,kW,26880,8257294.3412670195,5673901370.044096,324718.4109185565,114413339.9657,307.1910097197552,459.4373082963732,7.217073064856314,12.080298025243918,exp002 午夜重评分,exp002,data/results/exp003/baseline/forecast_annual.csv,42,False,,,,
exp002_seed_42,2,0,0,annual,net_load,all,kW,48096,13515796.576567505,8164568388.897764,-752021.7593976159,144333055.96420002,281.01706122271094,412.0141544192623,9.364311235757334,-15.635848290868594,exp002 午夜重评分,exp002,data/results/exp003/baseline/forecast_annual.csv,42,False,,,,
exp002_seed_42,2,0,0,annual,net_load,pv_generating,kW,26880,10051009.224804034,7121210704.854832,-688143.5469048847,65091408.59120001,373.9214741370549,514.7096205475304,15.441376123734514,-25.60057838187815,exp002 午夜重评分,exp002,data/results/exp003/baseline/forecast_annual.csv,42,False,,,,
primary_seed_42,2,0,0,annual,load,all,kW,48096,8503166.984880272,2870174500.6181593,93761.67155566398,222048476.9355,176.79572074351864,244.28661485193987,3.829419189103579,1.9494692189717229,exp003 正式,exp003,data/results/exp003/forecast_annual.csv,42,False,primary,primary_seed_42,0.0,0.0
primary_seed_42,2,0,0,annual,load,pv_generating,kW,26880,4692123.875587891,1543190217.3653305,9959.602783203154,142806829.5625,174.55817989538284,239.60457080033467,3.2856438938967996,0.3705209368751173,exp003 正式,exp003,data/results/exp003/forecast_annual.csv,42,False,primary,primary_seed_42,0.0,0.0
primary_seed_42,2,0,0,annual,pv,all,kW,48096,8914424.861081518,6769809671.473829,36601.92253337457,114413339.9657,185.34649162261977,375.1748780379844,7.7914208813010575,0.7610180167451466,exp003 正式,exp003,data/results/exp003/forecast_annual.csv,42,False,primary,primary_seed_42,0.0,0.0
primary_seed_42,2,0,0,annual,pv,pv_generating,kW,26880,8914317.397981707,6769809120.193029,36494.459433566146,114413339.9657,331.63383177015277,501.849596855795,7.791326955977452,1.3576807824987405,exp003 正式,exp003,data/results/exp003/forecast_annual.csv,42,False,primary,primary_seed_42,0.0,0.0
primary_seed_42,2,0,0,annual,net_load,all,kW,48096,14612966.872370996,9662178233.786337,57159.74902228953,144333055.96420002,303.82915153798643,448.21154903145714,10.124476873818535,1.1884512022265787,exp003 正式,exp003,data/results/exp003/forecast_annual.csv,42,False,primary,primary_seed_42,0.0,0.0
primary_seed_42,2,0,0,annual,net_load,pv_generating,kW,26880,10801924.167173602,8335200602.494985,-26534.856650363017,65091408.59120001,401.85729788592266,556.8566315745317,16.595007545487288,-0.987159845623624,exp003 正式,exp003,data/results/exp003/forecast_annual.csv,42,False,primary,primary_seed_42,0.0,0.0
uncalibrated_seed_42,2,0,0,annual,load,all,kW,48096,7619926.628484048,2171603630.4766655,-271140.61495206563,222048476.9355,158.43160821033032,212.48868069323527,3.431650031401684,-5.637487835829708,exp003 未校准,exp003,data/results/exp003/forecast_annual.csv,42,False,uncalibrated,uncalibrated_seed_42,1.0,1.0
uncalibrated_seed_42,2,0,0,annual,load,pv_generating,kW,26880,4258260.920229032,1205010738.1697094,-270521.0904403955,142806829.5625,158.41744494899672,211.72923400678357,2.98183282499482,-10.064028662217096,exp003 未校准,exp003,data/results/exp003/forecast_annual.csv,42,False,uncalibrated,uncalibrated_seed_42,1.0,1.0
uncalibrated_seed_42,2,0,0,annual,pv,all,kW,48096,8204928.249598557,5543508857.12518,479656.4903021632,114413339.9657,170.59481556883227,339.4985262973294,7.1713038462633065,9.97289775245682,exp003 未校准,exp003,data/results/exp003/forecast_annual.csv,42,False,uncalibrated,uncalibrated_seed_42,1.0,1.0
uncalibrated_seed_42,2,0,0,annual,pv,pv_generating,kW,26880,8161879.312038937,5542299623.21223,436607.55274254194,114413339.9657,303.6413434538295,454.07790293624595,7.133678043561868,16.242840503814804,exp003 未校准,exp003,data/results/exp003/forecast_annual.csv,42,False,uncalibrated,uncalibrated_seed_42,1.0,1.0
uncalibrated_seed_42,2,0,0,annual,net_load,all,kW,48096,13245859.215322647,7873159878.755345,-750797.1052542283,144333055.96420002,275.40459113694794,404.5945755933182,9.177287300428333,-15.610385588286515,exp003 未校准,exp003,data/results/exp003/forecast_annual.csv,42,False,uncalibrated,uncalibrated_seed_42,1.0,1.0
uncalibrated_seed_42,2,0,0,annual,net_load,pv_generating,kW,26880,9884585.064080387,6907524632.401008,-707128.6431829375,65091408.59120001,367.73009911013344,506.9283606314974,15.185698509244933,-26.306869166031905,exp003 未校准,exp003,data/results/exp003/forecast_annual.csv,42,False,uncalibrated,uncalibrated_seed_42,1.0,1.0
,2,0,0,annual,load,all,kW,48096,9400726.962632872,3209204298.777941,4865529.367614788,222048476.9355,195.4575632616615,258.3117746935212,4.233637218490613,101.1628694198018,exp004 无季节,exp004,data/results/exp004/forecast_annual.csv,42,False,no_season,no_season_seed_42,,
,2,0,0,annual,load,pv_generating,kW,26880,5156415.262762263,1708725101.667789,2576559.430490757,142806829.5625,191.83092495395329,252.12822566135063,3.61076236939042,95.85414547956684,exp004 无季节,exp004,data/results/exp004/forecast_annual.csv,42,False,no_season,no_season_seed_42,,
,2,0,0,annual,pv,all,kW,48096,10216542.024260243,8646471185.873417,-6521622.830910889,114413339.9657,212.41978593355464,423.9991342452028,8.929502475256,-135.59595040982387,exp004 无季节,exp004,data/results/exp004/forecast_annual.csv,42,False,no_season,no_season_seed_42,,
,2,0,0,annual,pv,pv_generating,kW,26880,10196459.224565892,8645922788.59077,-6541705.630605243,114413339.9657,379.3325604377192,567.1409994578295,8.911949627222393,-243.36702494811172,exp004 无季节,exp004,data/results/exp004/forecast_annual.csv,42,False,no_season,no_season_seed_42,,
,2,0,0,annual,net_load,all,kW,48096,17281430.16443876,13248292996.045303,11387152.198525678,144333055.96420002,359.3111727469802,524.8382547955927,11.973300259592094,236.7588198296257,exp004 无季节,exp004,data/results/exp004/forecast_annual.csv,42,False,no_season,no_season_seed_42,,
,2,0,0,annual,net_load,pv_generating,kW,26880,13042981.25307192,11750371274.714865,9118265.061095998,65091408.59120001,485.22995733154465,661.1669898700756,20.037945921537883,339.2211704276785,exp004 无季节,exp004,data/results/exp004/forecast_annual.csv,42,False,no_season,no_season_seed_42,,
,2,0,0,annual,load,all,kW,48096,9563633.669258084,3242702837.456779,5047042.427845965,222048476.9355,198.84467875203933,259.65643874419953,4.3070025974715875,104.9368435596716,exp004 历史季节,exp004,data/results/exp004/forecast_annual.csv,42,False,causal_season,causal_season_seed_42,,
,2,0,0,annual,load,pv_generating,kW,26880,5255062.651135865,1739128255.085919,2703120.1420565713,142806829.5625,195.50084267618544,254.3613804624356,3.679839869868384,100.56250528484269,exp004 历史季节,exp004,data/results/exp004/forecast_annual.csv,42,False,causal_season,causal_season_seed_42,,
,2,0,0,annual,pv,all,kW,48096,10179211.751146138,8629944264.828342,-6439035.887208229,114413339.9657,211.6436242337437,423.59372308001866,8.896874922275467,-133.87882333683112,exp004 历史季节,exp004,data/results/exp004/forecast_annual.csv,42,False,causal_season,causal_season_seed_42,,
,2,0,0,annual,pv,pv_generating,kW,26880,10150998.596923571,8629153125.315792,-6467249.041430795,114413339.9657,377.6413168498352,566.5907181241383,8.872215949614565,-240.59706255322897,exp004 历史季节,exp004,data/results/exp004/forecast_annual.csv,42,False,causal_season,causal_season_seed_42,,
,2,0,0,annual,net_load,all,kW,48096,17309723.116704896,13209535646.27544,11486078.315054191,144333055.96420002,359.8994327325536,524.0699958748378,11.992902804606556,238.81566689650265,exp004 历史季节,exp004,data/results/exp004/forecast_annual.csv,42,False,causal_season,causal_season_seed_42,,
,2,0,0,annual,net_load,pv_generating,kW,26880,13013232.578489782,11711780871.08155,9170369.183487369,65091408.59120001,484.1232358069116,660.0803993429769,19.992243001250856,341.15956783807167,exp004 历史季节,exp004,data/results/exp004/forecast_annual.csv,42,False,causal_season,causal_season_seed_42,,
,2,0,0,annual,load,all,kW,48096,9703457.089910066,3226701787.772354,5602943.387533587,222048476.9355,201.7518523351228,259.0150118414097,4.36997236992024,116.49499724579148,exp004 全年探索,exp004,data/results/exp004/forecast_annual.csv,42,True,oracle_season,oracle_season_seed_42,,
,2,0,0,annual,load,pv_generating,kW,26880,5355846.219010664,1745741876.735944,3015764.760878181,142806829.5625,199.2502313620039,254.8445689883445,3.7504132228260527,112.19362949695612,exp004 全年探索,exp004,data/results/exp004/forecast_annual.csv,42,True,oracle_season,oracle_season_seed_42,,
,2,0,0,annual,pv,all,kW,48096,10129362.797872048,8633194586.00444,-6469334.861580165,114413339.9657,210.60717726779873,423.6734852425439,8.853305742939355,-134.50879203218906,exp004 全年探索,exp004,data/results/exp004/forecast_annual.csv,42,True,oracle_season,oracle_season_seed_42,,
,2,0,0,annual,pv,pv_generating,kW,26880,10109119.848645069,8632648992.313637,-6489577.810807145,114413339.9657,376.08332770256953,566.7054759222285,8.835612920377715,-241.42774593776585,exp004 全年探索,exp004,data/results/exp004/forecast_annual.csv,42,True,oracle_season,oracle_season_seed_42,,
,2,0,0,annual,net_load,all,kW,48096,17461192.083089765,13363439796.839016,12072278.249113752,144333055.96420002,363.0487375891917,527.1141215838684,12.097846862897985,251.00378927798053,exp004 全年探索,exp004,data/results/exp004/forecast_annual.csv,42,True,oracle_season,oracle_season_seed_42,,
,2,0,0,annual,net_load,pv_generating,kW,26880,13122993.140911112,11886982440.662642,9505342.571685323,65091408.59120001,488.2065900636575,664.9992850611155,20.160868269618717,353.6213754347219,exp004 全年探索,exp004,data/results/exp004/forecast_annual.csv,42,True,oracle_season,oracle_season_seed_42,,
