interval_start,interval_end,charge_power_kw,discharge_power_kw,net_battery_power_kw,delta_power_kw,soc_start_kwh,soc_end_kwh,load_kw,pv_kw
2025-12-25 00:00:00,2025-12-25 00:10:00,5000.0,0.0,5000.0,5109.140593871665,1241.7194020800646,2032.2888171221593,3536.5305,0.0
2025-12-25 00:10:00,2025-12-25 00:20:00,5000.0,0.0,5000.0,0.0,2032.2888171221593,2822.8582321642543,3513.3078,0.0
2025-12-25 00:20:00,2025-12-25 00:30:00,4922.110502180922,0.0,4922.110502180922,-77.88949781907831,2822.8582321642543,3601.112236260599,3548.41,0.0
2025-12-25 00:30:00,2025-12-25 00:40:00,4941.992005323493,0.0,4941.992005323493,19.88150314257109,3601.112236260599,4382.509782018859,3628.2874,0.0
2025-12-25 00:40:00,2025-12-25 00:50:00,4896.059911822278,0.0,4896.059911822278,-45.932093501214695,4382.509782018859,5156.644826118937,3616.6483,0.0
2025-12-25 00:50:00,2025-12-25 01:00:00,5000.0,0.0,5000.0,103.94008817772192,5156.644826118937,5947.214241161032,3584.06,0.0
2025-12-25 01:00:00,2025-12-25 01:10:00,4818.38279981732,0.0,4818.38279981732,-181.61720018267988,5947.214241161032,6709.067455461126,3746.0673,0.0
2025-12-25 01:10:00,2025-12-25 01:20:00,4618.967780132771,0.0,4618.967780132771,-199.4150196845494,6709.067455461126,7439.390386668696,3947.752,0.0
2025-12-25 01:20:00,2025-12-25 01:30:00,0.0,279.4621871910647,-279.4621871910647,-4898.429967323836,7439.390386668696,7390.293884923357,3909.38,0.0
2025-12-25 01:30:00,2025-12-25 01:40:00,5000.0,0.0,5000.0,5279.462187191065,7390.293884923357,8180.863299965452,3519.6739,0.0
2025-12-25 01:40:00,2025-12-25 01:50:00,5000.0,0.0,5000.0,0.0,8180.863299965452,8971.432715007546,3428.7037,0.0
2025-12-25 01:50:00,2025-12-25 02:00:00,115.27755279068151,0.0,115.27755279068151,-4884.7224472093185,8971.432715007546,8989.65969650299,3775.34,0.0
2025-12-25 02:00:00,2025-12-25 02:10:00,0.0,160.2392558173758,-160.2392558173758,-275.5168086080573,8989.65969650299,8961.508528783363,4036.6654,0.0
2025-12-25 02:10:00,2025-12-25 02:20:00,0.0,125.10483093821199,-125.10483093821199,35.13442487916382,8961.508528783363,8939.529850335859,3877.6121,0.0
2025-12-25 02:20:00,2025-12-25 02:30:00,167.59492252838618,0.0,167.59492252838618,292.69975346659817,8939.529850335859,8966.028934309317,3644.68,0.0
2025-12-25 02:30:00,2025-12-25 02:40:00,0.0,179.8275370063136,-179.8275370063136,-347.4224595346998,8966.028934309317,8934.436456367197,3953.4111,0.0
2025-12-25 02:40:00,2025-12-25 02:50:00,0.0,147.38001310510253,-147.38001310510253,32.44752390121107,8934.436456367197,8908.544427311776,4033.5185,0.0
2025-12-25 02:50:00,2025-12-25 03:00:00,5000.0,0.0,5000.0,5147.380013105103,8908.544427311776,9699.11384235387,3798.18,0.0
2025-12-25 03:00:00,2025-12-25 03:10:00,7.127485715693183,0.0,7.127485715693183,-4992.872514284307,9699.11384235387,9700.240796796466,3924.1891,0.0
2025-12-25 03:10:00,2025-12-25 03:20:00,0.0,63.789603435861636,-63.789603435861636,-70.91708915155482,9700.240796796466,9689.034105802231,4015.7994,0.0
2025-12-25 03:20:00,2025-12-25 03:30:00,5000.0,0.0,5000.0,5063.789603435862,9689.034105802231,10479.603520844326,3858.2,0.0
2025-12-25 03:30:00,2025-12-25 03:40:00,135.36227583659797,0.0,135.36227583659797,-4864.637724163402,10479.603520844326,10501.006175889708,3722.7995,0.0
2025-12-25 03:40:00,2025-12-25 03:50:00,36.27290269400896,0.0,36.27290269400896,-99.08937314258901,10501.006175889708,10506.741425382645,3958.0196,0.0
2025-12-25 03:50:00,2025-12-25 04:00:00,0.0,126.58155189663785,-126.58155189663785,-162.8544545906468,10506.741425382645,10484.503313507523,4334.77,0.0
2025-12-25 04:00:00,2025-12-25 04:10:00,0.0,102.46218354578468,-102.46218354578468,24.119368350853165,10484.503313507523,10466.502542727583,4250.481,0.0
2025-12-25 04:10:00,2025-12-25 04:20:00,125.21083475901037,0.0,125.21083475901037,227.67301830479505,10466.502542727583,10486.300114006055,3970.3398,0.0
2025-12-25 04:20:00,2025-12-25 04:30:00,304.9646257455547,0.0,304.9646257455547,179.75379098654435,10486.300114006055,10534.519255162893,3865.93,0.0
2025-12-25 04:30:00,2025-12-25 04:40:00,104.33282322311425,0.0,104.33282322311425,-200.63180252244047,10534.519255162893,10551.015722967932,4076.8854,0.0
2025-12-25 04:40:00,2025-12-25 04:50:00,0.0,343.3958494337594,-343.3958494337594,-447.72867265687364,10551.015722967932,10490.68722167577,4293.7118,0.0
2025-12-25 04:50:00,2025-12-25 05:00:00,0.0,450.23707283994713,-450.23707283994713,-106.84122340618774,10490.68722167577,10411.588630719027,4334.65,0.0
2025-12-25 05:00:00,2025-12-25 05:10:00,0.0,283.86220107396775,-283.86220107396775,166.37487176597938,10411.588630719027,10361.719125328891,4269.8784,0.0022
2025-12-25 05:10:00,2025-12-25 05:20:00,0.0,4059.89347976913,-4059.89347976913,-3776.031278695162,10361.719125328891,9648.468544565714,4213.4876,0.0
2025-12-25 05:20:00,2025-12-25 05:30:00,120.63087819812881,0.0,120.63087819812881,4180.524357967259,9648.468544565714,9667.541961128336,4085.05,0.0
2025-12-25 05:30:00,2025-12-25 05:40:00,5000.0,0.0,5000.0,4879.369121801871,9667.541961128336,10458.111376170431,3852.0483,0.0312
2025-12-25 05:40:00,2025-12-25 05:50:00,165.04267115834318,0.0,165.04267115834318,-4834.957328841657,10458.111376170431,10484.206913769358,4420.7711,0.0
2025-12-25 05:50:00,2025-12-25 06:00:00,0.0,4543.345639589422,-4543.345639589422,-4708.388310747765,10484.206913769358,9686.022446075078,5471.0,0.0
2025-12-25 06:00:00,2025-12-25 06:10:00,0.0,378.6637034249238,-378.6637034249238,4164.6819361644975,9686.022446075078,9619.49801440523,5671.5786,0.4349
2025-12-25 06:10:00,2025-12-25 06:20:00,0.0,309.69473338688135,-309.69473338688135,68.96897003804247,9619.49801440523,9565.090195690722,5479.7346,0.0
2025-12-25 06:20:00,2025-12-25 06:30:00,0.0,188.52776861439725,-188.52776861439725,121.1669647724841,9565.090195690722,9531.969242856794,5324.21,0.0
2025-12-25 06:30:00,2025-12-25 06:40:00,98.28829030475413,0.0,98.28829030475413,286.8160589191514,9531.969242856794,9547.509986091138,5203.6967,6.0581
2025-12-25 06:40:00,2025-12-25 06:50:00,55.24109496181882,0.0,55.24109496181882,-43.04719534293531,9547.509986091138,9556.244370117187,5342.9114,0.0
2025-12-25 06:50:00,2025-12-25 07:00:00,0.0,233.9476858326277,-233.9476858326277,-289.18878079444653,9556.244370117187,9515.143951197375,5563.63,0.0
2025-12-25 07:00:00,2025-12-25 07:10:00,0.0,99.30539918899126,-99.30539918899126,134.64228664363645,9515.143951197375,9497.697770897961,5433.0025,175.0779
2025-12-25 07:10:00,2025-12-25 07:20:00,115.14179712255213,0.0,115.14179712255213,214.4471963115434,9497.697770897961,9515.903287537576,5334.3142,449.3183
2025-12-25 07:20:00,2025-12-25 07:30:00,133.56123585056525,0.0,133.56123585056525,18.41943872801312,9515.903287537576,9537.021173157313,5296.69,747.2625
2025-12-25 07:30:00,2025-12-25 07:40:00,5000.0,0.0,5000.0,4866.438764149435,9537.021173157313,10327.590588199408,5128.8769,1029.9368
2025-12-25 07:40:00,2025-12-25 07:50:00,0.0,258.0151814694475,-258.0151814694475,-5258.015181469447,10327.590588199408,10282.261941291345,5925.2415,1278.6191
2025-12-25 07:50:00,2025-12-25 08:00:00,0.0,5000.0,-5000.0,-4741.984818530553,10282.261941291345,9403.85148013346,7149.38,1552.3125
2025-12-25 08:00:00,2025-12-25 08:10:00,0.0,4795.319646621202,-4795.319646621202,204.68035337879792,9403.85148013346,8561.399691695862,7051.859,1926.5058
2025-12-25 08:10:00,2025-12-25 08:20:00,0.0,4547.9424,-4547.9424,247.37724662120218,8561.399691695862,7762.407655515164,6805.8015,2257.8591
2025-12-25 08:20:00,2025-12-25 08:30:00,0.0,4485.575000000001,-4485.575000000001,62.36739999999918,7762.407655515164,6974.3724546535095,6999.05,2513.475
2025-12-25 08:30:00,2025-12-25 08:40:00,0.0,4259.6771,-4259.6771,225.89790000000085,6974.3724546535095,6226.023469494575,7060.2594,2800.5823
2025-12-25 08:40:00,2025-12-25 08:50:00,0.0,3993.2288,-3993.2288,266.4483,6226.023469494575,5524.484679151186,7116.6791,3123.4503
2025-12-25 08:50:00,2025-12-25 09:00:00,0.0,3690.3674999999994,-3690.3674999999994,302.8613000000005,5524.484679151186,4876.153195647774,7156.98,3466.6125
2025-12-25 09:00:00,2025-12-25 09:10:00,0.0,3193.8126999999995,-3193.8126999999995,496.5547999999999,4876.153195647774,4315.057498315993,6994.5678,3800.7551
2025-12-25 09:10:00,2025-12-25 09:20:00,0.0,3010.1461,-3010.1461,183.66659999999956,4315.057498315993,3786.2287335452725,7026.2001,4016.054
2025-12-25 09:20:00,2025-12-25 09:30:00,0.0,3054.1550000000007,-3054.1550000000007,-44.00890000000072,3786.2287335452725,3249.6683931457414,7177.43,4123.275
2025-12-25 09:30:00,2025-12-25 09:40:00,0.0,2730.2419,-2730.2419,323.91310000000067,3249.6683931457414,2770.0137838554265,6989.8286,4259.5867
2025-12-25 09:40:00,2025-12-25 09:50:00,0.0,2425.6126000000004,-2425.6126000000004,304.6292999999996,2770.0137838554265,2343.877087344152,6924.5284,4498.9158
2025-12-25 09:50:00,2025-12-25 10:00:00,0.0,1832.8453199897913,-1832.8453199897913,592.7672800102091,2343.877087344152,2021.878986791492,7062.92,4769.55
2025-12-25 10:00:00,2025-12-25 10:10:00,0.0,2069.919000000001,-2069.919000000001,-237.0736800102095,2021.878986791492,1658.231286121599,6998.4813,4928.5623
2025-12-25 10:10:00,2025-12-25 10:20:00,0.0,1779.9589999999998,-1779.9589999999998,289.96000000000095,1658.231286121599,1345.524364915174,6837.2753,5057.3163
2025-12-25 10:20:00,2025-12-25 10:30:00,0.0,828.339206726602,-828.339206726602,951.6197932733978,1345.524364915174,1200.0,6784.48,5204.1375
2025-12-25 10:30:00,2025-12-25 10:40:00,0.0,0.0,0.0,828.339206726602,1200.0,1200.0,6917.8399,5337.0512
2025-12-25 10:40:00,2025-12-25 10:50:00,0.0,0.0,0.0,0.0,1200.0,1200.0,6962.1765,5462.8753
2025-12-25 10:50:00,2025-12-25 11:00:00,4948.345641999134,0.0,4948.345641999134,4948.345641999134,1200.0,1982.402143924271,6863.65,5551.6125
2025-12-25 11:00:00,2025-12-25 11:10:00,4704.435970659519,0.0,4704.435970659519,-243.90967133961567,1982.402143924271,2726.2387826097283,6815.1661,5531.3562
2025-12-25 11:10:00,2025-12-25 11:20:00,4182.95889760759,0.0,4182.95889760759,-521.4770730519285,2726.2387826097283,3387.6226563750797,6766.3182,5365.7112
2025-12-25 11:20:00,2025-12-25 11:30:00,3824.417047832506,0.0,3824.417047832506,-358.5418497750843,3387.6226563750797,3992.3160860514718,6748.24,5326.125
2025-12-25 11:30:00,2025-12-25 11:40:00,4362.801711061284,0.0,4362.801711061284,538.3846632287778,3992.3160860514718,4682.135605383146,6832.7424,5705.7376
2025-12-25 11:40:00,2025-12-25 11:50:00,4346.454557309066,0.0,4346.454557309066,-16.34715375221731,4682.135605383146,5369.370412758921,6694.2373,5734.0684
2025-12-25 11:50:00,2025-12-25 12:00:00,3989.587582778755,0.0,3989.587582778755,-356.8669745303114,5369.370412758921,6000.179597074241,6428.39,5358.45
2025-12-25 12:00:00,2025-12-25 12:10:00,3886.0042948498394,0.0,3886.0042948498394,-103.58328792891552,6000.179597074241,6614.610825520343,6461.5055,5308.5517
2025-12-25 12:10:00,2025-12-25 12:20:00,4065.8078223341236,0.0,4065.8078223341236,179.80352748428413,6614.610825520343,7257.471487875595,6467.1984,5495.8965
2025-12-25 12:20:00,2025-12-25 12:30:00,4415.940965062904,0.0,4415.940965062904,350.1331427287805,7257.471487875595,7955.693060997635,6233.87,5627.925
2025-12-25 12:30:00,2025-12-25 12:40:00,4668.839673732112,0.0,4668.839673732112,252.89870866920774,7955.693060997635,8693.901430955179,5959.2867,5540.092
2025-12-25 12:40:00,2025-12-25 12:50:00,4698.3114971928335,0.0,4698.3114971928335,29.47182346072168,8693.901430955179,9436.769705359437,6205.6407,5516.98
2025-12-25 12:50:00,2025-12-25 13:00:00,0.0,335.5983747519892,-335.5983747519892,-5033.909871944823,9436.769705359437,9377.81108073349,6752.87,5552.025
2025-12-25 13:00:00,2025-12-25 13:10:00,0.0,1425.2464,-1425.2464,-1089.6480252480108,9377.81108073349,9127.420811235968,6796.9244,5371.678
2025-12-25 13:10:00,2025-12-25 13:20:00,0.0,1427.2738,-1427.2738,-2.0273999999999432,9127.420811235968,8876.674363864655,6661.5274,5234.2536
2025-12-25 13:20:00,2025-12-25 13:30:00,0.0,1364.1599999999999,-1364.1599999999999,63.11380000000008,8876.674363864655,8637.015880926027,6594.51,5230.35
2025-12-25 13:30:00,2025-12-25 13:40:00,0.0,1346.0186999999996,-1346.0186999999996,18.14130000000023,8637.015880926027,8400.5444995272,6508.2377,5162.219
2025-12-25 13:40:00,2025-12-25 13:50:00,0.0,1530.5317999999997,-1530.5317999999997,-184.51310000000012,8400.5444995272,8131.6574706762385,6440.5277,4909.9959
2025-12-25 13:50:00,2025-12-25 14:00:00,0.0,1790.42,-1790.42,-259.8882000000003,8131.6574706762385,7817.112739102979,6412.97,4622.55
2025-12-25 14:00:00,2025-12-25 14:10:00,0.0,1864.8124000000007,-1864.8124000000007,-74.39240000000063,7817.112739102979,7489.498595051591,6403.4363,4538.6239
2025-12-25 14:10:00,2025-12-25 14:20:00,0.0,2120.937,-2120.937,-256.1245999999992,7489.498595051591,7116.887945400228,6416.3781,4295.4411
2025-12-25 14:20:00,2025-12-25 14:30:00,0.0,2456.445,-2456.445,-335.50800000000027,7116.887945400228,6685.334548348433,6348.42,3891.975
2025-12-25 14:30:00,2025-12-25 14:40:00,0.0,2404.3241000000003,-2404.3241000000003,52.12089999999989,6685.334548348433,6262.93786005763,6107.9371,3703.613
2025-12-25 14:40:00,2025-12-25 14:50:00,0.0,2529.7199000000005,-2529.7199000000005,-125.39580000000024,6262.93786005763,5818.511375265775,6089.6931,3559.9732
2025-12-25 14:50:00,2025-12-25 15:00:00,4957.760520769113,0.0,4957.760520769113,7487.480420769114,5818.511375265775,6602.402142230421,6338.78,3328.3125
2025-12-25 15:00:00,2025-12-25 15:10:00,4812.829171284316,0.0,4812.829171284316,-144.93134948479747,6602.402142230421,7363.377250758375,6476.3809,3050.2906
2025-12-25 15:10:00,2025-12-25 15:20:00,4812.445453721755,0.0,4812.445453721755,-0.3837175625603777,7363.377250758375,8124.291688212535,6333.3793,2746.9885
2025-12-25 15:20:00,2025-12-25 15:30:00,5000.0,0.0,5000.0,187.55454627824474,8124.291688212535,8914.861103254629,6144.2,2449.7625
2025-12-25 15:30:00,2025-12-25 15:40:00,4535.341383331442,0.0,4535.341383331442,-464.65861666855835,8914.861103254629,9631.961540141938,6300.6472,2185.2871
2025-12-25 15:40:00,2025-12-25 15:50:00,0.0,132.13084801047785,-132.13084801047785,-4667.47223134192,9631.961540141938,9608.748516315125,6455.8055,1895.5729
2025-12-25 15:50:00,2025-12-25 16:00:00,0.0,324.5903222438644,-324.5903222438644,-192.45947423338657,9608.748516315125,9551.723809385201,6426.0,1584.15
2025-12-25 16:00:00,2025-12-25 16:10:00,0.0,139.9952017450089,-139.9952017450089,184.59512049885552,9551.723809385201,9527.129159440256,6346.6644,1309.7302
2025-12-25 16:10:00,2025-12-25 16:20:00,33.98659772185101,0.0,33.98659772185101,173.9817994668599,9527.129159440256,9532.502912376303,6225.7691,1023.4259
2025-12-25 16:20:00,2025-12-25 16:30:00,11.487243868095447,0.0,11.487243868095447,-22.499353853755565,9532.502912376303,9534.319205109352,6103.51,720.9375
2025-12-25 16:30:00,2025-12-25 16:40:00,0.0,59.76233186894797,-59.76233186894797,-71.24957573704341,9534.319205109352,9523.820033609978,6057.8547,451.1528
2025-12-25 16:40:00,2025-12-25 16:50:00,219.11037117186174,0.0,219.11037117186174,278.8727030408097,9523.820033609978,9558.464425203378,6050.7238,190.6364
2025-12-25 16:50:00,2025-12-25 17:00:00,199.33081827705655,0.0,199.33081827705655,-19.779552894805192,9558.464425203378,9589.98139488441,6121.07,0.0
2025-12-25 17:00:00,2025-12-25 17:10:00,0.0,110.76598334330447,-110.76598334330447,-310.096801620361,9589.98139488441,9570.521795182569,6302.872,0.0
2025-12-25 17:10:00,2025-12-25 17:20:00,0.0,117.21755858807478,-117.21755858807478,-6.451575244770311,9570.521795182569,9549.92876924354,6213.3175,6.8576
2025-12-25 17:20:00,2025-12-25 17:30:00,25.006572652609975,0.0,25.006572652609975,142.22413124068476,9549.92876924354,9553.882655546375,6052.82,0.0
2025-12-25 17:30:00,2025-12-25 17:40:00,0.0,127.34887757107163,-127.34887757107163,-152.3554502236816,9553.882655546375,9531.509738291346,6277.6348,0.0
2025-12-25 17:40:00,2025-12-25 17:50:00,0.0,279.1234299351754,-279.1234299351754,-151.77455236410378,9531.509738291346,9482.47275012948,5693.9573,0.4924
2025-12-25 17:50:00,2025-12-25 18:00:00,0.0,279.4466432329159,-279.4466432329159,-0.32321329774049445,9482.47275012948,9433.37897917923,4529.78,0.0
2025-12-25 18:00:00,2025-12-25 18:10:00,0.0,100.61973937223706,-100.61973937223706,178.82690386067884,9433.37897917923,9415.701892846519,4299.7226,0.0
2025-12-25 18:10:00,2025-12-25 18:20:00,0.0,18.949433546686805,-18.949433546686805,81.67030582555026,9415.701892846519,9412.372816714433,4334.8814,0.0353
2025-12-25 18:20:00,2025-12-25 18:30:00,0.0,78.62576545028332,-78.62576545028332,-59.67633190359652,9412.372816714433,9398.559677736817,4253.07,0.0
2025-12-25 18:30:00,2025-12-25 18:40:00,0.0,145.69249360719004,-145.69249360719004,-67.06672815690672,9398.559677736817,9372.964115637471,4363.8707,0.0
2025-12-25 18:40:00,2025-12-25 18:50:00,0.0,4353.5119,-4353.5119,-4207.81940639281,9372.964115637471,8608.130036490404,4353.5144,0.0025
2025-12-25 18:50:00,2025-12-25 19:00:00,0.0,4219.16,-4219.16,134.35190000000057,8608.130036490404,7866.899180230625,4219.16,0.0
2025-12-25 19:00:00,2025-12-25 19:10:00,0.0,4294.464,-4294.464,-75.30400000000009,7866.899180230625,7112.438759697439,4294.464,0.0
2025-12-25 19:10:00,2025-12-25 19:20:00,0.0,4367.2508,-4367.2508,-72.78679999999986,7112.438759697439,6345.191001853413,4367.2508,0.0
2025-12-25 19:20:00,2025-12-25 19:30:00,0.0,4373.22,-4373.22,-5.9692000000004555,6345.191001853413,5576.894562464437,4373.22,0.0
2025-12-25 19:30:00,2025-12-25 19:40:00,0.0,4471.6199,-4471.6199,-98.39989999999943,5576.894562464437,4791.311022768084,4471.6199,0.0
2025-12-25 19:40:00,2025-12-25 19:50:00,0.0,4559.8488,-4559.8488,-88.22890000000007,4791.311022768084,3990.2272453244395,4559.8488,0.0
2025-12-25 19:50:00,2025-12-25 20:00:00,0.0,4517.13,-4517.13,42.718799999999646,3990.2272453244395,3196.6483960424175,4517.13,0.0
2025-12-25 20:00:00,2025-12-25 20:10:00,0.0,4333.0638,-4333.0638,184.0662000000002,3196.6483960424175,2435.4066818855117,4333.0638,0.0
2025-12-25 20:10:00,2025-12-25 20:20:00,0.0,4229.0949,-4229.0949,103.96889999999985,2435.4066818855117,1692.4304416076213,4229.0949,0.0
2025-12-25 20:20:00,2025-12-25 20:30:00,0.0,2802.9632124287346,-2802.9632124287346,1426.1316875712655,1692.4304416076213,1200.0,4306.98,0.0
2025-12-25 20:30:00,2025-12-25 20:40:00,0.0,0.0,0.0,2802.9632124287346,1200.0,1200.0,4464.6906,0.0
2025-12-25 20:40:00,2025-12-25 20:50:00,0.0,0.0,0.0,0.0,1200.0,1200.0,4502.5673,0.0
2025-12-25 20:50:00,2025-12-25 21:00:00,0.0,0.0,0.0,0.0,1200.0,1200.0,4406.22,0.0
2025-12-25 21:00:00,2025-12-25 21:10:00,1.0386354478609974,0.0,1.0386354478609974,1.0386354478609974,1200.0,1200.1642226836914,4340.4992,0.0
2025-12-25 21:10:00,2025-12-25 21:20:00,0.0,0.9347719030742558,-0.9347719030742558,-1.9734073509352532,1200.1642226836914,1200.0,4355.2979,0.0
2025-12-25 21:20:00,2025-12-25 21:30:00,0.0,0.0,0.0,0.9347719030742558,1200.0,1200.0,4446.82,0.0
2025-12-25 21:30:00,2025-12-25 21:40:00,0.0,0.0,0.0,0.0,1200.0,1200.0,4490.4232,0.0
2025-12-25 21:40:00,2025-12-25 21:50:00,62.55222261810286,0.0,62.55222261810286,62.55222261810286,1200.0,1209.8903748089554,4005.9912,0.0
2025-12-25 21:50:00,2025-12-25 22:00:00,15.402816344969779,0.0,15.402816344969779,-47.14940627313308,1209.8903748089554,1212.325773910524,3272.15,0.0
2025-12-25 22:00:00,2025-12-25 22:10:00,106.42978141907156,0.0,106.42978141907156,91.02696507410178,1212.325773910524,1229.1537999184306,3122.2692,0.0
2025-12-25 22:10:00,2025-12-25 22:20:00,141.6801477254146,0.0,141.6801477254146,35.25036630634304,1229.1537999184306,1251.5553982205024,3231.836,0.0
2025-12-25 22:20:00,2025-12-25 22:30:00,107.29077754409832,0.0,107.29077754409832,-34.38937018131628,1251.5553982205024,1268.5195596689923,3263.97,0.0
2025-12-25 22:30:00,2025-12-25 22:40:00,4092.8662282613654,0.0,4092.8662282613654,3985.575450717267,1268.5195596689923,1915.6585316534188,3204.6597,0.0
2025-12-25 22:40:00,2025-12-25 22:50:00,317.5055861555202,0.0,317.5055861555202,-3775.3606421058453,1915.6585316534188,1965.8605727573322,3180.3039,0.0
2025-12-25 22:50:00,2025-12-25 23:00:00,0.0,3226.29,-3226.29,-3543.79558615552,1965.8605727573322,1399.0591954115189,3226.29,0.0
2025-12-25 23:00:00,2025-12-25 23:10:00,104.56232316564729,0.0,104.56232316564729,3330.8523231656472,1399.0591954115189,1415.5919503436205,3282.0767,0.0
2025-12-25 23:10:00,2025-12-25 23:20:00,0.0,20.024570940257036,-20.024570940257036,-124.58689410590432,1415.5919503436205,1412.0739918247966,3394.5617,0.0
2025-12-25 23:20:00,2025-12-25 23:30:00,0.0,240.8957800148985,-240.8957800148985,-220.87120907464146,1412.0739918247966,1369.7529171820215,3622.58,0.0
2025-12-25 23:30:00,2025-12-25 23:40:00,0.0,301.11044997268505,-301.11044997268505,-60.214669957786555,1369.7529171820215,1316.8532033380288,3833.7942,0.0
2025-12-25 23:40:00,2025-12-25 23:50:00,72.29716889526821,0.0,72.29716889526821,373.40761886795326,1316.8532033380288,1328.2843894425753,3257.6594,0.0
2025-12-25 23:50:00,2025-12-26 00:00:00,208.16440443950535,0.0,208.16440443950535,135.86723554423713,1328.2843894425753,1361.1980717326405,2360.89,0.0
