name,scenario,seed,kind,method,weight,update_hours,anticipate,raw_pv,known_price,planned_kwh,final_kwh,emergency_kwh,emergency_minutes,charge_kwh,discharge_kwh,surplus_kwh,planned_cost,up_cost,down_cost,emergency_cost,total_cost,violations,solve_execute_seconds,solver_calls,timeout_count,fallback_count,incumbent_count,gap_certified_count,final_soc,daily_cvar90,worst_day_cost,worst_date,cache_key
weekly,2,42,weekly,deterministic,0.0,[],True,False,False,19537844.91613038,19537844.91613038,661866.344229633,37060.0,6255746.17391661,5630332.440396616,1635108.0318733463,11777415.407688968,0.0,0.0,3869538.9325844334,15646954.3402734,0.0,33.98464957496617,334.0,0.0,0.0,0.0,334.0,1252.2126194292532,91843.81915355763,149425.22764972024,2025-06-01,b87651b80904af47
new_deterministic,2,42,mlp,deterministic,0.0,[],True,False,False,19421489.42026521,19421489.42026521,628285.6174340288,39410.0,6315396.677972004,5684067.42728647,1479256.2920470352,11677852.86107377,0.0,0.0,3674449.4188399934,15352302.279913763,0.0,17.69889313308522,334.0,0.0,0.0,0.0,334.0,1200.0,84488.05931153643,138741.68016550646,2025-06-01,11dcc1f0cbd5f8d1
primary,2,42,mlp,risk,0.1,[],True,False,False,19494424.579403117,19494424.579403117,579717.6630443097,36830.0,6316145.326189278,5684741.210682016,1503548.631973502,11755724.512758028,0.0,0.0,3373172.939952124,15128897.452710154,0.0,907.7401532150107,334.0,334.0,0.0,334.0,0.0,1200.0,83083.73793737212,138575.9787136527,2025-06-01,e1adab7c9c5c9092
periodic,2,42,periodic,deterministic,0.0,[],True,False,False,19576927.8786712,19576927.8786712,549745.630304618,34290.0,6341182.544297077,5707225.173739035,1553526.6434511114,11804823.083825326,0.0,0.0,3183791.1507727597,14988614.234598085,0.0,22.656951389973983,334.0,0.0,0.0,0.0,334.0,1252.2126194292532,84837.2764247096,154222.41144912122,2025-07-03,a80ab48d42aaa1b2
primary,2,2026,mlp,risk,0.1,[],True,False,False,19457266.100142546,19457266.100142546,603801.317320886,37120.0,6290689.782403614,5661827.54488478,1493015.684977932,11740110.470633205,0.0,0.0,3515799.270938576,15255909.74157178,0.0,910.3940939969616,334.0,334.0,0.0,334.0,0.0,1203.8752554677171,84317.02300516322,138083.4717411434,2025-06-01,0d695527de9c0931
yesterday,2,42,yesterday,deterministic,0.0,[],True,False,False,19232516.30869206,19232516.30869206,2003044.1169953202,66520.0,5755117.914810361,5179816.5404409915,2721069.5563513464,11636395.951862719,0.0,0.0,10470203.08231181,22106599.034174528,0.0,29.021974864648655,334.0,0.0,0.0,0.0,334.0,1200.0,207886.28038784175,251721.6641932798,2025-12-21,c6ff6be61b39ea79
primary,2,3407,mlp,risk,0.1,[],True,False,False,19447661.401874177,19447661.401874177,600019.8212447779,38180.0,6303628.335185258,5673475.918778399,1478339.311745428,11726270.605439762,0.0,0.0,3501627.228841599,15227897.834281363,0.0,906.9132698368048,334.0,334.0,0.0,334.0,0.0,1200.0,83317.62311321107,137380.57911516452,2025-06-01,abdda68ade2cb02f
legacy_rebased,2,42,legacy,deterministic,0.0,[],True,False,False,19310623.56978458,19310623.56978458,730041.0880550798,44340.0,6276030.03677205,5648637.450206511,1474082.5763074558,11613278.032118578,0.0,0.0,4229376.15856689,15842654.19068547,0.0,19.06835708755534,334.0,0.0,0.0,0.0,334.0,1200.0,92651.63688211233,142797.63500743534,2025-07-03,b046af101c7471d7
risk_zero,2,42,mlp,risk,0.0,[],True,False,False,19489775.561203886,19489775.561203886,580555.8783183631,36880.0,6315104.8815295035,5683804.810488218,1499841.873514303,11752599.614029866,0.0,0.0,3378999.755313137,15131599.369343001,0.0,907.2648069682764,334.0,334.0,0.0,334.0,0.0,1200.0,83095.26401980534,138597.2620986671,2025-06-01,31f9cb83c4aae83d
new_deterministic,3,42,mlp,deterministic,0.0,"[6, 12, 18]",True,False,False,19384212.947043777,19959480.47899568,168559.66313869678,24540.0,6493765.673392022,5844666.606726159,1539751.5805018472,11603606.349584563,805834.542874835,4551.552803237017,843855.9128998104,13257848.358162444,0.0,66.26386450894643,1336.0,0.0,0.0,0.0,1336.0,1215.1112354245256,63898.891390192555,86054.49544994779,2025-07-06,53a8d4b1b0b9b0b6
periodic,3,42,periodic,deterministic,0.0,"[6, 12, 18]",True,False,False,19741966.897290856,20266169.520210467,155997.49948998622,21500.0,6480750.78251999,5832918.007477991,1835144.749691789,11853505.864288975,707477.488285633,13686.275496942408,770486.8644580438,13345156.492529593,0.0,59.42498088045977,1336.0,0.0,0.0,0.0,1336.0,1252.2126194292532,64954.42141266726,81679.2376298513,2025-07-06,16e3a9445cdce170
legacy_rebased,3,42,legacy,deterministic,0.0,"[6, 12, 18]",True,False,False,19237219.894390725,19881620.784709133,205236.06619504892,28160.0,6461219.047455555,5815388.97916,1501837.2876419593,11527045.325936005,905852.2822998695,4374.424405923883,1008873.1839843731,13446145.216626171,0.0,63.96824742492754,1336.0,0.0,0.0,0.0,1336.0,1200.0,66415.13056838785,84756.81154208397,2025-07-06,b8abf874bdcaf18b
yesterday,3,42,yesterday,deterministic,0.0,"[6, 12, 18]",True,False,False,19388507.894925617,20378323.65149244,1140285.2467881003,54180.0,5909880.642749008,5319184.414924106,2988723.175488973,11686243.124246217,1531224.1256899415,12822.810776142413,5372031.49701332,18602321.557725623,0.0,59.47509604902007,1336.0,0.0,0.0,0.0,1336.0,1200.0,155708.81554231522,186641.5376919284,2025-12-14,416b5b67676417b3
weekly,3,42,weekly,deterministic,0.0,"[6, 12, 18]",True,False,False,19741966.897290856,20266169.520210467,155997.49948998622,21500.0,6480750.78251999,5832918.007477991,1835144.749691789,11853505.864288975,707477.488285633,13686.275496942408,770486.8644580438,13345156.492529593,0.0,59.24647588317748,1336.0,0.0,0.0,0.0,1336.0,1252.2126194292532,64954.42141266726,81679.2376298513,2025-07-06,0135ad9caa613e5f
no_anticipation,3,42,mlp,risk,0.0,"[6, 12, 18]",False,False,False,19477095.48745264,19776442.59567619,308841.4444533086,33310.0,6352693.550669803,5717716.032052823,1511117.0265458561,11696830.524859618,580377.353602299,1994.4155895993333,1673491.0785799443,13952693.37263146,0.0,3360.6491974425735,1336.0,1333.0,0.0,1336.0,0.0,1200.0,69427.80027902266,109872.04850917659,2025-07-06,5a6828376dabc98b
updates_0,3,42,mlp,risk,0.0,[],True,False,False,19482226.942110196,19482226.942110196,595919.7701444658,35360.0,6350138.215494874,5715416.230395386,1504235.232188507,11698974.098066738,0.0,0.0,3578987.1713606548,15277961.269427393,0.0,948.2281731207622,334.0,334.0,0.0,334.0,0.0,1200.0,82397.79037600338,148548.1857025165,2025-07-06,6edfa9deb4ec3b39
primary,4-2,42,mlp,risk,0.0,[],True,False,False,19573922.336412143,19573922.336412143,579538.519334533,34410.0,7050499.228816824,6345629.918866808,1509402.050829993,12432922.19044825,0.0,0.0,3468475.010664167,15901397.20111242,0.0,927.9434407065855,334.0,334.0,0.0,334.0,0.0,1200.0,93158.98810154505,161116.90876955137,2025-07-06,9b2de8e15a33b1f3
risk_zero,4-2,42,mlp,risk,0.0,[],True,False,False,19573922.336412143,19573922.336412143,579538.519334533,34410.0,7050499.228816824,6345629.918866808,1509402.050829993,12432922.19044825,0.0,0.0,3468475.010664167,15901397.20111242,0.0,927.9434407065855,334.0,334.0,0.0,334.0,0.0,1200.0,93158.98810154505,161116.90876955137,2025-07-06,9b2de8e15a33b1f3
primary,4-2,2026,mlp,risk,0.0,[],True,False,False,19535866.889595143,19535866.889595143,595813.3317985246,34420.0,6992830.767051341,6293728.303277873,1493388.2626535327,12417757.338561442,0.0,0.0,3584528.263508677,16002285.60207012,0.0,941.3173938643886,334.0,334.0,0.0,334.0,0.0,1200.0,94378.57503302804,158216.63163592404,2025-07-06,ccd9bb3c90d0467c
primary,4-2,3407,mlp,risk,0.0,[],True,False,False,19525998.81946609,19525998.81946609,596076.2335893125,35090.0,7008502.220456,6307832.611342067,1482215.9489748077,12401291.456647769,0.0,0.0,3594641.450380124,15995932.907027893,0.0,945.6796588335419,334.0,334.0,0.0,334.0,0.0,1200.0,93845.57375660316,155657.99366419978,2025-07-06,8f9151cfa5f3f9f4
new_deterministic,4-2,42,mlp,deterministic,0.0,[],True,False,False,19509088.641825043,19509088.641825043,625692.5069108447,36460.0,7084833.425403871,6376530.6957951505,1487288.924160502,12359899.641235406,0.0,0.0,3754910.0153543167,16114809.656589722,0.0,30.50314503617119,334.0,0.0,0.0,0.0,334.0,1200.0,94639.48640768917,161968.10521526512,2025-07-06,6ee262ce064de531
legacy_rebased,4-2,42,legacy,deterministic,0.0,[],True,False,False,19387571.973833915,19387571.973833915,727997.2775658141,40970.0,6900993.487679324,6211074.751843058,1486461.0205967957,12272617.819185281,0.0,0.0,4341103.785298122,16613721.604483403,0.0,32.353186041815206,334.0,0.0,0.0,0.0,334.0,1200.0,102959.27394869321,165888.6008962643,2025-07-03,1344bf94b6ba9ed3
periodic,4-2,42,periodic,deterministic,0.0,[],True,False,False,19721148.51481773,19721148.51481773,546224.9727677967,29930.0,7610753.947477711,6849859.165661605,1567289.2108027567,12534992.67731664,0.0,0.0,3300813.2705853344,15835805.947901975,0.0,31.61380632792134,334.0,0.0,0.0,0.0,334.0,1200.0,95478.62755307718,178087.76012606782,2025-07-06,a0953d3b4a0ce63a
yesterday,4-2,42,yesterday,deterministic,0.0,[],True,False,False,19355241.95712608,19355241.95712608,1992046.89163815,57080.0,6906182.481896736,6215744.846638729,2717661.718539562,12072879.040910603,0.0,0.0,11048721.919633314,23121600.960543916,0.0,31.160771199967712,334.0,0.0,0.0,0.0,334.0,1200.0,224681.95815403276,294890.30343279056,2025-12-21,e9a067aa915e0309
weekly,4-2,42,weekly,deterministic,0.0,[],True,False,False,19679584.845710415,19679584.845710415,653238.4215433075,32640.0,7516150.961535719,6764716.478313814,1642199.289065152,12496826.477413064,0.0,0.0,3969776.051876362,16466602.529289424,0.0,30.673319252673537,334.0,0.0,0.0,0.0,334.0,1200.0,101200.42410994318,154225.2045294066,2025-06-01,83c0a90944fc825e
known_price,4-2,42,mlp,risk,0.0,[],True,False,True,19633689.727266714,19633689.727266714,606180.3382350602,35980.0,7646083.565963861,6881637.736108978,1536234.740680226,12248889.36739331,0.0,0.0,3602657.3855089396,15851546.752902249,0.0,940.1790760818403,334.0,334.0,0.0,334.0,0.0,1219.0645183710412,93015.93762122779,158492.6923087156,2025-07-06,ca31e70b2467d608
updates_0_6,3,42,mlp,risk,0.0,[6],True,False,False,19415592.05938735,19519832.64104253,549068.6655522876,35620.0,6334494.898864284,5701334.159181544,1496551.0719454098,11656540.806818552,192326.4915498468,4456.732382477176,3267599.4660531315,15120923.49680401,0.0,1776.8335290437099,668.0,668.0,0.0,668.0,0.0,1203.2531892556894,80642.37305177898,131334.76860115211,2025-07-06,1acfaf536d6e5435
updates_0_6_12,3,42,mlp,risk,0.0,"[6, 12]",True,False,False,19410969.58055728,19549566.276201196,505799.6444663361,36320.0,6335147.146136323,5701924.26797269,1482953.5475372283,11665849.657218339,257254.5853903429,3247.6700714018098,2968685.9464887036,14895037.859168788,0.0,2584.5839430408087,1002.0,1002.0,0.0,1002.0,0.0,1200.0,77958.8550118351,130747.22498826613,2025-07-06,2d529c50020ba6b5
new_deterministic,4-3,42,mlp,deterministic,0.0,"[6, 12, 18]",True,False,False,19471069.4457532,20038152.32951769,176842.05830354604,22370.0,7274380.205501398,6547248.361792925,1548673.0491460934,12291924.666333452,832836.8824688654,5912.087230427626,895777.1919820235,14026450.828014769,0.0,86.27099480235483,1336.0,0.0,0.0,0.0,1336.0,1200.0,74420.3692160734,104052.15268846642,2025-07-06,c96d3b1a9acba030
legacy_rebased,4-3,42,legacy,deterministic,0.0,"[6, 12, 18]",True,False,False,19332314.023827124,19943076.236257993,225579.3691622996,25970.0,7111557.220749199,6400707.675515947,1518616.5652203718,12205250.125084165,898485.833467468,5926.777155137324,1139531.8696318634,14249194.605338637,0.0,85.90824062109459,1336.0,0.0,0.0,0.0,1336.0,1200.0,77647.30344501443,101552.88009645826,2025-07-06,5478a3917c4f7159
periodic,4-3,42,periodic,deterministic,0.0,"[6, 12, 18]",True,False,False,19883673.059401,20397477.113118913,163610.48912250483,17820.0,7755312.868514536,6980087.758504748,1846672.997264965,12597038.769748766,731210.9565172624,16479.050749023616,826134.0773532744,14170862.854368327,0.0,78.93086333130486,1336.0,0.0,0.0,0.0,1336.0,1200.0,76139.25488275787,98423.29054643279,2025-07-06,dce87df46036f66f
yesterday,4-3,42,yesterday,deterministic,0.0,"[6, 12, 18]",True,False,False,19514965.756681696,20506700.36538542,1132274.582680847,44350.0,7111408.9400697425,6400574.222904434,2988950.735934294,12132918.444457876,1602320.4630244854,14806.968993841625,5697614.601221258,19447660.47769746,0.0,79.37247603444848,1336.0,0.0,0.0,0.0,1336.0,1200.0,168619.98701736383,222594.53569590807,2025-12-14,46272df7597f09b3
weekly,4-3,42,weekly,deterministic,0.0,"[6, 12, 18]",True,False,False,19883673.059401,20397477.113118913,163610.48912250483,17820.0,7755312.868514536,6980087.758504748,1846672.997264965,12597038.769748766,731210.9565172624,16479.050749023616,826134.0773532744,14170862.854368327,0.0,78.71053233428393,1336.0,0.0,0.0,0.0,1336.0,1200.0,76139.25488275787,98423.29054643279,2025-07-06,540e19939f24aeae
primary,3,2026,mlp,risk,0.0,"[6, 12, 18]",True,False,False,19447454.18432691,19729988.389890477,333372.48997697176,38170.0,6346808.227244349,5712419.240969915,1489782.3986263457,11700359.903286124,538587.6742867739,1073.7249297323533,1772858.422890112,14012879.725392744,0.0,3345.7313452486414,1336.0,1335.0,0.0,1336.0,0.0,1200.0,69198.95109717114,106463.7718575101,2025-07-06,7e31a46ae0df9f6d
primary,3,3407,mlp,risk,0.0,"[6, 12, 18]",True,False,False,19356461.01612015,19666696.752901956,344396.0536167985,39350.0,6327250.476093165,5694817.264933848,1439470.1003927724,11647744.68362566,592653.6327131909,1216.6939055712576,1843868.1677306278,14085483.17797505,0.0,3348.517455877736,1336.0,1335.0,0.0,1336.0,0.0,1200.0,69225.44887977635,104919.67268596248,2025-07-06,a61a1d24c26e30a1
raw_forecast,3,42,mlp,risk,0.0,"[6, 12, 18]",True,True,False,19668815.322437346,19956786.37775614,298827.03458657593,35410.0,6314934.709169567,5683733.074702609,1685222.2829090953,11861283.276564013,551145.9479466835,769.1581525144647,1578714.2389882156,13991912.621651428,0.0,3350.3259464928415,1336.0,1334.0,0.0,1336.0,0.0,1200.0,68272.83036718662,109479.5262633381,2025-07-06,9aa9f849181d3430
primary,3,42,mlp,risk,0.0,"[6, 12, 18]",True,False,False,19422206.04017596,19722263.38135165,329778.1349384204,38150.0,6329181.639486106,5696555.311987494,1480225.6938247918,11689414.734288473,572139.8932243899,1101.8064224510772,1742406.3419404435,14005062.775875758,0.0,3355.8206974655623,1336.0,1336.0,0.0,1336.0,0.0,1200.0,69501.19787399146,110828.22604086946,2025-07-06,3c81861a0e254915
risk_zero,3,42,mlp,risk,0.0,"[6, 12, 18]",True,False,False,19422206.04017596,19722263.38135165,329778.1349384204,38150.0,6329181.639486106,5696555.311987494,1480225.6938247918,11689414.734288473,572139.8932243899,1101.8064224510772,1742406.3419404435,14005062.775875758,0.0,3355.8206974655623,1336.0,1336.0,0.0,1336.0,0.0,1200.0,69501.19787399146,110828.22604086946,2025-07-06,3c81861a0e254915
primary,4-3,2026,mlp,risk,0.0,"[6, 12, 18]",True,False,False,19523097.87749981,19809720.375487246,327072.8232481195,33120.0,7030946.838033216,6328158.331071562,1494815.1968070422,12392258.188150072,555832.7352295851,964.5883029379036,1783638.868766313,14732694.380448911,0.0,3355.828125376953,1336.0,1334.0,0.0,1336.0,0.0,1200.0,79845.28277248295,124776.03990888892,2025-07-06,64a5879e1400da2f
primary,4-3,42,mlp,risk,0.0,"[6, 12, 18]",True,False,False,19499877.068847686,19797632.484700866,329083.1511440838,33540.0,7051688.563505234,6346825.883996377,1482663.461369427,12374774.038644567,582179.8409206001,905.3522344189321,1777065.893125631,14734925.124925215,0.0,3356.185959791299,1336.0,1335.0,0.0,1336.0,0.0,1200.0,80214.86419805605,126344.46669884543,2025-07-06,6b53bb95cd240737
risk_zero,4-3,42,mlp,risk,0.0,"[6, 12, 18]",True,False,False,19499877.068847686,19797632.484700866,329083.1511440838,33540.0,7051688.563505234,6346825.883996377,1482663.461369427,12374774.038644567,582179.8409206001,905.3522344189321,1777065.893125631,14734925.124925215,0.0,3356.185959791299,1336.0,1335.0,0.0,1336.0,0.0,1200.0,80214.86419805605,126344.46669884543,2025-07-06,6b53bb95cd240737
updates_0,4-3,42,mlp,risk,0.0,[],True,False,False,19567460.064316932,19567460.064316932,589345.1852868241,31830.0,7074734.8521034345,6367567.543734757,1510448.4462684097,12389772.316171285,0.0,0.0,3632133.0216991473,16021905.33787043,0.0,952.9762672033394,334.0,334.0,0.0,334.0,0.0,1200.0,93280.1259131514,175268.22646763737,2025-07-06,8cb65acf4096b4b3
primary,4-3,3407,mlp,risk,0.0,"[6, 12, 18]",True,False,False,19428617.8189987,19742538.176068466,340073.351422983,35210.0,7019186.587817708,6317574.105877604,1441809.5505846809,12333767.45299782,615765.8151441739,1373.909792205488,1848875.0941499942,14799782.272084195,0.0,3340.465535456082,1336.0,1336.0,0.0,1336.0,0.0,1200.0,79669.46243724613,121148.50223223824,2025-07-06,a1a575ec5994fe84
updates_0_6,4-3,42,mlp,risk,0.0,[6],True,False,False,19495200.56689525,19597045.750170577,545946.8554992243,32010.0,7061702.047692861,6355831.696043787,1497932.7590540617,12339332.570246639,199736.90801161723,5331.954667730879,3324413.6690809214,15868815.102006909,0.0,1771.7463084963383,668.0,668.0,0.0,668.0,0.0,1206.6657876952825,91578.63086191306,154215.3998182349,2025-07-06,3fdd33b892ac64b9
no_anticipation,4-3,42,mlp,risk,0.0,"[6, 12, 18]",False,False,False,19562638.98504617,19859472.73628191,305182.18820033176,29930.0,7081546.6585201165,6373698.16950977,1517616.940505227,12387986.324985653,592504.0224400195,2179.4810426179247,1692133.2075171818,14674803.035985472,0.0,3303.280818958534,1336.0,1332.0,0.0,1336.0,0.0,1200.0,80107.68896986141,127452.27116380542,2025-07-06,bc7351163ac6c6ef
updates_0_6_12,4-3,42,mlp,risk,0.0,"[6, 12]",True,False,False,19461853.896351233,19609659.830678266,515719.41855148756,33000.0,7051429.288864971,6346592.536820142,1481353.0022182567,12324549.148548543,283786.0620665611,2548.9642633443073,3095124.5900912383,15706008.764969684,0.0,2532.9643384307856,1002.0,1002.0,0.0,1002.0,0.0,1200.0,88990.18752964356,150666.4897659274,2025-07-06,cb3e5470c6bd5706
raw_forecast,4-3,42,mlp,risk,0.0,"[6, 12, 18]",True,True,False,19753192.78382393,20038015.45793861,299312.3201990515,31450.0,7047581.225841368,6343129.280098897,1693686.337428524,12554758.617659112,571494.763736632,739.5354729878161,1610752.5879212173,14737745.504789948,0.0,3227.195124080754,1336.0,1334.0,0.0,1336.0,0.0,1200.0,79546.2070573311,132749.1537054779,2025-07-06,ac7d0f0e72d7f3bb
known_price,4-3,42,mlp,risk,0.0,"[6, 12, 18]",True,False,True,19564092.7775592,19868286.733068958,343696.24747747293,34830.0,7645053.853059266,6880854.644595006,1508594.2771155057,12193202.406998709,596384.0870755404,940.458459080646,1831922.0464029391,14622448.99893627,0.0,3236.5019171279855,1336.0,1334.0,0.0,1336.0,1.0,1200.0,79652.34544298654,126074.64259386697,2025-07-06,c4d32083edeb15ab
