window,beta,success,nodes,overlap_nodes,max_overlap_kwh,expected_overlap_kwh,current_overlap_kwh,expected_throughput_kwh,wall_seconds
2025-02-10-000,0.0,True,324,0,0.0,-3.0274471341663514e-13,0.0,41401.58568461373,0.08801945904269814
2025-02-10-000,0.001,True,324,0,0.0,-1.5546350148421804e-13,0.0,41403.23432363248,0.08498241601046175
2025-02-10-000,0.01,True,324,0,0.0,0.0,0.0,41401.58568461373,0.07850270892959088
2025-02-10-000,0.1,True,324,0,0.0,-3.0274471341663504e-13,0.0,41366.18722450452,0.07659895799588412
2025-02-10-000,1.0,True,324,0,0.0,0.0,0.0,40810.53687368405,0.06535941699985415
2025-03-03-000,0.0,True,360,0,0.0,0.0,0.0,41299.47579017627,0.10888650000561029
2025-03-03-000,0.001,True,360,0,0.0,0.0,0.0,41298.434497532675,0.10486604191828519
2025-03-03-000,0.01,True,360,0,0.0,0.0,0.0,41299.47579017627,0.0954915420152247
2025-03-03-000,0.1,True,360,0,0.0,0.0,0.0,41278.823662761795,0.09074787504505366
2025-03-03-000,1.0,True,360,0,0.0,0.0,0.0,40707.007562283165,0.07671116595156491
2025-03-13-000,0.0,True,468,0,0.0,-2.7454241153561285e-15,0.0,39084.07036573333,0.16189495800063014
2025-03-13-000,0.001,True,468,0,0.0,0.0,0.0,39091.3250410529,0.1544109999667853
2025-03-13-000,0.01,True,468,0,0.0,0.0,0.0,39084.82769498433,0.14429558406118304
2025-03-13-000,0.1,True,468,0,0.0,0.0,0.0,39024.47798916069,0.13580237503629178
2025-03-13-000,1.0,True,468,0,0.0,0.0,0.0,38800.85606524949,0.10662104201037437
2025-02-06-111,0.0,True,34,0,0.0,0.0,0.0,8836.703874252153,0.005006665945984423
2025-02-06-111,0.001,True,34,0,0.0,0.0,0.0,8836.703874252153,0.004461082979105413
2025-02-06-111,0.01,True,34,0,0.0,0.0,0.0,8836.703874252153,0.004097166005522013
2025-02-06-111,0.1,True,34,0,0.0,0.0,0.0,8836.703874252153,0.0039517919067293406
2025-02-06-111,1.0,True,34,0,0.0,0.0,0.0,8836.703874252153,0.0047199169639497995
2025-02-23-120,0.0,True,25,0,0.0,0.0,0.0,3157.863573529653,0.0038392500719055533
2025-02-23-120,0.001,True,25,0,0.0,0.0,0.0,3157.863573529653,0.003506917040795088
2025-02-23-120,0.01,True,25,0,0.0,0.0,0.0,3157.863573529653,0.003346499986946583
2025-02-23-120,0.1,True,25,0,0.0,0.0,0.0,3157.863573529653,0.0035100419772788882
2025-02-23-120,1.0,True,25,0,0.0,0.0,0.0,3146.113885779573,0.0031233340268954635
2025-02-25-083,0.0,True,98,0,0.0,0.0,0.0,10122.97340745843,0.010718834004364908
2025-02-25-083,0.001,True,98,0,0.0,0.0,0.0,10122.97340745843,0.009470875025726855
2025-02-25-083,0.01,True,98,0,0.0,0.0,0.0,10122.97340745843,0.009941915981471539
2025-02-25-083,0.1,True,98,0,0.0,0.0,0.0,10122.97340745843,0.008957625017501414
2025-02-25-083,1.0,True,98,0,0.0,0.0,0.0,10078.75195131089,0.008164333994500339
2025-02-12-001,0.0,True,396,0,0.0,-2.2220609191043134e-13,0.0,40321.69413918987,0.05659804097376764
2025-02-12-001,0.001,True,396,0,0.0,-2.2220609191043134e-13,0.0,40321.69413918987,0.050373625010252
2025-02-12-001,0.01,True,396,0,0.0,-2.2220609191043134e-13,0.0,40321.69413918987,0.04341933398973197
2025-02-12-001,0.1,True,396,0,0.0,-2.2220609191043134e-13,0.0,40321.69413918987,0.03799791703931987
2025-02-12-001,1.0,True,396,0,0.0,-2.2220609191043134e-13,0.0,40256.297042959864,0.03805029089562595
2025-03-26-037,0.0,True,252,0,0.0,0.0,0.0,27867.311151532238,0.031180541962385178
2025-03-26-037,0.001,True,252,0,0.0,0.0,0.0,27867.311151532238,0.028377125039696693
2025-03-26-037,0.01,True,252,0,0.0,0.0,0.0,27867.311151532238,0.028678542003035545
2025-03-26-037,0.1,True,252,0,0.0,0.0,0.0,27866.6434386387,0.02486445801332593
2025-03-26-037,1.0,True,252,0,0.0,0.0,0.0,27527.30908409124,0.023480249918065965
2025-02-24-029,0.0,True,368,0,0.0,-1.7763568394002505e-14,0.0,30379.75807331063,0.06596924993209541
2025-02-24-029,0.001,True,368,0,0.0,-1.7763568394002505e-14,0.0,30379.75807331063,0.05557108297944069
2025-02-24-029,0.01,True,368,0,0.0,-6.513308411134251e-14,0.0,30379.758073310637,0.05700466700363904
2025-02-24-029,0.1,True,368,0,0.0,-1.7763568394002505e-14,0.0,30368.296000428618,0.047140416922047734
2025-02-24-029,1.0,True,368,0,0.0,-1.7763568394002505e-14,0.0,30152.370121785105,0.04400858306325972
2025-02-24-024,0.0,True,445,0,0.0,-1.7763568394002505e-14,0.0,31266.00535580289,0.07756004098337144
2025-02-24-024,0.001,True,445,0,0.0,-1.7763568394002505e-14,0.0,31266.005355802892,0.06743041600566357
2025-02-24-024,0.01,True,445,0,0.0,-1.7763568394002505e-14,0.0,31266.005355802896,0.0677015830297023
2025-02-24-024,0.1,True,445,0,0.0,-1.7763568394002505e-14,0.0,31240.297087584928,0.055211624945513904
2025-02-24-024,1.0,True,445,0,0.0,-1.7763568394002505e-14,0.0,31025.80449954778,0.0534525829134509
2025-03-03-039,0.0,True,250,0,0.0,0.0,0.0,30253.463426650404,0.028435916057787836
2025-03-03-039,0.001,True,250,0,0.0,0.0,0.0,30253.46341879334,0.02788037504069507
2025-03-03-039,0.01,True,250,0,0.0,0.0,0.0,30253.463418793348,0.028026291984133422
2025-03-03-039,0.1,True,250,0,0.0,0.0,0.0,30215.89250246399,0.025172249996103346
2025-03-03-039,1.0,True,250,0,0.0,0.0,0.0,30043.02080629013,0.02394525008276105
2025-03-12-026,0.0,True,479,0,0.0,0.0,0.0,29259.241376668237,0.0817404999397695
2025-03-12-026,0.001,True,479,0,0.0,0.0,0.0,29259.148468192558,0.0761764170601964
2025-03-12-026,0.01,True,479,0,0.0,0.0,0.0,29259.241376668237,0.07681249990127981
2025-03-12-026,0.1,True,479,0,0.0,0.0,0.0,29244.670572446164,0.06199354201089591
2025-03-12-026,1.0,True,479,0,0.0,0.0,0.0,29196.53904023496,0.05867445794865489
2025-03-01-002,0.0,True,431,0,0.0,0.0,0.0,29873.775198918644,0.0717415000544861
2025-03-01-002,0.001,True,431,0,0.0,0.0,0.0,29873.775198918644,0.063899458036758
2025-03-01-002,0.01,True,431,0,0.0,0.0,0.0,29873.775198918753,0.0540427080122754
2025-03-01-002,0.1,True,431,0,0.0,0.0,0.0,29873.77519891876,0.047501749941147864
2025-03-01-002,1.0,True,431,0,0.0,0.0,0.0,29603.736172208766,0.042539000045508146
2025-03-08-034,0.0,True,471,0,0.0,-1.0713907356085024e-13,0.0,22962.097138466845,0.0742652079788968
2025-03-08-034,0.001,True,471,0,0.0,0.0,0.0,22962.097138466845,0.07469483301974833
2025-03-08-034,0.01,True,471,0,0.0,0.0,0.0,22962.097138466845,0.06261666701175272
2025-03-08-034,0.1,True,471,0,0.0,0.0,0.0,22961.46747797533,0.05230495799332857
2025-03-08-034,1.0,True,471,0,0.0,0.0,0.0,22820.137268955197,0.048986083013005555
2025-03-21-021,0.0,True,412,0,0.0,0.0,0.0,22938.757216096987,0.06631441693753004
2025-03-21-021,0.001,True,412,0,0.0,0.0,0.0,22938.75721609699,0.05704237497411668
2025-03-21-021,0.01,True,412,0,0.0,0.0,0.0,22938.757216096994,0.054924209020100534
2025-03-21-021,0.1,True,412,0,0.0,0.0,0.0,22910.861732340483,0.04809341696090996
2025-03-21-021,1.0,True,412,0,0.0,0.0,0.0,22792.320607611793,0.04046999989077449
2025-03-22-009,0.0,True,460,0,0.0,0.0,0.0,24615.076441529498,0.06507737503852695
2025-03-22-009,0.001,True,460,0,0.0,0.0,0.0,24615.076441529498,0.05811983300372958
2025-03-22-009,0.01,True,460,0,0.0,0.0,0.0,24615.076441529494,0.0524024999467656
2025-03-22-009,0.1,True,460,0,0.0,0.0,0.0,24615.076441529498,0.048027000040747225
2025-03-22-009,1.0,True,460,0,0.0,0.0,0.0,24554.280826631988,0.04624549997970462
2025-03-22-022,0.0,True,411,0,0.0,0.0,0.0,22523.896818049558,0.05508900003042072
2025-03-22-022,0.001,True,411,0,0.0,0.0,0.0,22523.89681804956,0.05119120795279741
2025-03-22-022,0.01,True,411,0,0.0,0.0,0.0,22523.896818049558,0.04601333406753838
2025-03-22-022,0.1,True,411,0,0.0,0.0,0.0,22513.972665256988,0.04186774999834597
2025-03-22-022,1.0,True,411,0,0.0,0.0,0.0,22436.41020336332,0.04181429208256304
2025-03-22-017,0.0,True,416,1,168.6814665103418,63.25554994137818,0.0,23114.272655315737,0.05187812494114041
2025-03-22-017,0.001,True,416,0,0.0,0.0,0.0,22978.267248644162,0.052532624918967485
2025-03-22-017,0.01,True,416,0,0.0,0.0,0.0,22978.26724864416,0.050971042015589774
2025-03-22-017,0.1,True,416,0,0.0,0.0,0.0,22968.343095851586,0.04241183307021856
2025-03-22-017,1.0,True,416,0,0.0,0.0,0.0,22888.785741115447,0.040283250040374696
original-lp-overlap,0.0,True,63,1,566.5937811694077,566.5937811694072,0.0,11620.078652724496,0.007308125030249357
original-lp-overlap,0.001,True,63,0,0.0,-6.442254137558241e-13,0.0,10423.936225811303,0.0069549999898299575
original-lp-overlap,0.01,True,63,0,0.0,-6.442254137558241e-13,0.0,10423.936225811312,0.006152665941044688
original-lp-overlap,0.1,True,63,0,0.0,0.0,0.0,10423.936225811303,0.006454625050537288
original-lp-overlap,1.0,True,63,0,0.0,0.0,0.0,10423.936194456619,0.005715375067666173
strict-control-timeout,0.0,True,460,0,0.0,-1.4684549872375402e-13,0.0,36429.662627515165,0.06910254096146673
strict-control-timeout,0.001,True,460,0,0.0,-9.947598300641403e-14,0.0,36429.87217331048,0.05807475000619888
strict-control-timeout,0.01,True,460,0,0.0,-2.5105843330190203e-13,0.0,36411.06501729472,0.052216958021745086
strict-control-timeout,0.1,True,460,0,0.0,0.0,0.0,34572.33832734397,0.04499616695102304
strict-control-timeout,1.0,True,460,0,0.0,0.0,0.0,33097.98636305738,0.03851862496230751
