policy_id,label,date,slot,hour_end,timestamp_end,charge_power_kw,discharge_power_kw,net_power_kw
exp007/cost_only_42,exp007 仅费用·42,2025-04-15,0,0.166666666666667,2025-04-15 00:10:00,0,0,0
exp007/cost_only_42,exp007 仅费用·42,2025-04-15,1,0.333333333333333,2025-04-15 00:20:00,0,0,0
exp007/cost_only_42,exp007 仅费用·42,2025-04-15,2,0.5,2025-04-15 00:30:00,0,0,0
exp007/cost_only_42,exp007 仅费用·42,2025-04-15,3,0.666666666666667,2025-04-15 00:40:00,0,0,0
exp007/cost_only_42,exp007 仅费用·42,2025-04-15,4,0.833333333333333,2025-04-15 00:50:00,0,0,0
exp007/cost_only_42,exp007 仅费用·42,2025-04-15,5,1,2025-04-15 01:00:00,0,0,0
exp007/cost_only_42,exp007 仅费用·42,2025-04-15,6,1.16666666666667,2025-04-15 01:10:00,0,0,0
exp007/cost_only_42,exp007 仅费用·42,2025-04-15,7,1.33333333333333,2025-04-15 01:20:00,0,0,0
exp007/cost_only_42,exp007 仅费用·42,2025-04-15,8,1.5,2025-04-15 01:30:00,0,0,0
exp007/cost_only_42,exp007 仅费用·42,2025-04-15,9,1.66666666666667,2025-04-15 01:40:00,0,0,0
exp007/cost_only_42,exp007 仅费用·42,2025-04-15,10,1.83333333333333,2025-04-15 01:50:00,0,0,0
exp007/cost_only_42,exp007 仅费用·42,2025-04-15,11,2,2025-04-15 02:00:00,0,0,0
exp007/cost_only_42,exp007 仅费用·42,2025-04-15,12,2.16666666666667,2025-04-15 02:10:00,0,0,0
exp007/cost_only_42,exp007 仅费用·42,2025-04-15,13,2.33333333333333,2025-04-15 02:20:00,0,0,0
exp007/cost_only_42,exp007 仅费用·42,2025-04-15,14,2.5,2025-04-15 02:30:00,0,0,0
exp007/cost_only_42,exp007 仅费用·42,2025-04-15,15,2.66666666666667,2025-04-15 02:40:00,0,0,0
exp007/cost_only_42,exp007 仅费用·42,2025-04-15,16,2.83333333333333,2025-04-15 02:50:00,0,0,0
exp007/cost_only_42,exp007 仅费用·42,2025-04-15,17,3,2025-04-15 03:00:00,0,0,0
exp007/cost_only_42,exp007 仅费用·42,2025-04-15,18,3.16666666666667,2025-04-15 03:10:00,0,0,0
exp007/cost_only_42,exp007 仅费用·42,2025-04-15,19,3.33333333333333,2025-04-15 03:20:00,0,0,0
exp007/cost_only_42,exp007 仅费用·42,2025-04-15,20,3.5,2025-04-15 03:30:00,0,0,0
exp007/cost_only_42,exp007 仅费用·42,2025-04-15,21,3.66666666666667,2025-04-15 03:40:00,0,0,0
exp007/cost_only_42,exp007 仅费用·42,2025-04-15,22,3.83333333333333,2025-04-15 03:50:00,0,0,0
exp007/cost_only_42,exp007 仅费用·42,2025-04-15,23,4,2025-04-15 04:00:00,0,0,0
exp007/cost_only_42,exp007 仅费用·42,2025-04-15,24,4.16666666666667,2025-04-15 04:10:00,0,0,0
exp007/cost_only_42,exp007 仅费用·42,2025-04-15,25,4.33333333333333,2025-04-15 04:20:00,0,0,0
exp007/cost_only_42,exp007 仅费用·42,2025-04-15,26,4.5,2025-04-15 04:30:00,0,0,0
exp007/cost_only_42,exp007 仅费用·42,2025-04-15,27,4.66666666666667,2025-04-15 04:40:00,0,0,0
exp007/cost_only_42,exp007 仅费用·42,2025-04-15,28,4.83333333333333,2025-04-15 04:50:00,0,0,0
exp007/cost_only_42,exp007 仅费用·42,2025-04-15,29,5,2025-04-15 05:00:00,0,0,0
exp007/cost_only_42,exp007 仅费用·42,2025-04-15,30,5.16666666666667,2025-04-15 05:10:00,0,0,0
exp007/cost_only_42,exp007 仅费用·42,2025-04-15,31,5.33333333333333,2025-04-15 05:20:00,0,0,0
exp007/cost_only_42,exp007 仅费用·42,2025-04-15,32,5.5,2025-04-15 05:30:00,0,0,0
exp007/cost_only_42,exp007 仅费用·42,2025-04-15,33,5.66666666666667,2025-04-15 05:40:00,0,0,0
exp007/cost_only_42,exp007 仅费用·42,2025-04-15,34,5.83333333333333,2025-04-15 05:50:00,0,0,0
exp007/cost_only_42,exp007 仅费用·42,2025-04-15,35,6,2025-04-15 06:00:00,0,0,0
exp007/cost_only_42,exp007 仅费用·42,2025-04-15,36,6.16666666666667,2025-04-15 06:10:00,0,0,0
exp007/cost_only_42,exp007 仅费用·42,2025-04-15,37,6.33333333333333,2025-04-15 06:20:00,0,0,0
exp007/cost_only_42,exp007 仅费用·42,2025-04-15,38,6.5,2025-04-15 06:30:00,0,0,0
exp007/cost_only_42,exp007 仅费用·42,2025-04-15,39,6.66666666666667,2025-04-15 06:40:00,0,0,0
exp007/cost_only_42,exp007 仅费用·42,2025-04-15,40,6.83333333333333,2025-04-15 06:50:00,0,0,0
exp007/cost_only_42,exp007 仅费用·42,2025-04-15,41,7,2025-04-15 07:00:00,0,0,0
exp007/cost_only_42,exp007 仅费用·42,2025-04-15,42,7.16666666666667,2025-04-15 07:10:00,0,0,0
exp007/cost_only_42,exp007 仅费用·42,2025-04-15,43,7.33333333333333,2025-04-15 07:20:00,0,0,0
exp007/cost_only_42,exp007 仅费用·42,2025-04-15,44,7.5,2025-04-15 07:30:00,0,1345.67,-1345.67
exp007/cost_only_42,exp007 仅费用·42,2025-04-15,45,7.66666666666667,2025-04-15 07:40:00,0,1106.1412,-1106.1412
exp007/cost_only_42,exp007 仅费用·42,2025-04-15,46,7.83333333333333,2025-04-15 07:50:00,0,1599.3029,-1599.3029
exp007/cost_only_42,exp007 仅费用·42,2025-04-15,47,8,2025-04-15 08:00:00,0,2306.315,-2306.315
exp007/cost_only_42,exp007 仅费用·42,2025-04-15,48,8.16666666666667,2025-04-15 08:10:00,0,1932.6398,-1932.6398
exp007/cost_only_42,exp007 仅费用·42,2025-04-15,49,8.33333333333333,2025-04-15 08:20:00,0,1406.1672,-1406.1672
exp007/cost_only_42,exp007 仅费用·42,2025-04-15,50,8.5,2025-04-15 08:30:00,0,1112.8025,-1112.8025
exp007/cost_only_42,exp007 仅费用·42,2025-04-15,51,8.66666666666667,2025-04-15 08:40:00,0,547.8107,-547.8107
exp007/cost_only_42,exp007 仅费用·42,2025-04-15,52,8.83333333333333,2025-04-15 08:50:00,0,72.5823,-72.5823
exp007/cost_only_42,exp007 仅费用·42,2025-04-15,53,9,2025-04-15 09:00:00,0,0,0
exp007/cost_only_42,exp007 仅费用·42,2025-04-15,54,9.16666666666667,2025-04-15 09:10:00,0,0,0
exp007/cost_only_42,exp007 仅费用·42,2025-04-15,55,9.33333333333333,2025-04-15 09:20:00,0,0,0
exp007/cost_only_42,exp007 仅费用·42,2025-04-15,56,9.5,2025-04-15 09:30:00,0,0,0
exp007/cost_only_42,exp007 仅费用·42,2025-04-15,57,9.66666666666667,2025-04-15 09:40:00,0,0,0
exp007/cost_only_42,exp007 仅费用·42,2025-04-15,58,9.83333333333333,2025-04-15 09:50:00,0,0,0
exp007/cost_only_42,exp007 仅费用·42,2025-04-15,59,10,2025-04-15 10:00:00,0,0,0
exp007/cost_only_42,exp007 仅费用·42,2025-04-15,60,10.1666666666667,2025-04-15 10:10:00,0,0,0
exp007/cost_only_42,exp007 仅费用·42,2025-04-15,61,10.3333333333333,2025-04-15 10:20:00,0,0,0
exp007/cost_only_42,exp007 仅费用·42,2025-04-15,62,10.5,2025-04-15 10:30:00,0,0,0
exp007/cost_only_42,exp007 仅费用·42,2025-04-15,63,10.6666666666667,2025-04-15 10:40:00,0,0,0
exp007/cost_only_42,exp007 仅费用·42,2025-04-15,64,10.8333333333333,2025-04-15 10:50:00,0,0,0
exp007/cost_only_42,exp007 仅费用·42,2025-04-15,65,11,2025-04-15 11:00:00,0,0,0
exp007/cost_only_42,exp007 仅费用·42,2025-04-15,66,11.1666666666667,2025-04-15 11:10:00,0,0,0
exp007/cost_only_42,exp007 仅费用·42,2025-04-15,67,11.3333333333333,2025-04-15 11:20:00,0,0,0
exp007/cost_only_42,exp007 仅费用·42,2025-04-15,68,11.5,2025-04-15 11:30:00,0,0,0
exp007/cost_only_42,exp007 仅费用·42,2025-04-15,69,11.6666666666667,2025-04-15 11:40:00,0,0,0
exp007/cost_only_42,exp007 仅费用·42,2025-04-15,70,11.8333333333333,2025-04-15 11:50:00,0,0,0
exp007/cost_only_42,exp007 仅费用·42,2025-04-15,71,12,2025-04-15 12:00:00,0,0,0
exp007/cost_only_42,exp007 仅费用·42,2025-04-15,72,12.1666666666667,2025-04-15 12:10:00,0,0,0
exp007/cost_only_42,exp007 仅费用·42,2025-04-15,73,12.3333333333333,2025-04-15 12:20:00,0,0,0
exp007/cost_only_42,exp007 仅费用·42,2025-04-15,74,12.5,2025-04-15 12:30:00,0,0,0
exp007/cost_only_42,exp007 仅费用·42,2025-04-15,75,12.6666666666667,2025-04-15 12:40:00,0,0,0
exp007/cost_only_42,exp007 仅费用·42,2025-04-15,76,12.8333333333333,2025-04-15 12:50:00,0,0,0
exp007/cost_only_42,exp007 仅费用·42,2025-04-15,77,13,2025-04-15 13:00:00,0,0,0
exp007/cost_only_42,exp007 仅费用·42,2025-04-15,78,13.1666666666667,2025-04-15 13:10:00,0,0,0
exp007/cost_only_42,exp007 仅费用·42,2025-04-15,79,13.3333333333333,2025-04-15 13:20:00,0,0,0
exp007/cost_only_42,exp007 仅费用·42,2025-04-15,80,13.5,2025-04-15 13:30:00,0,0,0
exp007/cost_only_42,exp007 仅费用·42,2025-04-15,81,13.6666666666667,2025-04-15 13:40:00,0,0,0
exp007/cost_only_42,exp007 仅费用·42,2025-04-15,82,13.8333333333333,2025-04-15 13:50:00,0,0,0
exp007/cost_only_42,exp007 仅费用·42,2025-04-15,83,14,2025-04-15 14:00:00,0,0,0
exp007/cost_only_42,exp007 仅费用·42,2025-04-15,84,14.1666666666667,2025-04-15 14:10:00,0,0,0
exp007/cost_only_42,exp007 仅费用·42,2025-04-15,85,14.3333333333333,2025-04-15 14:20:00,0,0,0
exp007/cost_only_42,exp007 仅费用·42,2025-04-15,86,14.5,2025-04-15 14:30:00,0,0,0
exp007/cost_only_42,exp007 仅费用·42,2025-04-15,87,14.6666666666667,2025-04-15 14:40:00,0,0,0
exp007/cost_only_42,exp007 仅费用·42,2025-04-15,88,14.8333333333333,2025-04-15 14:50:00,0,0,0
exp007/cost_only_42,exp007 仅费用·42,2025-04-15,89,15,2025-04-15 15:00:00,0,0,0
exp007/cost_only_42,exp007 仅费用·42,2025-04-15,90,15.1666666666667,2025-04-15 15:10:00,0,0,0
exp007/cost_only_42,exp007 仅费用·42,2025-04-15,91,15.3333333333333,2025-04-15 15:20:00,0,0,0
exp007/cost_only_42,exp007 仅费用·42,2025-04-15,92,15.5,2025-04-15 15:30:00,0,0,0
exp007/cost_only_42,exp007 仅费用·42,2025-04-15,93,15.6666666666667,2025-04-15 15:40:00,0,0,0
exp007/cost_only_42,exp007 仅费用·42,2025-04-15,94,15.8333333333333,2025-04-15 15:50:00,0,0,0
exp007/cost_only_42,exp007 仅费用·42,2025-04-15,95,16,2025-04-15 16:00:00,0,0,0
exp007/cost_only_42,exp007 仅费用·42,2025-04-15,96,16.1666666666667,2025-04-15 16:10:00,0,0,0
exp007/cost_only_42,exp007 仅费用·42,2025-04-15,97,16.3333333333333,2025-04-15 16:20:00,0,0,0
exp007/cost_only_42,exp007 仅费用·42,2025-04-15,98,16.5,2025-04-15 16:30:00,0,0,0
exp007/cost_only_42,exp007 仅费用·42,2025-04-15,99,16.6666666666667,2025-04-15 16:40:00,0,0,0
exp007/cost_only_42,exp007 仅费用·42,2025-04-15,100,16.8333333333333,2025-04-15 16:50:00,0,0,0
exp007/cost_only_42,exp007 仅费用·42,2025-04-15,101,17,2025-04-15 17:00:00,0,0,0
exp007/cost_only_42,exp007 仅费用·42,2025-04-15,102,17.1666666666667,2025-04-15 17:10:00,0,0,0
exp007/cost_only_42,exp007 仅费用·42,2025-04-15,103,17.3333333333333,2025-04-15 17:20:00,0,0,0
exp007/cost_only_42,exp007 仅费用·42,2025-04-15,104,17.5,2025-04-15 17:30:00,0,0,0
exp007/cost_only_42,exp007 仅费用·42,2025-04-15,105,17.6666666666667,2025-04-15 17:40:00,0,0,0
exp007/cost_only_42,exp007 仅费用·42,2025-04-15,106,17.8333333333333,2025-04-15 17:50:00,0,0,0
exp007/cost_only_42,exp007 仅费用·42,2025-04-15,107,18,2025-04-15 18:00:00,0,0,0
exp007/cost_only_42,exp007 仅费用·42,2025-04-15,108,18.1666666666667,2025-04-15 18:10:00,0,0,0
exp007/cost_only_42,exp007 仅费用·42,2025-04-15,109,18.3333333333333,2025-04-15 18:20:00,0,0,0
exp007/cost_only_42,exp007 仅费用·42,2025-04-15,110,18.5,2025-04-15 18:30:00,0,0,0
exp007/cost_only_42,exp007 仅费用·42,2025-04-15,111,18.6666666666667,2025-04-15 18:40:00,1193.42118196768,0,1193.42118196768
exp007/cost_only_42,exp007 仅费用·42,2025-04-15,112,18.8333333333333,2025-04-15 18:50:00,1239.50234108299,0,1239.50234108299
exp007/cost_only_42,exp007 仅费用·42,2025-04-15,113,19,2025-04-15 19:00:00,1039.14528753602,0,1039.14528753602
exp007/cost_only_42,exp007 仅费用·42,2025-04-15,114,19.1666666666667,2025-04-15 19:10:00,927.708139953792,0,927.708139953792
exp007/cost_only_42,exp007 仅费用·42,2025-04-15,115,19.3333333333333,2025-04-15 19:20:00,869.651712530163,0,869.651712530163
exp007/cost_only_42,exp007 仅费用·42,2025-04-15,116,19.5,2025-04-15 19:30:00,1037.56739901081,0,1037.56739901081
exp007/cost_only_42,exp007 仅费用·42,2025-04-15,117,19.6666666666667,2025-04-15 19:40:00,931.595751897802,0,931.595751897802
exp007/cost_only_42,exp007 仅费用·42,2025-04-15,118,19.8333333333333,2025-04-15 19:50:00,969.436830037446,0,969.436830037446
exp007/cost_only_42,exp007 仅费用·42,2025-04-15,119,20,2025-04-15 20:00:00,1039.38026819316,0,1039.38026819316
exp007/cost_only_42,exp007 仅费用·42,2025-04-15,120,20.1666666666667,2025-04-15 20:10:00,1250,0,1250
exp007/cost_only_42,exp007 仅费用·42,2025-04-15,121,20.3333333333333,2025-04-15 20:20:00,1250,0,1250
exp007/cost_only_42,exp007 仅费用·42,2025-04-15,122,20.5,2025-04-15 20:30:00,951.959532234611,0,951.959532234611
exp007/cost_only_42,exp007 仅费用·42,2025-04-15,123,20.6666666666667,2025-04-15 20:40:00,0,0,0
exp007/cost_only_42,exp007 仅费用·42,2025-04-15,124,20.8333333333333,2025-04-15 20:50:00,0,0,0
exp007/cost_only_42,exp007 仅费用·42,2025-04-15,125,21,2025-04-15 21:00:00,0,0,0
exp007/cost_only_42,exp007 仅费用·42,2025-04-15,126,21.1666666666667,2025-04-15 21:10:00,0,0,0
exp007/cost_only_42,exp007 仅费用·42,2025-04-15,127,21.3333333333333,2025-04-15 21:20:00,0,0,0
exp007/cost_only_42,exp007 仅费用·42,2025-04-15,128,21.5,2025-04-15 21:30:00,0,0,0
exp007/cost_only_42,exp007 仅费用·42,2025-04-15,129,21.6666666666667,2025-04-15 21:40:00,0,0,0
exp007/cost_only_42,exp007 仅费用·42,2025-04-15,130,21.8333333333333,2025-04-15 21:50:00,0,0,0
exp007/cost_only_42,exp007 仅费用·42,2025-04-15,131,22,2025-04-15 22:00:00,0,0,0
exp007/cost_only_42,exp007 仅费用·42,2025-04-15,132,22.1666666666667,2025-04-15 22:10:00,0,0,0
exp007/cost_only_42,exp007 仅费用·42,2025-04-15,133,22.3333333333333,2025-04-15 22:20:00,0,0,0
exp007/cost_only_42,exp007 仅费用·42,2025-04-15,134,22.5,2025-04-15 22:30:00,0,0,0
exp007/cost_only_42,exp007 仅费用·42,2025-04-15,135,22.6666666666667,2025-04-15 22:40:00,0,0,0
exp007/cost_only_42,exp007 仅费用·42,2025-04-15,136,22.8333333333333,2025-04-15 22:50:00,0,0,0
exp007/cost_only_42,exp007 仅费用·42,2025-04-15,137,23,2025-04-15 23:00:00,0,0,0
exp007/cost_only_42,exp007 仅费用·42,2025-04-15,138,23.1666666666667,2025-04-15 23:10:00,0,0,0
exp007/cost_only_42,exp007 仅费用·42,2025-04-15,139,23.3333333333333,2025-04-15 23:20:00,0,0,0
exp007/cost_only_42,exp007 仅费用·42,2025-04-15,140,23.5,2025-04-15 23:30:00,0,0,0
exp007/cost_only_42,exp007 仅费用·42,2025-04-15,141,23.6666666666667,2025-04-15 23:40:00,0,0,0
exp007/cost_only_42,exp007 仅费用·42,2025-04-15,142,23.8333333333333,2025-04-15 23:50:00,0,0,0
exp007/cost_only_42,exp007 仅费用·42,2025-04-15,143,24,2025-04-16 00:00:00,0,3253.27,-3253.27
exp007/cost_only_42,exp007 仅费用·42,2025-06-07,0,0.166666666666667,2025-06-07 00:10:00,930.485430999262,0,930.485430999262
exp007/cost_only_42,exp007 仅费用·42,2025-06-07,1,0.333333333333333,2025-06-07 00:20:00,590.778898382139,0,590.778898382139
exp007/cost_only_42,exp007 仅费用·42,2025-06-07,2,0.5,2025-06-07 00:30:00,355.823109915369,0,355.823109915369
exp007/cost_only_42,exp007 仅费用·42,2025-06-07,3,0.666666666666667,2025-06-07 00:40:00,874.39483560172,0,874.39483560172
exp007/cost_only_42,exp007 仅费用·42,2025-06-07,4,0.833333333333333,2025-06-07 00:50:00,1103.68113704658,0,1103.68113704658
exp007/cost_only_42,exp007 仅费用·42,2025-06-07,5,1,2025-06-07 01:00:00,793.188097127911,0,793.188097127911
exp007/cost_only_42,exp007 仅费用·42,2025-06-07,6,1.16666666666667,2025-06-07 01:10:00,722.134115476802,0,722.134115476802
exp007/cost_only_42,exp007 仅费用·42,2025-06-07,7,1.33333333333333,2025-06-07 01:20:00,899.446100898694,0,899.446100898694
exp007/cost_only_42,exp007 仅费用·42,2025-06-07,8,1.5,2025-06-07 01:30:00,1083.2583295811,0,1083.2583295811
exp007/cost_only_42,exp007 仅费用·42,2025-06-07,9,1.66666666666667,2025-06-07 01:40:00,239.348013889316,0,239.348013889316
exp007/cost_only_42,exp007 仅费用·42,2025-06-07,10,1.83333333333333,2025-06-07 01:50:00,0,0,0
exp007/cost_only_42,exp007 仅费用·42,2025-06-07,11,2,2025-06-07 02:00:00,0,0,0
exp007/cost_only_42,exp007 仅费用·42,2025-06-07,12,2.16666666666667,2025-06-07 02:10:00,0,0,0
exp007/cost_only_42,exp007 仅费用·42,2025-06-07,13,2.33333333333333,2025-06-07 02:20:00,0,0,0
exp007/cost_only_42,exp007 仅费用·42,2025-06-07,14,2.5,2025-06-07 02:30:00,0,0,0
exp007/cost_only_42,exp007 仅费用·42,2025-06-07,15,2.66666666666667,2025-06-07 02:40:00,0,0,0
exp007/cost_only_42,exp007 仅费用·42,2025-06-07,16,2.83333333333333,2025-06-07 02:50:00,0,0,0
exp007/cost_only_42,exp007 仅费用·42,2025-06-07,17,3,2025-06-07 03:00:00,0,0,0
exp007/cost_only_42,exp007 仅费用·42,2025-06-07,18,3.16666666666667,2025-06-07 03:10:00,0,0,0
exp007/cost_only_42,exp007 仅费用·42,2025-06-07,19,3.33333333333333,2025-06-07 03:20:00,0,0,0
exp007/cost_only_42,exp007 仅费用·42,2025-06-07,20,3.5,2025-06-07 03:30:00,0,0,0
exp007/cost_only_42,exp007 仅费用·42,2025-06-07,21,3.66666666666667,2025-06-07 03:40:00,0,0,0
exp007/cost_only_42,exp007 仅费用·42,2025-06-07,22,3.83333333333333,2025-06-07 03:50:00,0,2500,-2500
exp007/cost_only_42,exp007 仅费用·42,2025-06-07,23,4,2025-06-07 04:00:00,0,2179.55128245963,-2179.55128245963
exp007/cost_only_42,exp007 仅费用·42,2025-06-07,24,4.16666666666667,2025-06-07 04:10:00,0,2308.45750747685,-2308.45750747685
exp007/cost_only_42,exp007 仅费用·42,2025-06-07,25,4.33333333333333,2025-06-07 04:20:00,0,2439.52876497155,-2439.52876497155
exp007/cost_only_42,exp007 仅费用·42,2025-06-07,26,4.5,2025-06-07 04:30:00,0,2347.73832955392,-2347.73832955392
exp007/cost_only_42,exp007 仅费用·42,2025-06-07,27,4.66666666666667,2025-06-07 04:40:00,0,2354.07835003192,-2354.07835003192
exp007/cost_only_42,exp007 仅费用·42,2025-06-07,28,4.83333333333333,2025-06-07 04:50:00,0,2335.95360331335,-2335.95360331335
exp007/cost_only_42,exp007 仅费用·42,2025-06-07,29,5,2025-06-07 05:00:00,0,2238.36219401721,-2238.36219401721
exp007/cost_only_42,exp007 仅费用·42,2025-06-07,30,5.16666666666667,2025-06-07 05:10:00,0,2202.07215629565,-2202.07215629565
exp007/cost_only_42,exp007 仅费用·42,2025-06-07,31,5.33333333333333,2025-06-07 05:20:00,0,2318.15437617985,-2318.15437617985
exp007/cost_only_42,exp007 仅费用·42,2025-06-07,32,5.5,2025-06-07 05:30:00,0,2362.7425,-2362.7425
exp007/cost_only_42,exp007 仅费用·42,2025-06-07,33,5.66666666666667,2025-06-07 05:40:00,0,2475.4754,-2475.4754
exp007/cost_only_42,exp007 仅费用·42,2025-06-07,34,5.83333333333333,2025-06-07 05:50:00,0,2366.7891,-2366.7891
exp007/cost_only_42,exp007 仅费用·42,2025-06-07,35,6,2025-06-07 06:00:00,0,1888.19,-1888.19
exp007/cost_only_42,exp007 仅费用·42,2025-06-07,36,6.16666666666667,2025-06-07 06:10:00,0,1442.6688,-1442.6688
exp007/cost_only_42,exp007 仅费用·42,2025-06-07,37,6.33333333333333,2025-06-07 06:20:00,0,1248.0262,-1248.0262
exp007/cost_only_42,exp007 仅费用·42,2025-06-07,38,6.5,2025-06-07 06:30:00,0,1177.235,-1177.235
exp007/cost_only_42,exp007 仅费用·42,2025-06-07,39,6.66666666666667,2025-06-07 06:40:00,0,927.1228,-927.1228
exp007/cost_only_42,exp007 仅费用·42,2025-06-07,40,6.83333333333333,2025-06-07 06:50:00,0,652.8297,-652.8297
exp007/cost_only_42,exp007 仅费用·42,2025-06-07,41,7,2025-06-07 07:00:00,0,511.45,-511.45
exp007/cost_only_42,exp007 仅费用·42,2025-06-07,42,7.16666666666667,2025-06-07 07:10:00,0,520.9431,-520.9431
exp007/cost_only_42,exp007 仅费用·42,2025-06-07,43,7.33333333333333,2025-06-07 07:20:00,0,602.3347,-602.3347
exp007/cost_only_42,exp007 仅费用·42,2025-06-07,44,7.5,2025-06-07 07:30:00,0,0,0
exp007/cost_only_42,exp007 仅费用·42,2025-06-07,45,7.66666666666667,2025-06-07 07:40:00,606.922464328944,0,606.922464328944
exp007/cost_only_42,exp007 仅费用·42,2025-06-07,46,7.83333333333333,2025-06-07 07:50:00,800.245798956406,0,800.245798956406
exp007/cost_only_42,exp007 仅费用·42,2025-06-07,47,8,2025-06-07 08:00:00,774.562700459054,0,774.562700459054
exp007/cost_only_42,exp007 仅费用·42,2025-06-07,48,8.16666666666667,2025-06-07 08:10:00,533.966913106531,0,533.966913106531
exp007/cost_only_42,exp007 仅费用·42,2025-06-07,49,8.33333333333333,2025-06-07 08:20:00,440.051883497022,0,440.051883497022
exp007/cost_only_42,exp007 仅费用·42,2025-06-07,50,8.5,2025-06-07 08:30:00,695.4325,0,695.4325
exp007/cost_only_42,exp007 仅费用·42,2025-06-07,51,8.66666666666667,2025-06-07 08:40:00,858.9908,0,858.9908
exp007/cost_only_42,exp007 仅费用·42,2025-06-07,52,8.83333333333333,2025-06-07 08:50:00,740.093499999999,0,740.093499999999
exp007/cost_only_42,exp007 仅费用·42,2025-06-07,53,9,2025-06-07 09:00:00,567.207226622239,0,567.207226622239
exp007/cost_only_42,exp007 仅费用·42,2025-06-07,54,9.16666666666667,2025-06-07 09:10:00,557.1559,0,557.1559
exp007/cost_only_42,exp007 仅费用·42,2025-06-07,55,9.33333333333333,2025-06-07 09:20:00,854.4405,0,854.4405
exp007/cost_only_42,exp007 仅费用·42,2025-06-07,56,9.5,2025-06-07 09:30:00,1191.3575,0,1191.3575
exp007/cost_only_42,exp007 仅费用·42,2025-06-07,57,9.66666666666667,2025-06-07 09:40:00,1240.7721,0,1240.7721
exp007/cost_only_42,exp007 仅费用·42,2025-06-07,58,9.83333333333333,2025-06-07 09:50:00,1089.4829,0,1089.4829
exp007/cost_only_42,exp007 仅费用·42,2025-06-07,59,10,2025-06-07 10:00:00,1042.7825,0,1042.7825
exp007/cost_only_42,exp007 仅费用·42,2025-06-07,60,10.1666666666667,2025-06-07 10:10:00,1250,0,1250
exp007/cost_only_42,exp007 仅费用·42,2025-06-07,61,10.3333333333333,2025-06-07 10:20:00,1250,0,1250
exp007/cost_only_42,exp007 仅费用·42,2025-06-07,62,10.5,2025-06-07 10:30:00,1250,0,1250
exp007/cost_only_42,exp007 仅费用·42,2025-06-07,63,10.6666666666667,2025-06-07 10:40:00,1250,0,1250
exp007/cost_only_42,exp007 仅费用·42,2025-06-07,64,10.8333333333333,2025-06-07 10:50:00,1250,0,1250
exp007/cost_only_42,exp007 仅费用·42,2025-06-07,65,11,2025-06-07 11:00:00,1250,0,1250
exp007/cost_only_42,exp007 仅费用·42,2025-06-07,66,11.1666666666667,2025-06-07 11:10:00,1250,0,1250
exp007/cost_only_42,exp007 仅费用·42,2025-06-07,67,11.3333333333333,2025-06-07 11:20:00,1250,0,1250
exp007/cost_only_42,exp007 仅费用·42,2025-06-07,68,11.5,2025-06-07 11:30:00,1250,0,1250
exp007/cost_only_42,exp007 仅费用·42,2025-06-07,69,11.6666666666667,2025-06-07 11:40:00,1250,0,1250
exp007/cost_only_42,exp007 仅费用·42,2025-06-07,70,11.8333333333333,2025-06-07 11:50:00,1250,0,1250
exp007/cost_only_42,exp007 仅费用·42,2025-06-07,71,12,2025-06-07 12:00:00,1250,0,1250
exp007/cost_only_42,exp007 仅费用·42,2025-06-07,72,12.1666666666667,2025-06-07 12:10:00,1250,0,1250
exp007/cost_only_42,exp007 仅费用·42,2025-06-07,73,12.3333333333333,2025-06-07 12:20:00,1250,0,1250
exp007/cost_only_42,exp007 仅费用·42,2025-06-07,74,12.5,2025-06-07 12:30:00,1250,0,1250
exp007/cost_only_42,exp007 仅费用·42,2025-06-07,75,12.6666666666667,2025-06-07 12:40:00,1250,0,1250
exp007/cost_only_42,exp007 仅费用·42,2025-06-07,76,12.8333333333333,2025-06-07 12:50:00,1250,0,1250
exp007/cost_only_42,exp007 仅费用·42,2025-06-07,77,13,2025-06-07 13:00:00,1250,0,1250
exp007/cost_only_42,exp007 仅费用·42,2025-06-07,78,13.1666666666667,2025-06-07 13:10:00,1250,0,1250
exp007/cost_only_42,exp007 仅费用·42,2025-06-07,79,13.3333333333333,2025-06-07 13:20:00,1250,0,1250
exp007/cost_only_42,exp007 仅费用·42,2025-06-07,80,13.5,2025-06-07 13:30:00,1250,0,1250
exp007/cost_only_42,exp007 仅费用·42,2025-06-07,81,13.6666666666667,2025-06-07 13:40:00,1250,0,1250
exp007/cost_only_42,exp007 仅费用·42,2025-06-07,82,13.8333333333333,2025-06-07 13:50:00,1250,0,1250
exp007/cost_only_42,exp007 仅费用·42,2025-06-07,83,14,2025-06-07 14:00:00,1226.58,0,1226.58
exp007/cost_only_42,exp007 仅费用·42,2025-06-07,84,14.1666666666667,2025-06-07 14:10:00,962.5486,0,962.5486
exp007/cost_only_42,exp007 仅费用·42,2025-06-07,85,14.3333333333333,2025-06-07 14:20:00,1089.2315,0,1089.2315
exp007/cost_only_42,exp007 仅费用·42,2025-06-07,86,14.5,2025-06-07 14:30:00,1250,0,1250
exp007/cost_only_42,exp007 仅费用·42,2025-06-07,87,14.6666666666667,2025-06-07 14:40:00,1250,0,1250
exp007/cost_only_42,exp007 仅费用·42,2025-06-07,88,14.8333333333333,2025-06-07 14:50:00,1250,0,1250
exp007/cost_only_42,exp007 仅费用·42,2025-06-07,89,15,2025-06-07 15:00:00,100.166301091821,0,100.166301091821
exp007/cost_only_42,exp007 仅费用·42,2025-06-07,90,15.1666666666667,2025-06-07 15:10:00,0,0,0
exp007/cost_only_42,exp007 仅费用·42,2025-06-07,91,15.3333333333333,2025-06-07 15:20:00,0,0,0
exp007/cost_only_42,exp007 仅费用·42,2025-06-07,92,15.5,2025-06-07 15:30:00,0,0,0
exp007/cost_only_42,exp007 仅费用·42,2025-06-07,93,15.6666666666667,2025-06-07 15:40:00,0,0,0
exp007/cost_only_42,exp007 仅费用·42,2025-06-07,94,15.8333333333333,2025-06-07 15:50:00,0,0,0
exp007/cost_only_42,exp007 仅费用·42,2025-06-07,95,16,2025-06-07 16:00:00,0,0,0
exp007/cost_only_42,exp007 仅费用·42,2025-06-07,96,16.1666666666667,2025-06-07 16:10:00,0,0,0
exp007/cost_only_42,exp007 仅费用·42,2025-06-07,97,16.3333333333333,2025-06-07 16:20:00,0,0,0
exp007/cost_only_42,exp007 仅费用·42,2025-06-07,98,16.5,2025-06-07 16:30:00,0,0,0
exp007/cost_only_42,exp007 仅费用·42,2025-06-07,99,16.6666666666667,2025-06-07 16:40:00,0,0,0
exp007/cost_only_42,exp007 仅费用·42,2025-06-07,100,16.8333333333333,2025-06-07 16:50:00,0,0,0
exp007/cost_only_42,exp007 仅费用·42,2025-06-07,101,17,2025-06-07 17:00:00,0,0,0
exp007/cost_only_42,exp007 仅费用·42,2025-06-07,102,17.1666666666667,2025-06-07 17:10:00,0,0,0
exp007/cost_only_42,exp007 仅费用·42,2025-06-07,103,17.3333333333333,2025-06-07 17:20:00,0,0,0
exp007/cost_only_42,exp007 仅费用·42,2025-06-07,104,17.5,2025-06-07 17:30:00,0,0,0
exp007/cost_only_42,exp007 仅费用·42,2025-06-07,105,17.6666666666667,2025-06-07 17:40:00,0,0,0
exp007/cost_only_42,exp007 仅费用·42,2025-06-07,106,17.8333333333333,2025-06-07 17:50:00,0,0,0
exp007/cost_only_42,exp007 仅费用·42,2025-06-07,107,18,2025-06-07 18:00:00,0,0,0
exp007/cost_only_42,exp007 仅费用·42,2025-06-07,108,18.1666666666667,2025-06-07 18:10:00,0,0,0
exp007/cost_only_42,exp007 仅费用·42,2025-06-07,109,18.3333333333333,2025-06-07 18:20:00,0,0,0
exp007/cost_only_42,exp007 仅费用·42,2025-06-07,110,18.5,2025-06-07 18:30:00,0,0,0
exp007/cost_only_42,exp007 仅费用·42,2025-06-07,111,18.6666666666667,2025-06-07 18:40:00,0,0,0
exp007/cost_only_42,exp007 仅费用·42,2025-06-07,112,18.8333333333333,2025-06-07 18:50:00,0,0,0
exp007/cost_only_42,exp007 仅费用·42,2025-06-07,113,19,2025-06-07 19:00:00,0,0,0
exp007/cost_only_42,exp007 仅费用·42,2025-06-07,114,19.1666666666667,2025-06-07 19:10:00,0,0,0
exp007/cost_only_42,exp007 仅费用·42,2025-06-07,115,19.3333333333333,2025-06-07 19:20:00,0,0,0
exp007/cost_only_42,exp007 仅费用·42,2025-06-07,116,19.5,2025-06-07 19:30:00,0,0,0
exp007/cost_only_42,exp007 仅费用·42,2025-06-07,117,19.6666666666667,2025-06-07 19:40:00,0,0,0
exp007/cost_only_42,exp007 仅费用·42,2025-06-07,118,19.8333333333333,2025-06-07 19:50:00,0,0,0
exp007/cost_only_42,exp007 仅费用·42,2025-06-07,119,20,2025-06-07 20:00:00,0,0,0
exp007/cost_only_42,exp007 仅费用·42,2025-06-07,120,20.1666666666667,2025-06-07 20:10:00,0,0,0
exp007/cost_only_42,exp007 仅费用·42,2025-06-07,121,20.3333333333333,2025-06-07 20:20:00,0,0,0
exp007/cost_only_42,exp007 仅费用·42,2025-06-07,122,20.5,2025-06-07 20:30:00,0,0,0
exp007/cost_only_42,exp007 仅费用·42,2025-06-07,123,20.6666666666667,2025-06-07 20:40:00,0,0,0
exp007/cost_only_42,exp007 仅费用·42,2025-06-07,124,20.8333333333333,2025-06-07 20:50:00,0,0,0
exp007/cost_only_42,exp007 仅费用·42,2025-06-07,125,21,2025-06-07 21:00:00,0,0,0
exp007/cost_only_42,exp007 仅费用·42,2025-06-07,126,21.1666666666667,2025-06-07 21:10:00,0,0,0
exp007/cost_only_42,exp007 仅费用·42,2025-06-07,127,21.3333333333333,2025-06-07 21:20:00,0,0,0
exp007/cost_only_42,exp007 仅费用·42,2025-06-07,128,21.5,2025-06-07 21:30:00,0,0,0
exp007/cost_only_42,exp007 仅费用·42,2025-06-07,129,21.6666666666667,2025-06-07 21:40:00,0,0,0
exp007/cost_only_42,exp007 仅费用·42,2025-06-07,130,21.8333333333333,2025-06-07 21:50:00,0,0,0
exp007/cost_only_42,exp007 仅费用·42,2025-06-07,131,22,2025-06-07 22:00:00,0,0,0
exp007/cost_only_42,exp007 仅费用·42,2025-06-07,132,22.1666666666667,2025-06-07 22:10:00,0,0,0
exp007/cost_only_42,exp007 仅费用·42,2025-06-07,133,22.3333333333333,2025-06-07 22:20:00,0,0,0
exp007/cost_only_42,exp007 仅费用·42,2025-06-07,134,22.5,2025-06-07 22:30:00,0,0,0
exp007/cost_only_42,exp007 仅费用·42,2025-06-07,135,22.6666666666667,2025-06-07 22:40:00,0,0,0
exp007/cost_only_42,exp007 仅费用·42,2025-06-07,136,22.8333333333333,2025-06-07 22:50:00,0,0,0
exp007/cost_only_42,exp007 仅费用·42,2025-06-07,137,23,2025-06-07 23:00:00,0,0,0
exp007/cost_only_42,exp007 仅费用·42,2025-06-07,138,23.1666666666667,2025-06-07 23:10:00,0,0,0
exp007/cost_only_42,exp007 仅费用·42,2025-06-07,139,23.3333333333333,2025-06-07 23:20:00,0,0,0
exp007/cost_only_42,exp007 仅费用·42,2025-06-07,140,23.5,2025-06-07 23:30:00,0,0,0
exp007/cost_only_42,exp007 仅费用·42,2025-06-07,141,23.6666666666667,2025-06-07 23:40:00,0,0,0
exp007/cost_only_42,exp007 仅费用·42,2025-06-07,142,23.8333333333333,2025-06-07 23:50:00,0,0,0
exp007/cost_only_42,exp007 仅费用·42,2025-06-07,143,24,2025-06-08 00:00:00,0,0,0
exp007/cost_only_42,exp007 仅费用·42,2025-12-06,0,0.166666666666667,2025-12-06 00:10:00,953.168757741364,0,953.168757741364
exp007/cost_only_42,exp007 仅费用·42,2025-12-06,1,0.333333333333333,2025-12-06 00:20:00,938.473485469631,0,938.473485469631
exp007/cost_only_42,exp007 仅费用·42,2025-12-06,2,0.5,2025-12-06 00:30:00,928.307146961823,0,928.307146961823
exp007/cost_only_42,exp007 仅费用·42,2025-12-06,3,0.666666666666667,2025-12-06 00:40:00,1071.05647131781,0,1071.05647131781
exp007/cost_only_42,exp007 仅费用·42,2025-12-06,4,0.833333333333333,2025-12-06 00:50:00,1021.70722047776,0,1021.70722047776
exp007/cost_only_42,exp007 仅费用·42,2025-12-06,5,1,2025-12-06 01:00:00,2108.66494407621,0,2108.66494407621
exp007/cost_only_42,exp007 仅费用·42,2025-12-06,6,1.16666666666667,2025-12-06 01:10:00,2243.89532249753,0,2243.89532249753
exp007/cost_only_42,exp007 仅费用·42,2025-12-06,7,1.33333333333333,2025-12-06 01:20:00,2251.67356160098,0,2251.67356160098
exp007/cost_only_42,exp007 仅费用·42,2025-12-06,8,1.5,2025-12-06 01:30:00,2073.77722450707,0,2073.77722450707
exp007/cost_only_42,exp007 仅费用·42,2025-12-06,9,1.66666666666667,2025-12-06 01:40:00,2108.12723786026,0,2108.12723786026
exp007/cost_only_42,exp007 仅费用·42,2025-12-06,10,1.83333333333333,2025-12-06 01:50:00,2245.81729201242,0,2245.81729201242
exp007/cost_only_42,exp007 仅费用·42,2025-12-06,11,2,2025-12-06 02:00:00,2215.57155970603,0,2215.57155970603
exp007/cost_only_42,exp007 仅费用·42,2025-12-06,12,2.16666666666667,2025-12-06 02:10:00,1912.68047967368,0,1912.68047967368
exp007/cost_only_42,exp007 仅费用·42,2025-12-06,13,2.33333333333333,2025-12-06 02:20:00,0,2500,-2500
exp007/cost_only_42,exp007 仅费用·42,2025-12-06,14,2.5,2025-12-06 02:30:00,0,2184.29276951304,-2184.29276951304
exp007/cost_only_42,exp007 仅费用·42,2025-12-06,15,2.66666666666667,2025-12-06 02:40:00,0,2478.73982462365,-2478.73982462365
exp007/cost_only_42,exp007 仅费用·42,2025-12-06,16,2.83333333333333,2025-12-06 02:50:00,0,2500,-2500
exp007/cost_only_42,exp007 仅费用·42,2025-12-06,17,3,2025-12-06 03:00:00,0,2487.9833313585,-2487.9833313585
exp007/cost_only_42,exp007 仅费用·42,2025-12-06,18,3.16666666666667,2025-12-06 03:10:00,0,2500,-2500
exp007/cost_only_42,exp007 仅费用·42,2025-12-06,19,3.33333333333333,2025-12-06 03:20:00,0,2500,-2500
exp007/cost_only_42,exp007 仅费用·42,2025-12-06,20,3.5,2025-12-06 03:30:00,0,2500,-2500
exp007/cost_only_42,exp007 仅费用·42,2025-12-06,21,3.66666666666667,2025-12-06 03:40:00,0,214.612708017124,-214.612708017124
exp007/cost_only_42,exp007 仅费用·42,2025-12-06,22,3.83333333333333,2025-12-06 03:50:00,0,0,0
exp007/cost_only_42,exp007 仅费用·42,2025-12-06,23,4,2025-12-06 04:00:00,0,0,0
exp007/cost_only_42,exp007 仅费用·42,2025-12-06,24,4.16666666666667,2025-12-06 04:10:00,0,0,0
exp007/cost_only_42,exp007 仅费用·42,2025-12-06,25,4.33333333333333,2025-12-06 04:20:00,0,0,0
exp007/cost_only_42,exp007 仅费用·42,2025-12-06,26,4.5,2025-12-06 04:30:00,0,0,0
exp007/cost_only_42,exp007 仅费用·42,2025-12-06,27,4.66666666666667,2025-12-06 04:40:00,0,0,0
exp007/cost_only_42,exp007 仅费用·42,2025-12-06,28,4.83333333333333,2025-12-06 04:50:00,0,0,0
exp007/cost_only_42,exp007 仅费用·42,2025-12-06,29,5,2025-12-06 05:00:00,0,0,0
exp007/cost_only_42,exp007 仅费用·42,2025-12-06,30,5.16666666666667,2025-12-06 05:10:00,0,0,0
exp007/cost_only_42,exp007 仅费用·42,2025-12-06,31,5.33333333333333,2025-12-06 05:20:00,0,0,0
exp007/cost_only_42,exp007 仅费用·42,2025-12-06,32,5.5,2025-12-06 05:30:00,0,0,0
exp007/cost_only_42,exp007 仅费用·42,2025-12-06,33,5.66666666666667,2025-12-06 05:40:00,0,0,0
exp007/cost_only_42,exp007 仅费用·42,2025-12-06,34,5.83333333333333,2025-12-06 05:50:00,0,0,0
exp007/cost_only_42,exp007 仅费用·42,2025-12-06,35,6,2025-12-06 06:00:00,0,0,0
exp007/cost_only_42,exp007 仅费用·42,2025-12-06,36,6.16666666666667,2025-12-06 06:10:00,0,0,0
exp007/cost_only_42,exp007 仅费用·42,2025-12-06,37,6.33333333333333,2025-12-06 06:20:00,0,0,0
exp007/cost_only_42,exp007 仅费用·42,2025-12-06,38,6.5,2025-12-06 06:30:00,0,0,0
exp007/cost_only_42,exp007 仅费用·42,2025-12-06,39,6.66666666666667,2025-12-06 06:40:00,0,0,0
exp007/cost_only_42,exp007 仅费用·42,2025-12-06,40,6.83333333333333,2025-12-06 06:50:00,0,0,0
exp007/cost_only_42,exp007 仅费用·42,2025-12-06,41,7,2025-12-06 07:00:00,0,0,0
exp007/cost_only_42,exp007 仅费用·42,2025-12-06,42,7.16666666666667,2025-12-06 07:10:00,0,0,0
exp007/cost_only_42,exp007 仅费用·42,2025-12-06,43,7.33333333333333,2025-12-06 07:20:00,0,0,0
exp007/cost_only_42,exp007 仅费用·42,2025-12-06,44,7.5,2025-12-06 07:30:00,0,0,0
exp007/cost_only_42,exp007 仅费用·42,2025-12-06,45,7.66666666666667,2025-12-06 07:40:00,0,0,0
exp007/cost_only_42,exp007 仅费用·42,2025-12-06,46,7.83333333333333,2025-12-06 07:50:00,975.923824925449,0,975.923824925449
exp007/cost_only_42,exp007 仅费用·42,2025-12-06,47,8,2025-12-06 08:00:00,1250,0,1250
exp007/cost_only_42,exp007 仅费用·42,2025-12-06,48,8.16666666666667,2025-12-06 08:10:00,1045.73384166042,0,1045.73384166042
exp007/cost_only_42,exp007 仅费用·42,2025-12-06,49,8.33333333333333,2025-12-06 08:20:00,599.947724833473,0,599.947724833473
exp007/cost_only_42,exp007 仅费用·42,2025-12-06,50,8.5,2025-12-06 08:30:00,656.3941218248,0,656.3941218248
exp007/cost_only_42,exp007 仅费用·42,2025-12-06,51,8.66666666666667,2025-12-06 08:40:00,1164.47655753044,0,1164.47655753044
exp007/cost_only_42,exp007 仅费用·42,2025-12-06,52,8.83333333333333,2025-12-06 08:50:00,1147.33579241453,0,1147.33579241453
exp007/cost_only_42,exp007 仅费用·42,2025-12-06,53,9,2025-12-06 09:00:00,597.969685734195,0,597.969685734195
exp007/cost_only_42,exp007 仅费用·42,2025-12-06,54,9.16666666666667,2025-12-06 09:10:00,468.467254183089,0,468.467254183089
exp007/cost_only_42,exp007 仅费用·42,2025-12-06,55,9.33333333333333,2025-12-06 09:20:00,618.769429796653,0,618.769429796653
exp007/cost_only_42,exp007 仅费用·42,2025-12-06,56,9.5,2025-12-06 09:30:00,505.944814660245,0,505.944814660245
exp007/cost_only_42,exp007 仅费用·42,2025-12-06,57,9.66666666666667,2025-12-06 09:40:00,212.353153667533,0,212.353153667533
exp007/cost_only_42,exp007 仅费用·42,2025-12-06,58,9.83333333333333,2025-12-06 09:50:00,196.681691643572,0,196.681691643572
exp007/cost_only_42,exp007 仅费用·42,2025-12-06,59,10,2025-12-06 10:00:00,454.071485545855,0,454.071485545855
exp007/cost_only_42,exp007 仅费用·42,2025-12-06,60,10.1666666666667,2025-12-06 10:10:00,426.733727225149,0,426.733727225149
exp007/cost_only_42,exp007 仅费用·42,2025-12-06,61,10.3333333333333,2025-12-06 10:20:00,529.5681,0,529.5681
exp007/cost_only_42,exp007 仅费用·42,2025-12-06,62,10.5,2025-12-06 10:30:00,642.356937200611,0,642.356937200611
exp007/cost_only_42,exp007 仅费用·42,2025-12-06,63,10.6666666666667,2025-12-06 10:40:00,678.4965,0,678.4965
exp007/cost_only_42,exp007 仅费用·42,2025-12-06,64,10.8333333333333,2025-12-06 10:50:00,765.4695,0,765.4695
exp007/cost_only_42,exp007 仅费用·42,2025-12-06,65,11,2025-12-06 11:00:00,896.245,0,896.245
exp007/cost_only_42,exp007 仅费用·42,2025-12-06,66,11.1666666666667,2025-12-06 11:10:00,1099.8044,0,1099.8044
exp007/cost_only_42,exp007 仅费用·42,2025-12-06,67,11.3333333333333,2025-12-06 11:20:00,1064.8574,0,1064.8574
exp007/cost_only_42,exp007 仅费用·42,2025-12-06,68,11.5,2025-12-06 11:30:00,1012.805,0,1012.805
exp007/cost_only_42,exp007 仅费用·42,2025-12-06,69,11.6666666666667,2025-12-06 11:40:00,1250,0,1250
exp007/cost_only_42,exp007 仅费用·42,2025-12-06,70,11.8333333333333,2025-12-06 11:50:00,1250,0,1250
exp007/cost_only_42,exp007 仅费用·42,2025-12-06,71,12,2025-12-06 12:00:00,1169.74,0,1169.74
exp007/cost_only_42,exp007 仅费用·42,2025-12-06,72,12.1666666666667,2025-12-06 12:10:00,1250,0,1250
exp007/cost_only_42,exp007 仅费用·42,2025-12-06,73,12.3333333333333,2025-12-06 12:20:00,1250,0,1250
exp007/cost_only_42,exp007 仅费用·42,2025-12-06,74,12.5,2025-12-06 12:30:00,1250,0,1250
exp007/cost_only_42,exp007 仅费用·42,2025-12-06,75,12.6666666666667,2025-12-06 12:40:00,1250,0,1250
exp007/cost_only_42,exp007 仅费用·42,2025-12-06,76,12.8333333333333,2025-12-06 12:50:00,1250,0,1250
exp007/cost_only_42,exp007 仅费用·42,2025-12-06,77,13,2025-12-06 13:00:00,1250,0,1250
exp007/cost_only_42,exp007 仅费用·42,2025-12-06,78,13.1666666666667,2025-12-06 13:10:00,1250,0,1250
exp007/cost_only_42,exp007 仅费用·42,2025-12-06,79,13.3333333333333,2025-12-06 13:20:00,1250,0,1250
exp007/cost_only_42,exp007 仅费用·42,2025-12-06,80,13.5,2025-12-06 13:30:00,1250,0,1250
exp007/cost_only_42,exp007 仅费用·42,2025-12-06,81,13.6666666666667,2025-12-06 13:40:00,1250,0,1250
exp007/cost_only_42,exp007 仅费用·42,2025-12-06,82,13.8333333333333,2025-12-06 13:50:00,1250,0,1250
exp007/cost_only_42,exp007 仅费用·42,2025-12-06,83,14,2025-12-06 14:00:00,1250,0,1250
exp007/cost_only_42,exp007 仅费用·42,2025-12-06,84,14.1666666666667,2025-12-06 14:10:00,1250,0,1250
exp007/cost_only_42,exp007 仅费用·42,2025-12-06,85,14.3333333333333,2025-12-06 14:20:00,1054.08980202541,0,1054.08980202541
exp007/cost_only_42,exp007 仅费用·42,2025-12-06,86,14.5,2025-12-06 14:30:00,1120.64116672836,0,1120.64116672836
exp007/cost_only_42,exp007 仅费用·42,2025-12-06,87,14.6666666666667,2025-12-06 14:40:00,1250,0,1250
exp007/cost_only_42,exp007 仅费用·42,2025-12-06,88,14.8333333333333,2025-12-06 14:50:00,1250,0,1250
exp007/cost_only_42,exp007 仅费用·42,2025-12-06,89,15,2025-12-06 15:00:00,1250,0,1250
exp007/cost_only_42,exp007 仅费用·42,2025-12-06,90,15.1666666666667,2025-12-06 15:10:00,1067.99808823521,0,1067.99808823521
exp007/cost_only_42,exp007 仅费用·42,2025-12-06,91,15.3333333333333,2025-12-06 15:20:00,866.713336220294,0,866.713336220294
exp007/cost_only_42,exp007 仅费用·42,2025-12-06,92,15.5,2025-12-06 15:30:00,1195.87733505988,0,1195.87733505988
exp007/cost_only_42,exp007 仅费用·42,2025-12-06,93,15.6666666666667,2025-12-06 15:40:00,1214.79618436403,0,1214.79618436403
exp007/cost_only_42,exp007 仅费用·42,2025-12-06,94,15.8333333333333,2025-12-06 15:50:00,655.797931132772,0,655.797931132772
exp007/cost_only_42,exp007 仅费用·42,2025-12-06,95,16,2025-12-06 16:00:00,0,0,0
exp007/cost_only_42,exp007 仅费用·42,2025-12-06,96,16.1666666666667,2025-12-06 16:10:00,0,0,0
exp007/cost_only_42,exp007 仅费用·42,2025-12-06,97,16.3333333333333,2025-12-06 16:20:00,0,0,0
exp007/cost_only_42,exp007 仅费用·42,2025-12-06,98,16.5,2025-12-06 16:30:00,0,0,0
exp007/cost_only_42,exp007 仅费用·42,2025-12-06,99,16.6666666666667,2025-12-06 16:40:00,0,0,0
exp007/cost_only_42,exp007 仅费用·42,2025-12-06,100,16.8333333333333,2025-12-06 16:50:00,0,0,0
exp007/cost_only_42,exp007 仅费用·42,2025-12-06,101,17,2025-12-06 17:00:00,0,0,0
exp007/cost_only_42,exp007 仅费用·42,2025-12-06,102,17.1666666666667,2025-12-06 17:10:00,0,0,0
exp007/cost_only_42,exp007 仅费用·42,2025-12-06,103,17.3333333333333,2025-12-06 17:20:00,0,0,0
exp007/cost_only_42,exp007 仅费用·42,2025-12-06,104,17.5,2025-12-06 17:30:00,0,0,0
exp007/cost_only_42,exp007 仅费用·42,2025-12-06,105,17.6666666666667,2025-12-06 17:40:00,0,0,0
exp007/cost_only_42,exp007 仅费用·42,2025-12-06,106,17.8333333333333,2025-12-06 17:50:00,0,0,0
exp007/cost_only_42,exp007 仅费用·42,2025-12-06,107,18,2025-12-06 18:00:00,0,0,0
exp007/cost_only_42,exp007 仅费用·42,2025-12-06,108,18.1666666666667,2025-12-06 18:10:00,0,0,0
exp007/cost_only_42,exp007 仅费用·42,2025-12-06,109,18.3333333333333,2025-12-06 18:20:00,0,0,0
exp007/cost_only_42,exp007 仅费用·42,2025-12-06,110,18.5,2025-12-06 18:30:00,0,0,0
exp007/cost_only_42,exp007 仅费用·42,2025-12-06,111,18.6666666666667,2025-12-06 18:40:00,0,1908.72202528478,-1908.72202528478
exp007/cost_only_42,exp007 仅费用·42,2025-12-06,112,18.8333333333333,2025-12-06 18:50:00,0,1858.22665938406,-1858.22665938406
exp007/cost_only_42,exp007 仅费用·42,2025-12-06,113,19,2025-12-06 19:00:00,0,2018.81224127999,-2018.81224127999
exp007/cost_only_42,exp007 仅费用·42,2025-12-06,114,19.1666666666667,2025-12-06 19:10:00,0,2024.24535412519,-2024.24535412519
exp007/cost_only_42,exp007 仅费用·42,2025-12-06,115,19.3333333333333,2025-12-06 19:20:00,0,2094.30987033775,-2094.30987033775
exp007/cost_only_42,exp007 仅费用·42,2025-12-06,116,19.5,2025-12-06 19:30:00,0,2211.57645282428,-2211.57645282428
exp007/cost_only_42,exp007 仅费用·42,2025-12-06,117,19.6666666666667,2025-12-06 19:40:00,0,2062.12167712544,-2062.12167712544
exp007/cost_only_42,exp007 仅费用·42,2025-12-06,118,19.8333333333333,2025-12-06 19:50:00,0,2574.7175,-2574.7175
exp007/cost_only_42,exp007 仅费用·42,2025-12-06,119,20,2025-12-06 20:00:00,0,2492.31,-2492.31
exp007/cost_only_42,exp007 仅费用·42,2025-12-06,120,20.1666666666667,2025-12-06 20:10:00,0,2837.458,-2837.458
exp007/cost_only_42,exp007 仅费用·42,2025-12-06,121,20.3333333333333,2025-12-06 20:20:00,0,2996.0421,-2996.0421
exp007/cost_only_42,exp007 仅费用·42,2025-12-06,122,20.5,2025-12-06 20:30:00,0,2778.93,-2778.93
exp007/cost_only_42,exp007 仅费用·42,2025-12-06,123,20.6666666666667,2025-12-06 20:40:00,0,2579.3403,-2579.3403
exp007/cost_only_42,exp007 仅费用·42,2025-12-06,124,20.8333333333333,2025-12-06 20:50:00,0,2576.1744,-2576.1744
exp007/cost_only_42,exp007 仅费用·42,2025-12-06,125,21,2025-12-06 21:00:00,0,2761.92,-2761.92
exp007/cost_only_42,exp007 仅费用·42,2025-12-06,126,21.1666666666667,2025-12-06 21:10:00,0,2978.1941,-2978.1941
exp007/cost_only_42,exp007 仅费用·42,2025-12-06,127,21.3333333333333,2025-12-06 21:20:00,0,2979.4571,-2979.4571
exp007/cost_only_42,exp007 仅费用·42,2025-12-06,128,21.5,2025-12-06 21:30:00,0,0,0
exp007/cost_only_42,exp007 仅费用·42,2025-12-06,129,21.6666666666667,2025-12-06 21:40:00,0,0,0
exp007/cost_only_42,exp007 仅费用·42,2025-12-06,130,21.8333333333333,2025-12-06 21:50:00,0,0,0
exp007/cost_only_42,exp007 仅费用·42,2025-12-06,131,22,2025-12-06 22:00:00,0,0,0
exp007/cost_only_42,exp007 仅费用·42,2025-12-06,132,22.1666666666667,2025-12-06 22:10:00,0,0,0
exp007/cost_only_42,exp007 仅费用·42,2025-12-06,133,22.3333333333333,2025-12-06 22:20:00,0,0,0
exp007/cost_only_42,exp007 仅费用·42,2025-12-06,134,22.5,2025-12-06 22:30:00,0,0,0
exp007/cost_only_42,exp007 仅费用·42,2025-12-06,135,22.6666666666667,2025-12-06 22:40:00,0,0,0
exp007/cost_only_42,exp007 仅费用·42,2025-12-06,136,22.8333333333333,2025-12-06 22:50:00,0,0,0
exp007/cost_only_42,exp007 仅费用·42,2025-12-06,137,23,2025-12-06 23:00:00,0,0,0
exp007/cost_only_42,exp007 仅费用·42,2025-12-06,138,23.1666666666667,2025-12-06 23:10:00,0,0,0
exp007/cost_only_42,exp007 仅费用·42,2025-12-06,139,23.3333333333333,2025-12-06 23:20:00,0,0,0
exp007/cost_only_42,exp007 仅费用·42,2025-12-06,140,23.5,2025-12-06 23:30:00,0,0,0
exp007/cost_only_42,exp007 仅费用·42,2025-12-06,141,23.6666666666667,2025-12-06 23:40:00,0,0,0
exp007/cost_only_42,exp007 仅费用·42,2025-12-06,142,23.8333333333333,2025-12-06 23:50:00,0,0,0
exp007/cost_only_42,exp007 仅费用·42,2025-12-06,143,24,2025-12-07 00:00:00,0,0,0
exp007/cost_only_42,exp007 仅费用·42,2025-12-25,0,0.166666666666667,2025-12-25 00:10:00,964.802257949685,0,964.802257949685
exp007/cost_only_42,exp007 仅费用·42,2025-12-25,1,0.333333333333333,2025-12-25 00:20:00,1125.94309709674,0,1125.94309709674
exp007/cost_only_42,exp007 仅费用·42,2025-12-25,2,0.5,2025-12-25 00:30:00,1219.26137812622,0,1219.26137812622
exp007/cost_only_42,exp007 仅费用·42,2025-12-25,3,0.666666666666667,2025-12-25 00:40:00,1116.43789263277,0,1116.43789263277
exp007/cost_only_42,exp007 仅费用·42,2025-12-25,4,0.833333333333333,2025-12-25 00:50:00,1125.46339403564,0,1125.46339403564
exp007/cost_only_42,exp007 仅费用·42,2025-12-25,5,1,2025-12-25 01:00:00,1147.18841881434,0,1147.18841881434
exp007/cost_only_42,exp007 仅费用·42,2025-12-25,6,1.16666666666667,2025-12-25 01:10:00,800.167187495787,0,800.167187495787
exp007/cost_only_42,exp007 仅费用·42,2025-12-25,7,1.33333333333333,2025-12-25 01:20:00,624.984897185526,0,624.984897185526
exp007/cost_only_42,exp007 仅费用·42,2025-12-25,8,1.5,2025-12-25 01:30:00,881.048959307081,0,881.048959307081
exp007/cost_only_42,exp007 仅费用·42,2025-12-25,9,1.66666666666667,2025-12-25 01:40:00,1250,0,1250
exp007/cost_only_42,exp007 仅费用·42,2025-12-25,10,1.83333333333333,2025-12-25 01:50:00,2500,0,2500
exp007/cost_only_42,exp007 仅费用·42,2025-12-25,11,2,2025-12-25 02:00:00,2500,0,2500
exp007/cost_only_42,exp007 仅费用·42,2025-12-25,12,2.16666666666667,2025-12-25 02:10:00,2495.11951455689,0,2495.11951455689
exp007/cost_only_42,exp007 仅费用·42,2025-12-25,13,2.33333333333333,2025-12-25 02:20:00,2427.63343391028,0,2427.63343391028
exp007/cost_only_42,exp007 仅费用·42,2025-12-25,14,2.5,2025-12-25 02:30:00,2500,0,2500
exp007/cost_only_42,exp007 仅费用·42,2025-12-25,15,2.66666666666667,2025-12-25 02:40:00,2388.48417979314,0,2388.48417979314
exp007/cost_only_42,exp007 仅费用·42,2025-12-25,16,2.83333333333333,2025-12-25 02:50:00,2467.54596470671,0,2467.54596470671
exp007/cost_only_42,exp007 仅费用·42,2025-12-25,17,3,2025-12-25 03:00:00,2500,0,2500
exp007/cost_only_42,exp007 仅费用·42,2025-12-25,18,3.16666666666667,2025-12-25 03:10:00,2500,0,2500
exp007/cost_only_42,exp007 仅费用·42,2025-12-25,19,3.33333333333333,2025-12-25 03:20:00,1154.98262015588,0,1154.98262015588
exp007/cost_only_42,exp007 仅费用·42,2025-12-25,20,3.5,2025-12-25 03:30:00,1208.43516234083,0,1208.43516234083
exp007/cost_only_42,exp007 仅费用·42,2025-12-25,21,3.66666666666667,2025-12-25 03:40:00,1250,0,1250
exp007/cost_only_42,exp007 仅费用·42,2025-12-25,22,3.83333333333333,2025-12-25 03:50:00,1250,0,1250
exp007/cost_only_42,exp007 仅费用·42,2025-12-25,23,4,2025-12-25 04:00:00,1027.49205625871,0,1027.49205625871
exp007/cost_only_42,exp007 仅费用·42,2025-12-25,24,4.16666666666667,2025-12-25 04:10:00,1108.64484444295,0,1108.64484444295
exp007/cost_only_42,exp007 仅费用·42,2025-12-25,25,4.33333333333333,2025-12-25 04:20:00,1199.42079998313,0,1199.42079998313
exp007/cost_only_42,exp007 仅费用·42,2025-12-25,26,4.5,2025-12-25 04:30:00,1250,0,1250
exp007/cost_only_42,exp007 仅费用·42,2025-12-25,27,4.66666666666667,2025-12-25 04:40:00,1146.90594608443,0,1146.90594608443
exp007/cost_only_42,exp007 仅费用·42,2025-12-25,28,4.83333333333333,2025-12-25 04:50:00,973.184260387271,0,973.184260387271
exp007/cost_only_42,exp007 仅费用·42,2025-12-25,29,5,2025-12-25 05:00:00,952.024625922825,0,952.024625922825
exp007/cost_only_42,exp007 仅费用·42,2025-12-25,30,5.16666666666667,2025-12-25 05:10:00,959.696151874237,0,959.696151874237
exp007/cost_only_42,exp007 仅费用·42,2025-12-25,31,5.33333333333333,2025-12-25 05:20:00,1064.57413449537,0,1064.57413449537
exp007/cost_only_42,exp007 仅费用·42,2025-12-25,32,5.5,2025-12-25 05:30:00,1133.93375520863,0,1133.93375520863
exp007/cost_only_42,exp007 仅费用·42,2025-12-25,33,5.66666666666667,2025-12-25 05:40:00,1250,0,1250
exp007/cost_only_42,exp007 仅费用·42,2025-12-25,34,5.83333333333333,2025-12-25 05:50:00,1250,0,1250
exp007/cost_only_42,exp007 仅费用·42,2025-12-25,35,6,2025-12-25 06:00:00,847.580125911329,0,847.580125911329
exp007/cost_only_42,exp007 仅费用·42,2025-12-25,36,6.16666666666667,2025-12-25 06:10:00,684.051927672888,0,684.051927672888
exp007/cost_only_42,exp007 仅费用·42,2025-12-25,37,6.33333333333333,2025-12-25 06:20:00,1027.46610981934,0,1027.46610981934
exp007/cost_only_42,exp007 仅费用·42,2025-12-25,38,6.5,2025-12-25 06:30:00,1153.70969463779,0,1153.70969463779
exp007/cost_only_42,exp007 仅费用·42,2025-12-25,39,6.66666666666667,2025-12-25 06:40:00,715.73107523286,0,715.73107523286
exp007/cost_only_42,exp007 仅费用·42,2025-12-25,40,6.83333333333333,2025-12-25 06:50:00,0,0,0
exp007/cost_only_42,exp007 仅费用·42,2025-12-25,41,7,2025-12-25 07:00:00,0,0,0
exp007/cost_only_42,exp007 仅费用·42,2025-12-25,42,7.16666666666667,2025-12-25 07:10:00,0,0,0
exp007/cost_only_42,exp007 仅费用·42,2025-12-25,43,7.33333333333333,2025-12-25 07:20:00,0,0,0
exp007/cost_only_42,exp007 仅费用·42,2025-12-25,44,7.5,2025-12-25 07:30:00,0,2171.6344353644,-2171.6344353644
exp007/cost_only_42,exp007 仅费用·42,2025-12-25,45,7.66666666666667,2025-12-25 07:40:00,0,2289.86589321346,-2289.86589321346
exp007/cost_only_42,exp007 仅费用·42,2025-12-25,46,7.83333333333333,2025-12-25 07:50:00,0,2156.25332110785,-2156.25332110785
exp007/cost_only_42,exp007 仅费用·42,2025-12-25,47,8,2025-12-25 08:00:00,0,2500,-2500
exp007/cost_only_42,exp007 仅费用·42,2025-12-25,48,8.16666666666667,2025-12-25 08:10:00,0,2150.9968723767,-2150.9968723767
exp007/cost_only_42,exp007 仅费用·42,2025-12-25,49,8.33333333333333,2025-12-25 08:20:00,0,1880.76256652238,-1880.76256652238
exp007/cost_only_42,exp007 仅费用·42,2025-12-25,50,8.5,2025-12-25 08:30:00,0,2198.18996316696,-2198.18996316696
exp007/cost_only_42,exp007 仅费用·42,2025-12-25,51,8.66666666666667,2025-12-25 08:40:00,1199.42860352178,0,1199.42860352178
exp007/cost_only_42,exp007 仅费用·42,2025-12-25,52,8.83333333333333,2025-12-25 08:50:00,1250,0,1250
exp007/cost_only_42,exp007 仅费用·42,2025-12-25,53,9,2025-12-25 09:00:00,1250,0,1250
exp007/cost_only_42,exp007 仅费用·42,2025-12-25,54,9.16666666666667,2025-12-25 09:10:00,1250,0,1250
exp007/cost_only_42,exp007 仅费用·42,2025-12-25,55,9.33333333333333,2025-12-25 09:20:00,1250,0,1250
exp007/cost_only_42,exp007 仅费用·42,2025-12-25,56,9.5,2025-12-25 09:30:00,1250,0,1250
exp007/cost_only_42,exp007 仅费用·42,2025-12-25,57,9.66666666666667,2025-12-25 09:40:00,1250,0,1250
exp007/cost_only_42,exp007 仅费用·42,2025-12-25,58,9.83333333333333,2025-12-25 09:50:00,1250,0,1250
exp007/cost_only_42,exp007 仅费用·42,2025-12-25,59,10,2025-12-25 10:00:00,1250,0,1250
exp007/cost_only_42,exp007 仅费用·42,2025-12-25,60,10.1666666666667,2025-12-25 10:10:00,1250,0,1250
exp007/cost_only_42,exp007 仅费用·42,2025-12-25,61,10.3333333333333,2025-12-25 10:20:00,1250,0,1250
exp007/cost_only_42,exp007 仅费用·42,2025-12-25,62,10.5,2025-12-25 10:30:00,1144.43067188247,0,1144.43067188247
exp007/cost_only_42,exp007 仅费用·42,2025-12-25,63,10.6666666666667,2025-12-25 10:40:00,841.757523958467,0,841.757523958467
exp007/cost_only_42,exp007 仅费用·42,2025-12-25,64,10.8333333333333,2025-12-25 10:50:00,1070.54825231463,0,1070.54825231463
exp007/cost_only_42,exp007 仅费用·42,2025-12-25,65,11,2025-12-25 11:00:00,1143.56437635082,0,1143.56437635082
exp007/cost_only_42,exp007 仅费用·42,2025-12-25,66,11.1666666666667,2025-12-25 11:10:00,635.008657257302,0,635.008657257302
exp007/cost_only_42,exp007 仅费用·42,2025-12-25,67,11.3333333333333,2025-12-25 11:20:00,0,0,0
exp007/cost_only_42,exp007 仅费用·42,2025-12-25,68,11.5,2025-12-25 11:30:00,0,0,0
exp007/cost_only_42,exp007 仅费用·42,2025-12-25,69,11.6666666666667,2025-12-25 11:40:00,0,0,0
exp007/cost_only_42,exp007 仅费用·42,2025-12-25,70,11.8333333333333,2025-12-25 11:50:00,0,0,0
exp007/cost_only_42,exp007 仅费用·42,2025-12-25,71,12,2025-12-25 12:00:00,0,0,0
exp007/cost_only_42,exp007 仅费用·42,2025-12-25,72,12.1666666666667,2025-12-25 12:10:00,0,0,0
exp007/cost_only_42,exp007 仅费用·42,2025-12-25,73,12.3333333333333,2025-12-25 12:20:00,0,0,0
exp007/cost_only_42,exp007 仅费用·42,2025-12-25,74,12.5,2025-12-25 12:30:00,0,0,0
exp007/cost_only_42,exp007 仅费用·42,2025-12-25,75,12.6666666666667,2025-12-25 12:40:00,0,0,0
exp007/cost_only_42,exp007 仅费用·42,2025-12-25,76,12.8333333333333,2025-12-25 12:50:00,0,0,0
exp007/cost_only_42,exp007 仅费用·42,2025-12-25,77,13,2025-12-25 13:00:00,0,0,0
exp007/cost_only_42,exp007 仅费用·42,2025-12-25,78,13.1666666666667,2025-12-25 13:10:00,0,0,0
exp007/cost_only_42,exp007 仅费用·42,2025-12-25,79,13.3333333333333,2025-12-25 13:20:00,0,0,0
exp007/cost_only_42,exp007 仅费用·42,2025-12-25,80,13.5,2025-12-25 13:30:00,0,0,0
exp007/cost_only_42,exp007 仅费用·42,2025-12-25,81,13.6666666666667,2025-12-25 13:40:00,0,0,0
exp007/cost_only_42,exp007 仅费用·42,2025-12-25,82,13.8333333333333,2025-12-25 13:50:00,0,0,0
exp007/cost_only_42,exp007 仅费用·42,2025-12-25,83,14,2025-12-25 14:00:00,0,0,0
exp007/cost_only_42,exp007 仅费用·42,2025-12-25,84,14.1666666666667,2025-12-25 14:10:00,0,0,0
exp007/cost_only_42,exp007 仅费用·42,2025-12-25,85,14.3333333333333,2025-12-25 14:20:00,0,0,0
exp007/cost_only_42,exp007 仅费用·42,2025-12-25,86,14.5,2025-12-25 14:30:00,0,0,0
exp007/cost_only_42,exp007 仅费用·42,2025-12-25,87,14.6666666666667,2025-12-25 14:40:00,0,0,0
exp007/cost_only_42,exp007 仅费用·42,2025-12-25,88,14.8333333333333,2025-12-25 14:50:00,0,0,0
exp007/cost_only_42,exp007 仅费用·42,2025-12-25,89,15,2025-12-25 15:00:00,0,0,0
exp007/cost_only_42,exp007 仅费用·42,2025-12-25,90,15.1666666666667,2025-12-25 15:10:00,0,0,0
exp007/cost_only_42,exp007 仅费用·42,2025-12-25,91,15.3333333333333,2025-12-25 15:20:00,0,0,0
exp007/cost_only_42,exp007 仅费用·42,2025-12-25,92,15.5,2025-12-25 15:30:00,0,0,0
exp007/cost_only_42,exp007 仅费用·42,2025-12-25,93,15.6666666666667,2025-12-25 15:40:00,0,0,0
exp007/cost_only_42,exp007 仅费用·42,2025-12-25,94,15.8333333333333,2025-12-25 15:50:00,0,0,0
exp007/cost_only_42,exp007 仅费用·42,2025-12-25,95,16,2025-12-25 16:00:00,0,0,0
exp007/cost_only_42,exp007 仅费用·42,2025-12-25,96,16.1666666666667,2025-12-25 16:10:00,0,0,0
exp007/cost_only_42,exp007 仅费用·42,2025-12-25,97,16.3333333333333,2025-12-25 16:20:00,0,0,0
exp007/cost_only_42,exp007 仅费用·42,2025-12-25,98,16.5,2025-12-25 16:30:00,0,0,0
exp007/cost_only_42,exp007 仅费用·42,2025-12-25,99,16.6666666666667,2025-12-25 16:40:00,0,0,0
exp007/cost_only_42,exp007 仅费用·42,2025-12-25,100,16.8333333333333,2025-12-25 16:50:00,0,0,0
exp007/cost_only_42,exp007 仅费用·42,2025-12-25,101,17,2025-12-25 17:00:00,0,0,0
exp007/cost_only_42,exp007 仅费用·42,2025-12-25,102,17.1666666666667,2025-12-25 17:10:00,0,0,0
exp007/cost_only_42,exp007 仅费用·42,2025-12-25,103,17.3333333333333,2025-12-25 17:20:00,0,0,0
exp007/cost_only_42,exp007 仅费用·42,2025-12-25,104,17.5,2025-12-25 17:30:00,0,0,0
exp007/cost_only_42,exp007 仅费用·42,2025-12-25,105,17.6666666666667,2025-12-25 17:40:00,0,0,0
exp007/cost_only_42,exp007 仅费用·42,2025-12-25,106,17.8333333333333,2025-12-25 17:50:00,0,2500,-2500
exp007/cost_only_42,exp007 仅费用·42,2025-12-25,107,18,2025-12-25 18:00:00,0,2440.12744384044,-2440.12744384044
exp007/cost_only_42,exp007 仅费用·42,2025-12-25,108,18.1666666666667,2025-12-25 18:10:00,0,2243.01137999996,-2243.01137999996
exp007/cost_only_42,exp007 仅费用·42,2025-12-25,109,18.3333333333333,2025-12-25 18:20:00,0,2174.00295707813,-2174.00295707813
exp007/cost_only_42,exp007 仅费用·42,2025-12-25,110,18.5,2025-12-25 18:30:00,0,2262.9486450184,-2262.9486450184
exp007/cost_only_42,exp007 仅费用·42,2025-12-25,111,18.6666666666667,2025-12-25 18:40:00,0,2335.51455492179,-2335.51455492179
exp007/cost_only_42,exp007 仅费用·42,2025-12-25,112,18.8333333333333,2025-12-25 18:50:00,0,2259.59423046428,-2259.59423046428
exp007/cost_only_42,exp007 仅费用·42,2025-12-25,113,19,2025-12-25 19:00:00,0,2181.76765101165,-2181.76765101165
exp007/cost_only_42,exp007 仅费用·42,2025-12-25,114,19.1666666666667,2025-12-25 19:10:00,0,2345.28708105276,-2345.28708105276
exp007/cost_only_42,exp007 仅费用·42,2025-12-25,115,19.3333333333333,2025-12-25 19:20:00,0,2342.68819258869,-2342.68819258869
exp007/cost_only_42,exp007 仅费用·42,2025-12-25,116,19.5,2025-12-25 19:30:00,0,2193.71388952738,-2193.71388952738
exp007/cost_only_42,exp007 仅费用·42,2025-12-25,117,19.6666666666667,2025-12-25 19:40:00,0,2336.65409520368,-2336.65409520368
exp007/cost_only_42,exp007 仅费用·42,2025-12-25,118,19.8333333333333,2025-12-25 19:50:00,0,2500,-2500
exp007/cost_only_42,exp007 仅费用·42,2025-12-25,119,20,2025-12-25 20:00:00,0,2483.80281991148,-2483.80281991148
exp007/cost_only_42,exp007 仅费用·42,2025-12-25,120,20.1666666666667,2025-12-25 20:10:00,0,2227.4962860109,-2227.4962860109
exp007/cost_only_42,exp007 仅费用·42,2025-12-25,121,20.3333333333333,2025-12-25 20:20:00,0,2100.19266355166,-2100.19266355166
exp007/cost_only_42,exp007 仅费用·42,2025-12-25,122,20.5,2025-12-25 20:30:00,0,2209.3039833587,-2209.3039833587
exp007/cost_only_42,exp007 仅费用·42,2025-12-25,123,20.6666666666667,2025-12-25 20:40:00,0,2343.58429291846,-2343.58429291846
exp007/cost_only_42,exp007 仅费用·42,2025-12-25,124,20.8333333333333,2025-12-25 20:50:00,0,2333.00688122878,-2333.00688122878
exp007/cost_only_42,exp007 仅费用·42,2025-12-25,125,21,2025-12-25 21:00:00,0,2211.73214618049,-2211.73214618049
exp007/cost_only_42,exp007 仅费用·42,2025-12-25,126,21.1666666666667,2025-12-25 21:10:00,0,2174.95858065925,-2174.95858065925
exp007/cost_only_42,exp007 仅费用·42,2025-12-25,127,21.3333333333333,2025-12-25 21:20:00,0,1936.44035316659,-1936.44035316659
exp007/cost_only_42,exp007 仅费用·42,2025-12-25,128,21.5,2025-12-25 21:30:00,0,0,0
exp007/cost_only_42,exp007 仅费用·42,2025-12-25,129,21.6666666666667,2025-12-25 21:40:00,0,0,0
exp007/cost_only_42,exp007 仅费用·42,2025-12-25,130,21.8333333333333,2025-12-25 21:50:00,0,0,0
exp007/cost_only_42,exp007 仅费用·42,2025-12-25,131,22,2025-12-25 22:00:00,0,0,0
exp007/cost_only_42,exp007 仅费用·42,2025-12-25,132,22.1666666666667,2025-12-25 22:10:00,0,0,0
exp007/cost_only_42,exp007 仅费用·42,2025-12-25,133,22.3333333333333,2025-12-25 22:20:00,0,0,0
exp007/cost_only_42,exp007 仅费用·42,2025-12-25,134,22.5,2025-12-25 22:30:00,0,0,0
exp007/cost_only_42,exp007 仅费用·42,2025-12-25,135,22.6666666666667,2025-12-25 22:40:00,0,0,0
exp007/cost_only_42,exp007 仅费用·42,2025-12-25,136,22.8333333333333,2025-12-25 22:50:00,0,0,0
exp007/cost_only_42,exp007 仅费用·42,2025-12-25,137,23,2025-12-25 23:00:00,0,0,0
exp007/cost_only_42,exp007 仅费用·42,2025-12-25,138,23.1666666666667,2025-12-25 23:10:00,0,0,0
exp007/cost_only_42,exp007 仅费用·42,2025-12-25,139,23.3333333333333,2025-12-25 23:20:00,0,0,0
exp007/cost_only_42,exp007 仅费用·42,2025-12-25,140,23.5,2025-12-25 23:30:00,0,0,0
exp007/cost_only_42,exp007 仅费用·42,2025-12-25,141,23.6666666666667,2025-12-25 23:40:00,0,0,0
exp007/cost_only_42,exp007 仅费用·42,2025-12-25,142,23.8333333333333,2025-12-25 23:50:00,0,0,0
exp007/cost_only_42,exp007 仅费用·42,2025-12-25,143,24,2025-12-26 00:00:00,0,0,0
