run,scenario,days,passed,full_comparable_q2,eligible_for_selection,total_cost,planned_cost,up_cost,down_cost,emergency_cost,direction_reversals,active_slots,throughput_kwh,equivalent_full_cycles,power_ramp_total_kw,simultaneous_slots,realized_physics_only,known_initializer_emergency_charging_relaxation,goal_passed,archive,archive_sha256,cost_reduction_vs_exp006_pct
absolute_hgb_update_dispatch/full334/3,3,334,True,False,True,12826263.074326914,11618817.810945397,1005681.0249849696,0.0,201764.2383964864,5693,39548,11726491.269743094,487.92727164350316,24229597.551264893,0,True,False,False,data/results/exp008/absolute_hgb_update_dispatch/full334/3/dispatch_3.npz,793c9b872814c0b157f34b43fa93cc3aa6649164a4c0d2c6b17684632051ca1e,
absolute_hgb_update_dispatch/full334/4-3,4-3,334,True,False,True,13579870.464961825,12265276.060812254,1089701.9227077062,0.0,224892.48144194594,6625,39696,12593476.88442285,524.0016369111237,36753201.456022985,0,True,False,False,data/results/exp008/absolute_hgb_update_dispatch/full334/4-3/dispatch_4-3.npz,be922b20ea385882362607373083211d8a854f8f15617060bb7448ffda30a437,
analog_risk/analog90_n21_half42_30days,2,30,True,False,True,1307354.7319352538,1206041.5282987645,0.0,0.0,101313.20363648825,734,3671,1173858.0703919341,48.84292852268776,3226456.4130007317,0,True,False,False,data/results/exp008/analog_risk/analog90_n21_half42_30days/dispatch_2.npz,d3fb9ce54203c75fb85ec75a367eabcdac41155b7b38379154bb29eeae14ae6c,
analog_risk/analog90_n21_half42_warm21_60days,2,60,True,False,True,2308045.315827538,2255080.676253798,0.0,0.0,52964.63957373104,1370,7388,2270449.6451908886,94.46950379186275,6218796.898485209,0,True,False,False,data/results/exp008/analog_risk/analog90_n21_half42_warm21_60days/dispatch_2.npz,0c6a32ff1d6050de1a2674fda63590792c5e85837cc51d82a95a806a62f5db69,
analog_risk/tree28_60days,2,60,True,False,True,2307809.1367585324,2251538.785352126,0.0,0.0,56270.35140640799,1346,7419,2268763.117112475,94.39967665546622,6099500.529394535,0,True,False,False,data/results/exp008/analog_risk/tree28_60days/dispatch_2.npz,ba437afa5e135385ee08ab08f890618bdcfaeeb5a86944bedd38b812c75edf55,
block_purchase/base_fixed_blocks_blocks24_pilot30,2,30,True,False,True,1290369.5318173007,1218057.6108080174,0.0,0.0,72311.9210092829,120,3252,1042527.4257118359,43.378062486183346,2430054.552061148,0,True,False,False,data/results/exp008/block_purchase/base_fixed_blocks_blocks24_pilot30/dispatch_2.npz,0d25dd51527ed826d337e6dd678f939696d85619a5c088783d6d684bd0f774d6,
block_purchase/base_fixed_blocks_blocks4_pilot30,2,30,True,False,True,1300263.5127008564,1221396.2491417048,0.0,0.0,78867.263559154,120,2779,1048290.9597075314,43.618351660894085,2376733.109296835,0,True,False,False,data/results/exp008/block_purchase/base_fixed_blocks_blocks4_pilot30/dispatch_2.npz,d9179184de7a94fab0f692d439d1eca23e6b2011827800a1cc31e9da2b60931f,
block_purchase/base_fixed_blocks_blocks8_pilot30,2,30,True,False,True,1295232.9972779849,1220313.9886232251,0.0,0.0,74919.00865475807,120,2818,1051298.389545179,43.74332187974847,2395207.665784063,0,True,False,False,data/results/exp008/block_purchase/base_fixed_blocks_blocks8_pilot30/dispatch_2.npz,7c8e82d71682304f958ad648840186ac0032298c7d2d4ef24647fee0ca0c35cf,
block_purchase/base_greedy_blocks24_pilot30,2,30,True,False,True,1274889.8599292254,1206604.6166994716,0.0,0.0,68285.24322974925,797,3850,1194544.0189582189,49.704168838917745,3321881.141072565,0,True,False,False,data/results/exp008/block_purchase/base_greedy_blocks24_pilot30/dispatch_2.npz,c1192fa950ce2a1b517f9765a40ff2ef7dde5720ded74327fcf36f792b4ca4a4,
block_purchase/base_greedy_blocks4_pilot30,2,30,True,False,True,1269767.4026327406,1204799.578320602,0.0,0.0,64967.824312141,805,3846,1199399.0771805006,49.90613915960159,3299184.5406451337,0,True,False,False,data/results/exp008/block_purchase/base_greedy_blocks4_pilot30/dispatch_2.npz,f399f58e6b0b531b20d6d9b100931d52529c2981e1706ed7482ba7b3b263e7e2,
block_purchase/base_greedy_blocks8_pilot30,2,30,True,False,True,1270095.537518821,1204632.61911182,0.0,0.0,65462.91840700068,801,3825,1196455.487026738,49.7837029543283,3305201.5557062556,0,True,False,False,data/results/exp008/block_purchase/base_greedy_blocks8_pilot30/dispatch_2.npz,9f6a33662231e4885990f9bdac149b68d673b62a75d93cf83a477bd4def04980,
block_purchase/base_impulse100_blocks4_rounds0_step50_pilot30,2,30,True,False,True,1265383.3266702928,1216683.8138695797,0.0,0.0,48699.51280070999,275,3077,1188035.0533939567,49.43312993516215,3432997.355092649,0,True,False,False,data/results/exp008/block_purchase/base_impulse100_blocks4_rounds0_step50_pilot30/dispatch_2.npz,c964e1e2addd9f5497df7c18200f5657c97d7f2297573e20629b102dda69734c,
block_purchase/base_impulse100_blocks4_rounds2_step50_pilot30,2,30,True,False,True,1270727.1255402842,1196806.8079633242,0.0,0.0,73920.31757695627,277,3167,1193266.5867710211,49.65080837103999,3365352.340615333,0,True,False,False,data/results/exp008/block_purchase/base_impulse100_blocks4_rounds2_step50_pilot30/dispatch_2.npz,932e0da1b6f1290f07d507802b0b188841cc24502690eff2a8b282eeec6d0694,
block_purchase/base_impulse300_blocks4_rounds0_step50_pilot30,2,30,True,False,True,1271935.262866799,1218639.2228521018,0.0,0.0,53296.04001469415,247,2999,1184409.2688889392,49.28226497015161,3310299.531394367,0,True,False,False,data/results/exp008/block_purchase/base_impulse300_blocks4_rounds0_step50_pilot30/dispatch_2.npz,96a8d0b3e1d1a68d23ae0465e1fac282b8264c3864f02e0c7aa4d5338f555348,
block_purchase/base_impulse300_blocks4_rounds2_step50_pilot30,2,30,True,False,True,1277787.579278683,1203966.448187116,0.0,0.0,73821.13109156377,247,3060,1186769.764852764,49.38048264980057,3266830.051861665,0,True,False,False,data/results/exp008/block_purchase/base_impulse300_blocks4_rounds2_step50_pilot30/dispatch_2.npz,8f546f7f2c0bc4c8cc90efad5ddf853230edbcba7ec6beecb4e2611dba9595c8,
block_purchase/base_markov300_blocks4_rounds0_step50_pilot30,2,30,True,False,True,1269098.835902076,1217556.5522996408,0.0,0.0,51542.28360243256,249,3046,1185006.7795993527,49.30712674345755,3282219.8725834694,0,True,False,False,data/results/exp008/block_purchase/base_markov300_blocks4_rounds0_step50_pilot30/dispatch_2.npz,3822fef7a4e917c71d7247f711c02d550225c4a920df78f0f7fe9ba84dec38cc,
block_purchase/base_markov300_blocks4_rounds1_step50_pilot30,2,30,True,False,True,1279094.527639957,1210759.0186443406,0.0,0.0,68335.50899561452,247,3045,1182623.5047703767,49.2079612599087,3297832.528065749,0,True,False,False,data/results/exp008/block_purchase/base_markov300_blocks4_rounds1_step50_pilot30/dispatch_2.npz,0ff248c26bda6c848bd38fbf95a699c0761efe6f676c27d7b79252fed918311c,
block_purchase/calendar90_markov300_blocks8_rounds0_step50_pilot30,2,30,True,False,True,1275801.4538917814,1235926.6997807687,0.0,0.0,39874.754111014794,237,2959,1168631.027072888,48.62541669169691,3109486.3774414537,0,True,False,False,data/results/exp008/block_purchase/calendar90_markov300_blocks8_rounds0_step50_pilot30/dispatch_2.npz,180979d7f580916b2686f0fe383a75285e83f31063805ece5f59327ab36ff974,
block_purchase/calendar90_markov300_blocks8_rounds1_step50_pilot30,2,30,True,False,True,1265886.2183452286,1230081.5387133064,0.0,0.0,35804.67963192456,231,2982,1163841.6404332272,48.42613550253232,3120541.411611098,0,True,False,False,data/results/exp008/block_purchase/calendar90_markov300_blocks8_rounds1_step50_pilot30/dispatch_2.npz,bab66be44f4f317b251f7118c38d1f1d192bf22c4f94dbdf337bafd85d56570d,
block_purchase/ridge28_dp_blocks4_step50_pilot30,2,30,True,False,True,1269756.9475915527,1204973.0830571668,0.0,0.0,64783.86453438673,654,3790,1184010.5532487193,49.26515337225002,3301839.7182949814,0,True,False,False,data/results/exp008/block_purchase/ridge28_dp_blocks4_step50_pilot30/dispatch_2.npz,e663d17a1dec960467291aea28d65b43399b1c49a14d8b47de2665c575ccf130,
block_purchase/ridge28_impulse100_blocks4_step100_pilot30,2,30,True,False,True,1293446.27479399,1216764.1364031115,0.0,0.0,76682.13839087969,265,3007,1171660.7690347112,48.751522294681635,3298923.4093288165,0,True,False,False,data/results/exp008/block_purchase/ridge28_impulse100_blocks4_step100_pilot30/dispatch_2.npz,f22710b4ec3c3a77e3d1693cbd3d1aefdfd3bf4b7c791af6cf46515bd0ab60c9,
block_purchase/ridge28_impulse100_blocks4_step50_pilot30,2,30,True,False,True,1285188.2598431539,1211589.7890818347,0.0,0.0,73598.47076132022,269,3057,1175989.310435817,48.93162821275836,3299864.0856083343,0,True,False,False,data/results/exp008/block_purchase/ridge28_impulse100_blocks4_step50_pilot30/dispatch_2.npz,c3ac61d65572dc99f609f54c52ec13e9f805cbf12330ba55bcd0a93de0be3f88,
block_purchase/ridge28_impulse300_blocks4_step100_pilot30,2,30,True,False,True,1299582.2625297923,1222439.280929954,0.0,0.0,77142.9815998398,241,2929,1165970.9958383315,48.51477699638773,3180988.4634739673,0,True,False,False,data/results/exp008/block_purchase/ridge28_impulse300_blocks4_step100_pilot30/dispatch_2.npz,2140514adca8f297fdb24b1d6cee763dec766f27354cd9c4ca8ba0d09505ff04,
block_purchase/ridge28_impulse300_blocks4_step50_pilot30,2,30,True,False,True,1287724.690995861,1217640.6691917554,0.0,0.0,70084.02180410668,245,2964,1174511.50254747,48.87013822760914,3194484.4430999123,0,True,False,False,data/results/exp008/block_purchase/ridge28_impulse300_blocks4_step50_pilot30/dispatch_2.npz,7fd9f37d71b7d0c67706bd7a9feda220122e2c797dfd3fafc2c212768458fda2,
block_purchase/ridge28_markov100_blocks4_rounds0_step50_pilot30,2,30,True,False,True,1266797.579069791,1224977.6927966806,0.0,0.0,41819.88627311241,274,3159,1174338.3012750852,48.862601854500966,3342545.7550112284,0,True,False,False,data/results/exp008/block_purchase/ridge28_markov100_blocks4_rounds0_step50_pilot30/dispatch_2.npz,025130ba70952373ced40ff8620ced50a7399f2595942ba78e949c2b9fa43aaa,
block_purchase/ridge28_markov100_blocks4_rounds1_step50_pilot30,2,30,True,False,True,1259217.5705434878,1218257.3700862858,0.0,0.0,40960.200457203784,280,3237,1177558.0744933332,48.996573129749315,3320298.1024099123,0,True,False,False,data/results/exp008/block_purchase/ridge28_markov100_blocks4_rounds1_step50_pilot30/dispatch_2.npz,462bde2c67801661efeee0de876fa7db63d608cb5f69bbfaf83277575cd91e54,
block_purchase/ridge28_markov200_blocks8_rounds1_step50_pilot30,2,30,True,False,True,1258745.6338367504,1221372.2263152995,0.0,0.0,37373.40752145147,251,3044,1171376.6591079826,48.739700788440516,3165703.242883262,0,True,False,False,data/results/exp008/block_purchase/ridge28_markov200_blocks8_rounds1_step50_pilot30/dispatch_2.npz,5e3a04e6e9fc5d5201c09249a70aab5866c6d377dc170bebd8106b476f2bfb4c,
block_purchase/ridge28_markov300_blocks24_rounds1_step50_pilot30,2,30,True,False,True,1267496.2630066364,1229168.403875849,0.0,0.0,38327.85913078578,217,3065,1157820.8986758546,48.17566338864212,3085055.9816991864,0,True,False,False,data/results/exp008/block_purchase/ridge28_markov300_blocks24_rounds1_step50_pilot30/dispatch_2.npz,38271686286946d63db038bd4f5ca16d066d0351e32a54e01c1c6c19bd33bb4a,
block_purchase/ridge28_markov300_blocks4_rounds0_step50_pilot30,2,30,True,False,True,1274332.4085735953,1230642.2640276041,0.0,0.0,43690.14454599368,241,2974,1172887.4024936426,48.80256118394999,3162366.425127346,0,True,False,False,data/results/exp008/block_purchase/ridge28_markov300_blocks4_rounds0_step50_pilot30/dispatch_2.npz,6660e065fd62b59a2dc695abe5d7103f375ef4fe7d132fef6f67bf0098ee72b2,
block_purchase/ridge28_markov300_blocks4_rounds1_step50_pilot30,2,30,True,False,True,1269773.224537156,1226438.156783805,0.0,0.0,43335.06775335358,237,3006,1173507.3653535026,48.82835716686932,3164432.24935391,0,True,False,False,data/results/exp008/block_purchase/ridge28_markov300_blocks4_rounds1_step50_pilot30/dispatch_2.npz,d4a95f3cc24c3cdd2dad652a3a7d8644d6a380624ab78916ba5cf3776c045656,
block_purchase/ridge28_markov300_blocks8_rounds0_step50_full334,2,334,True,True,True,13595627.79074394,12790802.984284913,0.0,0.0,804824.8064590011,2303,31701,11939367.966565326,496.7846521541831,33115152.689400613,0,True,False,False,data/results/exp008/block_purchase/ridge28_markov300_blocks8_rounds0_step50_full334/dispatch_2.npz,ba5295039d0122e50ad93017b70a3e3f9842ae614698d43db3cda7abe8823808,3.3458059990284617
block_purchase/ridge28_markov300_blocks8_rounds1_step50_full334,2,334,True,True,True,13589137.18959579,12804580.791415919,0.0,0.0,784556.398179831,2245,31745,11858669.565800708,493.42687912853495,32584431.27726015,0,True,False,False,data/results/exp008/block_purchase/ridge28_markov300_blocks8_rounds1_step50_full334/dispatch_2.npz,2ef481203dc0d30585208a8dcbe2afb086e52349c9649ab6c5f9de9b3391a03b,3.3919490556207577
block_purchase/ridge28_markov300_blocks8_rounds2_step50_pilot30,2,30,True,False,True,1260350.1253673378,1220919.9887616872,0.0,0.0,39430.13660564709,231,3053,1166967.5178184593,48.55674050339312,3150391.965913066,0,True,False,False,data/results/exp008/block_purchase/ridge28_markov300_blocks8_rounds2_step50_pilot30/dispatch_2.npz,ba9554d0c841e86e52f2712991035a21744226e8a53b84bf294d7784cca45f0d,
block_purchase/ridge28_markovtail3_300_blocks8_rounds0_step50_pilot30,2,30,True,False,True,1274313.1532670371,1230677.1546560565,0.0,0.0,43635.99861098333,241,2968,1172925.110970316,48.804130192810284,3170154.808021513,0,True,False,False,data/results/exp008/block_purchase/ridge28_markovtail3_300_blocks8_rounds0_step50_pilot30/dispatch_2.npz,1baa3005ff3f6758295cd196e75d2a4a9c430439333b9982bdccacd86fb1d641,
block_purchase/ridge28_markovtail3_300_blocks8_rounds1_step50_pilot30,2,30,True,False,True,1263493.59483508,1225680.1876185639,0.0,0.0,37813.40721651615,235,2994,1167560.3194359052,48.580907029379645,3197567.8049142202,0,True,False,False,data/results/exp008/block_purchase/ridge28_markovtail3_300_blocks8_rounds1_step50_pilot30/dispatch_2.npz,a1174305461a8bc9986375a1f31c78c779a08f71c1c1a5ec6f317533ef4f9a1b,
block_purchase/ridge_28_fixed_blocks_blocks24_pilot30,2,30,True,False,True,1350218.657266776,1232870.9651166953,0.0,0.0,117347.69215008034,120,3075,1010572.3303613435,42.04816850658748,2314801.3204667377,0,True,False,False,data/results/exp008/block_purchase/ridge_28_fixed_blocks_blocks24_pilot30/dispatch_2.npz,3272e628092dea9c3bfd5cefc4c200911dcb9bff5222534b32e05590660b5a62,
block_purchase/ridge_28_fixed_blocks_blocks4_pilot30,2,30,True,False,True,1335812.9726588135,1237297.6307212408,0.0,0.0,98515.34193757176,120,2791,1024270.816760148,42.618809234231534,2283738.7062593885,0,True,False,False,data/results/exp008/block_purchase/ridge_28_fixed_blocks_blocks4_pilot30/dispatch_2.npz,b5b4f6b7df2e1344ab5e7ce4baef2e1bd31613974ac5f262916fce4f011dbbdd,
block_purchase/ridge_28_fixed_blocks_blocks8_pilot30,2,30,True,False,True,1338884.5367283667,1235918.5330370162,0.0,0.0,102966.00369134972,120,2830,1024199.0657411609,42.61564322379041,2296382.8907970255,0,True,False,False,data/results/exp008/block_purchase/ridge_28_fixed_blocks_blocks8_pilot30/dispatch_2.npz,83425533851db88364ae11235f421519f84ec0bb83637dba4778ae11bd7d6b0a,
block_purchase/ridge_28_greedy_blocks24_pilot30,2,30,True,False,True,1310486.0031167504,1227674.7727750053,0.0,0.0,82811.2303417465,683,3721,1167547.7788479996,48.5805141380057,3236816.9109721463,0,True,False,False,data/results/exp008/block_purchase/ridge_28_greedy_blocks24_pilot30/dispatch_2.npz,20538dce58b605bd986628b8f6114d5ec3e932becb82772f7b68642310a80bed,
block_purchase/ridge_28_greedy_blocks4_pilot30,2,30,True,False,True,1313530.9469187697,1226804.8199384592,0.0,0.0,86726.12698031368,693,3740,1163813.8205323722,48.42531620565503,3183363.697693462,0,True,False,False,data/results/exp008/block_purchase/ridge_28_greedy_blocks4_pilot30/dispatch_2.npz,4fe0866116a55450b5263775b3a88be3ec21fe7a6aa8ce9817932ebb1c95292c,
block_purchase/ridge_28_greedy_blocks8_pilot30,2,30,True,False,True,1307735.4742989512,1226976.33118262,0.0,0.0,80759.14311632873,664,3693,1164760.003447073,48.464482192669635,3191046.201628849,0,True,False,False,data/results/exp008/block_purchase/ridge_28_greedy_blocks8_pilot30/dispatch_2.npz,02455b27cc00d6c9854ba1fdef9d6c4da4c4fea9a2d718d7aa0794da6d1bac46,
block_purchase/ridge_28_impulse100_blocks4_rounds0_step50_pilot30,2,30,True,False,True,1279517.951169396,1228725.922145629,0.0,0.0,50792.02902376936,265,2965,1171038.1233382698,48.72561468183879,3315455.2515134728,0,True,False,False,data/results/exp008/block_purchase/ridge_28_impulse100_blocks4_rounds0_step50_pilot30/dispatch_2.npz,28262de920e29c520b5d34aaf29822ed8dc4a1979132ee0b70cfc786adf2dff2,
block_purchase/ridge_28_impulse300_blocks4_rounds0_step50_pilot30,2,30,True,False,True,1283807.7569192008,1231805.548742538,0.0,0.0,52002.208176665496,243,2885,1169915.3147668983,48.67889583365598,3204385.521956622,0,True,False,False,data/results/exp008/block_purchase/ridge_28_impulse300_blocks4_rounds0_step50_pilot30/dispatch_2.npz,1a68a10f7ee9a9335cdc3cba55697cced4c3705e57e67417387ef6d795929aff,
block_purchase/ridge_28_markov200_blocks4_rounds0_step50_pilot30,2,30,True,False,True,1271102.9177801367,1229409.100377439,0.0,0.0,41693.81740269957,253,3000,1174386.0904852834,48.86491996757535,3183561.0234738244,0,True,False,False,data/results/exp008/block_purchase/ridge_28_markov200_blocks4_rounds0_step50_pilot30/dispatch_2.npz,cafcf60a55edff52d0c93fe779d4719169962fd141a1a30db4b397b387859b67,
block_purchase/ridge_28_markov200_blocks4_rounds1_step50_pilot30,2,30,True,False,True,1265614.881766928,1223908.4729477456,0.0,0.0,41706.40881918491,249,3059,1175171.3493678775,48.89759373891582,3164340.630233446,0,True,False,False,data/results/exp008/block_purchase/ridge_28_markov200_blocks4_rounds1_step50_pilot30/dispatch_2.npz,2418d4dc129a700311042a58cf9ccf7ce21653f89e0a1f5189d5d3e173570227,
block_purchase/ridge_28_markov300_blocks4_rounds2_step50_pilot30,2,30,True,False,True,1267917.1331244048,1223290.5081423013,0.0,0.0,44626.62498210447,233,3037,1172981.617284583,48.80648135932692,3128015.158096263,0,True,False,False,data/results/exp008/block_purchase/ridge_28_markov300_blocks4_rounds2_step50_pilot30/dispatch_2.npz,2bc1b6fedafa165aff7a4d105338fd6a150c7e0a7be0d6f55160732a450a4fe6,
block_purchase/ridge_28_markov300_blocks8_rounds1_step50_pilot30,2,30,True,False,True,1263447.6683531618,1225538.9441427654,0.0,0.0,37908.724210396555,235,3010,1167516.274009494,48.57907434690633,3151354.4928179644,0,True,False,False,data/results/exp008/block_purchase/ridge_28_markov300_blocks8_rounds1_step50_pilot30/dispatch_2.npz,50889f1497aa508977728d164a90fe0cba4287d865fcbc17953692047ff17f4e,
calibrated_quantile/3,3,334,True,False,True,14185959.551623281,13487501.49730986,556418.4911375843,0.0,142039.56317591126,1336,23003,10554894.610650921,439.1775444101119,18123949.192594714,0,True,False,False,data/results/exp008/calibrated_quantile/3/dispatch_3.npz,dab7c5bbcae6b7666f91e9fa760d237a60ec7f508187346eadcd08692fdd0a85,
calibrated_quantile/4-2,4-2,334,True,False,True,14597316.218310464,13981533.062786497,0.0,0.0,615783.1555240464,1336,23954,10635759.704994831,442.5422676248358,24749895.47875166,0,True,False,False,data/results/exp008/calibrated_quantile/4-2/dispatch_4-2.npz,5296cec99ba89ef7567f239a359bfb03458d369da62b13d8b4b865596164bc26,
calibrated_quantile/4-3,4-3,334,True,False,True,14952383.047017729,14223519.809789395,588090.918858736,0.0,140772.31836964478,1336,23307,10506438.371769939,437.161432754211,24759150.93189773,0,True,False,False,data/results/exp008/calibrated_quantile/4-3/dispatch_4-3.npz,e1d7375027e3008e6582edfd616a7c48c02c10ce8dabbc8c8b073dc6de82790e,
controller_candidates/blocks_q0.60_solar48,2,334,True,True,True,14931516.053811109,12369269.892763527,0.0,0.0,2562246.161047499,1336,30108,10591891.614769416,440.71736056320617,24856936.51985784,0,True,False,False,data/results/exp008/controller_candidates/blocks_q0.60_solar48/dispatch_2.npz,1b38ebbc2e5906ca092b8f39f1060d94d6c027c80bf6deeeecdb281cf26f451e,-6.1513062586358025
controller_candidates/blocks_q0.60_solar54,2,334,True,True,True,14654624.68100691,12129587.28092851,0.0,0.0,2525037.400078351,1336,30333,11011237.757626735,458.16589923998885,24971562.797292955,0,True,False,False,data/results/exp008/controller_candidates/blocks_q0.60_solar54/dispatch_2.npz,075098bd8c5c6bd2ced425851991195a4e297ab08edd012762f0857ac48329be,-4.18282691541394
controller_candidates/blocks_q0.60_solar60,2,334,True,True,True,14579307.1506791,12104909.229587832,0.0,0.0,2474397.921091228,1336,29886,11000124.382638095,457.7034837471512,25029742.857885428,0,True,False,False,data/results/exp008/controller_candidates/blocks_q0.60_solar60/dispatch_2.npz,499e45b66c1e0059c59c08557f382b2a568aed9f6d9c3dd0474dfb76de56d0e1,-3.6473786595464075
controller_candidates/blocks_q0.60_solar64,2,334,True,True,True,14577269.530416287,12142796.441192279,0.0,0.0,2434473.089223983,1336,29332,10987967.694491215,457.19765712414454,24967889.158581495,0,True,False,False,data/results/exp008/controller_candidates/blocks_q0.60_solar64/dispatch_2.npz,92a37a975b16d6c6b66dabe7f05e86884e5eefc2af05af63cfd9cb92587137f9,-3.6328927860572513
controller_candidates/blocks_q0.70_solar48,2,334,True,True,True,14403749.330130877,12719094.596419532,0.0,0.0,1684654.7337113651,1336,30736,10638499.595194027,442.65656858937507,24814715.30862617,0,True,False,False,data/results/exp008/controller_candidates/blocks_q0.70_solar48/dispatch_2.npz,74dc6aeb210a1097a77af6bea90f8c5be06620783563b7935a3445ce18246938,-2.399300975542129
controller_candidates/blocks_q0.70_solar54,2,334,True,True,True,14125852.98855582,12471350.651981805,0.0,0.0,1654502.3365740262,1336,30840,11035818.942519624,459.18859616832793,24910690.37210921,0,True,False,False,data/results/exp008/controller_candidates/blocks_q0.70_solar54/dispatch_2.npz,3be32788a18238a3d0490a01b8fa65a66163e0196a2b68d72f4ec49775582f75,-0.42367709673587495
controller_candidates/blocks_q0.70_solar60,2,334,True,True,True,14055131.177508019,12439542.05943187,0.0,0.0,1615589.1180761638,1336,30278,10996269.68851799,457.5429945577267,24962180.29081357,0,True,False,False,data/results/exp008/controller_candidates/blocks_q0.70_solar60/dispatch_2.npz,06513236398309eb3e3d7eb35eec88412779261c2875913acebd0a81b07b699e,0.07909921858573199
controller_candidates/blocks_q0.70_solar64,2,334,True,True,True,14061334.801141694,12471865.475820454,0.0,0.0,1589469.3253212618,1336,29676,10967968.956175392,456.36543174649773,24937236.651948787,0,True,False,False,data/results/exp008/controller_candidates/blocks_q0.70_solar64/dispatch_2.npz,c05989ec3b430b95e9ceeb04ea388a51f4c7ab4285f64c286a14f1da033081d8,0.03499634585142353
controller_candidates/blocks_q0.80_solar48,2,334,True,True,True,14148846.715171153,13122800.586128859,0.0,0.0,1026046.1290422233,1336,31226,10611316.729540765,441.5251226999799,24595056.247901946,0,True,False,False,data/results/exp008/controller_candidates/blocks_q0.80_solar48/dispatch_2.npz,9e09e01516d6fcdeb7f0bb1d4cac2f435fa3ee4fea4df15e7a7283e2542808fc,-0.5871443633667539
controller_candidates/blocks_q0.80_solar54,2,334,True,True,True,13852077.803399434,12867473.625637334,0.0,0.0,984604.1777620623,1336,31118,10975548.787042556,456.68042399675716,24672224.421599083,0,True,False,False,data/results/exp008/controller_candidates/blocks_q0.80_solar54/dispatch_2.npz,fd1eb9b813901df64f55548851fcc117aab0a789a1b4ca386ed1b663e05219d3,1.5226486092953406
controller_candidates/blocks_q0.80_solar60,2,334,True,True,True,13782217.040528733,12828890.747726144,0.0,0.0,953326.2928025677,1336,30463,10901086.26669322,453.58211919911855,24685528.80676156,0,True,False,False,data/results/exp008/controller_candidates/blocks_q0.80_solar60/dispatch_2.npz,e73bc6e390ea9c861a4e5b94e4a9efef8a566a18d851b039656dd16a96d46173,2.0193035509787016
controller_candidates/blocks_q0.80_solar64,2,334,True,True,True,13798632.076460615,12856743.338529745,0.0,0.0,941888.7379308401,1336,29782,10852977.561758244,451.58036810865127,24606076.505796455,0,True,False,False,data/results/exp008/controller_candidates/blocks_q0.80_solar64/dispatch_2.npz,6ef3c36ee02fe80341ae00e4e27cc46850196ab2359620fc30b88e1b5332cf13,1.902605588081152
controller_candidates/blocks_q0.85_solar48,2,334,True,True,True,14140881.116711415,13347757.587738963,0.0,0.0,793123.5289725334,1336,31373,10568289.90350867,439.7346084872528,24374706.265878666,0,True,False,False,data/results/exp008/controller_candidates/blocks_q0.85_solar48/dispatch_2.npz,d76a6c95f6a05c580f714136a9d8d4a72a43830a12e9608af76b8853854c6a32,-0.5305152388635381
controller_candidates/blocks_q0.85_solar54,2,334,True,True,True,13836121.09661491,13088326.89250355,0.0,0.0,747794.2041115052,1336,31144,10912306.910289118,454.04878342488183,24417424.10660089,0,True,False,False,data/results/exp008/controller_candidates/blocks_q0.85_solar54/dispatch_2.npz,2b95d3d74c295227278bf4eb1617e8b13da7cba3566d76e44740acd6a996324a,1.636088213328779
controller_candidates/blocks_q0.85_solar60,2,334,True,True,True,13767586.277231192,13047144.570331922,0.0,0.0,720441.7068994209,1336,30391,10807788.072694615,449.69986783025206,24404439.601495907,0,True,False,False,data/results/exp008/controller_candidates/blocks_q0.85_solar60/dispatch_2.npz,420b4e7b003a1828c8f09efeb3b4aff2a214ab805372c9d851a5b94d93e51c4b,2.123316742271386
controller_candidates/blocks_q0.85_solar64,2,334,True,True,True,13785537.019855576,13073649.062573582,0.0,0.0,711887.9572821334,1336,29703,10749287.626123846,447.2657276289281,24365833.799371615,0,True,False,False,data/results/exp008/controller_candidates/blocks_q0.85_solar64/dispatch_2.npz,f2d1075eaf470ae3793c8432deefdd92e611978d19a0cf8736ab90b8ee903578,1.9957011156314874
controller_candidates/cal_ridge28_blocks_q085_db100_d30,2,334,True,True,True,13927411.656996567,13067667.645736389,0.0,0.0,859744.0112603154,1335,19745,10765556.131217288,447.94323787247407,23911071.77552361,0,True,False,False,data/results/exp008/controller_candidates/cal_ridge28_blocks_q085_db100_d30/dispatch_2.npz,0172c7591e9da50053bb1517020e87ddca253e8de26768c93a102e29f7dc66b0,0.9870843078531255
controller_candidates/cal_ridge28_blocks_q090_db150_d50,2,334,True,True,True,14080639.965862492,13398890.333240554,0.0,0.0,681749.6326219324,1335,18180,10607369.66610759,441.3610057159094,23663931.091330536,0,True,False,False,data/results/exp008/controller_candidates/cal_ridge28_blocks_q090_db150_d50/dispatch_2.npz,abda416cd88b3687fb4f435dad3d4f2c69da680ca0b6725c45e9b1ae2cb805ed,-0.10224815398809373
controller_candidates/cal_ridge28_closed_raw_blocks_db100,2,334,True,True,True,13935616.605123037,13042623.917374864,0.0,0.0,892992.687748247,1335,23479,10372762.224006336,431.5998844964754,23344664.884675566,0,True,False,False,data/results/exp008/controller_candidates/cal_ridge28_closed_raw_blocks_db100/dispatch_2.npz,435fb5a21aa711558336233517dcabad132ccc8bb62bdf4cfcd14dd9c3364155,0.9287535959367821
controller_candidates/cal_ridge28_closed_raw_greedy,2,334,True,True,True,13529890.903725555,12766197.357079156,0.0,0.0,763693.546646536,7141,40454,11626452.725415464,483.764587988204,31879081.727133878,0,True,False,False,data/results/exp008/controller_candidates/cal_ridge28_closed_raw_greedy/dispatch_2.npz,317ea176046c0296175fb7fb34243ddc5683c17631174dc47f99a0ec94fc01ae,3.8131434349077065
controller_candidates/cal_ridge28_q075_buffer500,2,334,True,True,True,13425681.072671505,12480641.065824604,0.0,0.0,945040.00684688,7179,40038,12104916.492838759,503.6726407662444,33077133.21726452,0,True,False,False,data/results/exp008/controller_candidates/cal_ridge28_q075_buffer500/dispatch_2.npz,0917326041cc54d3b43c5d3e41048c2948dff69fafbcdd330c32715d6c47f9aa,4.553993168552517
controller_candidates/cal_ridge28_q085_buffer500,2,334,True,True,True,13429388.181536432,12880395.568448827,0.0,0.0,548992.6130876929,6221,39057,11934876.47376652,496.5970873797772,32685759.958948173,0,True,False,False,data/results/exp008/controller_candidates/cal_ridge28_q085_buffer500/dispatch_2.npz,ce84202f5e2449986655d6037be0fda38b0b604784015066c2583e829207d009,4.527638547425172
controller_candidates/cal_ridge_28_blocks_q085_s60,2,334,True,True,True,13748225.060392827,13009632.97093856,0.0,0.0,738592.0894544185,1336,30734,10813398.276974944,449.9334510250253,23883271.987171736,0,True,False,False,data/results/exp008/controller_candidates/cal_ridge_28_blocks_q085_s60/dispatch_2.npz,f5e852e728e66de85722e2c28349452dde7efb8c779509464accea5916c54484,2.2609597284720118
controller_candidates/cal_ridge_28_greedy_q080,2,334,True,True,True,13454349.52964713,12681392.614263715,0.0,0.0,772956.9153834047,6787,40177,12046188.739217928,501.2289618815795,33013639.733130954,0,True,False,False,data/results/exp008/controller_candidates/cal_ridge_28_greedy_q080/dispatch_2.npz,5b6c8effe11b268c960464fbe1ce16de65d3f81153452bfd9f156dc7b79ef5e0,4.3501830433505635
controller_candidates/cal_ridge_56_blocks_q085_s60,2,334,True,True,True,13755483.131991971,13009405.83901187,0.0,0.0,746077.2929801497,1336,30637,10813103.792077469,449.92104614953973,23939348.845678188,0,True,False,False,data/results/exp008/controller_candidates/cal_ridge_56_blocks_q085_s60/dispatch_2.npz,c03e9ff63713dec347a100af45de62ebb6a107b53a968f0ace36e2ec8cb32b05,2.2093605620919
controller_candidates/cal_ridge_56_greedy_q080,2,334,True,True,True,13475297.912824206,12681695.884210775,0.0,0.0,793602.0286133812,6979,40163,12038918.716194037,500.92636183137665,33078086.834741957,0,True,False,False,data/results/exp008/controller_candidates/cal_ridge_56_greedy_q080/dispatch_2.npz,ad99419d1fc6a195485c1c5d0e21391ca437b01b49cf34981c8e35f21b829705,4.201256555896837
controller_candidates/closed_pilot_rank_fixed_blocks,2,30,True,False,True,1295000.1969773783,1214341.4442073968,0.0,0.0,80658.752769981,120,3284,1035848.4005721998,43.10005379023885,2234679.215126212,0,True,False,False,data/results/exp008/controller_candidates/closed_pilot_rank_fixed_blocks/dispatch_2.npz,674970df1bf8a90be9499b5f84169f618de6de0f95b176dcf81124541f15c9b0,
controller_candidates/closed_pilot_rank_greedy,2,30,True,False,True,1268383.5410063153,1197857.3874606313,0.0,0.0,70526.15354568338,715,3844,1188864.6508799028,49.46778407067464,3218088.0695119454,0,True,False,False,data/results/exp008/controller_candidates/closed_pilot_rank_greedy/dispatch_2.npz,dfe2a56e3bd0fc0b03b0b7c8c77287849e511b254e72b2e260581d6e12ec5c3d,
controller_candidates/closed_pilot_raw_fixed_blocks,2,30,True,False,True,1295352.7019720876,1219445.7349744223,0.0,0.0,75906.9669976667,120,3267,1034032.6906394114,43.02433284661778,2245249.8333557127,0,True,False,False,data/results/exp008/controller_candidates/closed_pilot_raw_fixed_blocks/dispatch_2.npz,c9762340f99897deff67ab53da3a36e9e99ca99046d7c4a47353bbe0d67f4737,
controller_candidates/closed_pilot_raw_greedy,2,30,True,False,True,1265998.3223912965,1204556.6321019153,0.0,0.0,61441.69028938137,713,3837,1187359.46424188,49.405188086686636,3220035.504971523,0,True,False,False,data/results/exp008/controller_candidates/closed_pilot_raw_greedy/dispatch_2.npz,3909df7ba4e11be48ce96041c3e7accf227baee206b12026851adbf582029487,
controller_candidates/impulse_pilot_q0.7_k100,2,30,True,False,True,1283306.9239006995,1185763.5381288375,0.0,0.0,97543.38577186153,295,3001,1197763.8514391952,49.8380958928043,3365139.2324232124,0,True,False,False,data/results/exp008/controller_candidates/impulse_pilot_q0.7_k100/dispatch_2.npz,307d0873870b27a8b777f72d03bb5e96d155edd5a7acaee5074b16e303dd24c7,
controller_candidates/impulse_pilot_q0.7_k20,2,30,True,False,True,1271974.7160250067,1183747.6857936943,0.0,0.0,88227.03023131195,483,3332,1206503.4482980855,50.20166974702126,3422800.3197484375,0,True,False,False,data/results/exp008/controller_candidates/impulse_pilot_q0.7_k20/dispatch_2.npz,6bcff4c5136d7606c14798945a7eca96684ded6095d800dae2c21d8771736194,
controller_candidates/impulse_pilot_q0.7_k300,2,30,True,False,True,1286995.1215516264,1186397.7273697557,0.0,0.0,100597.39418187119,259,2960,1194398.1041536895,49.6980507947684,3337066.4577018316,0,True,False,False,data/results/exp008/controller_candidates/impulse_pilot_q0.7_k300/dispatch_2.npz,576cd0f3dae675e7b4b05c35ab95276b0f314ff80cc6decfb479ad8577c14ca3,
controller_candidates/impulse_pilot_q0.8_k100,2,30,True,False,True,1268148.4836873338,1216868.3047943646,0.0,0.0,51280.17889296589,275,2995,1186785.319472038,49.38112986065639,3413845.0822896715,0,True,False,False,data/results/exp008/controller_candidates/impulse_pilot_q0.8_k100/dispatch_2.npz,2b27114e7dd64513face8c9a88a5745bea20dd2d22c9f68e8ca5bc88d8962f99,
controller_candidates/impulse_pilot_q0.8_k20,2,30,True,False,True,1261512.7266502874,1214059.3309728373,0.0,0.0,47453.395677446926,431,3220,1192483.707026084,49.61793087361056,3403418.6082221596,0,True,False,False,data/results/exp008/controller_candidates/impulse_pilot_q0.8_k20/dispatch_2.npz,177e9c0a6779a0233c773648be7236a18527c5458ad7fa0d2498dc25c8276e68,
controller_candidates/impulse_pilot_q0.8_k300,2,30,True,False,True,1273676.209886886,1218643.5151812388,0.0,0.0,55032.694705643575,251,2939,1183796.8040260551,49.25678097076297,3308115.9992274176,0,True,False,False,data/results/exp008/controller_candidates/impulse_pilot_q0.8_k300/dispatch_2.npz,1bfa967a9cc6b726565b8434b9554ca6284dbbf094760a3fb2400aa89f14e7c5,
controller_candidates/joint_rank_adaptive_blocks_db0,2,334,True,True,True,14000304.289826054,12438351.110113436,0.0,0.0,1561953.179712649,1797,32475,10959401.247658752,456.0092986948836,20148323.651725635,0,True,False,False,data/results/exp008/controller_candidates/joint_rank_adaptive_blocks_db0/dispatch_2.npz,b731007cf72d1925517c4e8f501d800032540748e0ecae05f01f2ad8889cacf3,0.4688751612670905
controller_candidates/joint_rank_adaptive_blocks_db100,2,334,True,True,True,14904594.30050087,12444001.372539323,0.0,0.0,2460592.927961582,1737,24080,10627639.560662242,442.20505433581997,19929567.067695178,0,True,False,False,data/results/exp008/controller_candidates/joint_rank_adaptive_blocks_db100/dispatch_2.npz,11d0024d8134da74df9483595913bd456ead00935423cf38b6c90ba7f7702e42,-5.959913819291018
controller_candidates/joint_rank_e5,2,334,True,True,True,13863895.308963943,12289668.285400206,0.0,0.0,1574227.0235637384,7099,41989,11398367.763965225,474.27421985380334,23820444.115132336,0,True,False,False,data/results/exp008/controller_candidates/joint_rank_e5/dispatch_2.npz,74c603404e3607d375a9cd749705949dbbde4b5417a2307b24bcea8303de55d5,1.4386354623469266
controller_candidates/joint_rank_e7,2,334,True,True,True,13734323.510421712,12475962.094357416,0.0,0.0,1258361.4160643548,7115,41349,11374419.67541875,473.2777658351947,23029344.048502088,0,True,False,False,data/results/exp008/controller_candidates/joint_rank_e7/dispatch_2.npz,e6a85cadd0de9c6a742224228f952edb100ac2c6c5c91ed34078e7c2e4fad469,2.3597887879684087
controller_candidates/joint_rank_fixed_blocks_db0,2,334,True,True,True,13989468.977775505,12473268.203331895,0.0,0.0,1516200.774443567,1336,35497,10521205.627388448,437.7757173895806,19031510.733500507,0,True,False,False,data/results/exp008/controller_candidates/joint_rank_fixed_blocks_db0/dispatch_2.npz,305af123c0eef437c8ee8451cb075541f6ab9307e95e645dd8103a7ee042b926,0.545905686750281
controller_candidates/joint_rank_fixed_blocks_db100,2,334,True,True,True,14825038.770037277,12536324.241333306,0.0,0.0,2288714.5287038865,1331,24785,10236320.357728377,425.92268626433753,18754396.636441413,0,True,False,False,data/results/exp008/controller_candidates/joint_rank_fixed_blocks_db100/dispatch_2.npz,3706a5705b28ffaa9a167c402df4febb444308f13c3472686fc4efa6cba5577b,-5.394336723946203
controller_candidates/joint_raw_e5,2,334,True,True,True,13848575.798623215,12442309.761460291,0.0,0.0,1406266.0371629081,7109,41870,11283881.45200422,469.51056844973294,24116877.13770141,0,True,False,False,data/results/exp008/controller_candidates/joint_raw_e5/dispatch_2.npz,f997d12e084cb5a758f2e3b2374e69e81c5a297c9bcbb41eba3b495e9ea8b811,1.5475451020680708
controller_candidates/joint_raw_e7,2,334,True,True,True,13726865.596884932,12682875.990835143,0.0,0.0,1043989.6060497402,7033,41049,11242985.818744007,467.8089454568749,23233198.091402173,0,True,False,False,data/results/exp008/controller_candidates/joint_raw_e7/dispatch_2.npz,27a8141921b1e4d743c52e878044ba662039f837cec71c771f5885fc06121635,2.412808672957989
controller_candidates/lp_q0.50_greedy,2,334,True,True,True,15231885.429087164,11724395.004750842,0.0,0.0,3507490.424336279,8707,41371,12069603.643236987,502.20361756070565,33490143.372482523,0,True,False,False,data/results/exp008/controller_candidates/lp_q0.50_greedy/dispatch_2.npz,ba95a8d351f149ab8be1a672f29597b73f8c68fa10f41dff079b1500907673ed,-8.286695687996893
controller_candidates/lp_q0.50_macro,2,334,True,True,True,16456529.12194041,11750730.46225689,0.0,0.0,4705798.659683478,5371,34609,11368994.654407986,473.0520365885068,27341950.777003072,0,True,False,False,data/results/exp008/controller_candidates/lp_q0.50_macro/dispatch_2.npz,283f609df92a15a021baad5fd32a60a5c7023f37f970ffe25641f4cd4e6588c8,-16.99294676319103
controller_candidates/lp_q0.50_planned_direction,2,334,True,True,True,16125567.467907948,11753906.45578837,0.0,0.0,4371661.012119526,3697,30442,11737246.658925746,488.37460352533225,32217652.617807183,0,True,False,False,data/results/exp008/controller_candidates/lp_q0.50_planned_direction/dispatch_2.npz,5759b98f31a627bb99b02213daac097532c8a5ea34bb0e732bfffc2bab90120e,-14.640070352620693
controller_candidates/lp_q0.60_greedy,2,334,True,True,True,14340043.11671176,12022685.020981392,0.0,0.0,2317358.0957303066,8621,41474,12184234.42062895,506.9732800148416,33658892.9715284,0,True,False,False,data/results/exp008/controller_candidates/lp_q0.60_greedy/dispatch_2.npz,75b602c2c0953c8849501a41872e6ce80f0d097dadeec51c57ed6a5a452aedba,-1.9464000278513804
controller_candidates/lp_q0.60_macro,2,334,True,True,True,15514615.878166327,12061965.690096255,0.0,0.0,3452650.188070018,5191,34328,11509725.616112277,478.9076994344474,27363003.31479118,0,True,False,False,data/results/exp008/controller_candidates/lp_q0.60_macro/dispatch_2.npz,9765db129b7115fb79dc61c22fe761d3783494a9a6068be0982e7f795c1d9712,-10.296686259663158
controller_candidates/lp_q0.60_planned_direction,2,334,True,True,True,15078065.085146107,12064815.381307695,0.0,0.0,3013249.7038383656,3613,29445,11910233.268893177,495.5723889491253,32312169.703066938,0,True,False,False,data/results/exp008/controller_candidates/lp_q0.60_planned_direction/dispatch_2.npz,47cce4420b090612232586ec4f0d551787534ae98109499afa5ab47a3416663b,-7.193154323566708
controller_candidates/lp_q0.70_greedy,2,334,True,True,True,13745346.992592042,12344171.348623134,0.0,0.0,1401175.643968888,8311,41102,12189795.34213214,507.20454763260113,33815148.599682525,0,True,False,False,data/results/exp008/controller_candidates/lp_q0.70_greedy/dispatch_2.npz,8a1ba15b38fcae523aa50cbdd9af2e5e579f86c2112a89c8e73335da12bb230d,2.28142052129795
controller_candidates/lp_q0.70_macro,2,334,True,True,True,14786387.461375905,12404975.487961411,0.0,0.0,2381411.9734144853,4877,33979,11587607.5106423,482.14828068713007,27509411.874971136,0,True,False,False,data/results/exp008/controller_candidates/lp_q0.70_macro/dispatch_2.npz,01e02393464065e1094b6b744522a4a4743c7dbc9f8699852b88fdd43a141bec,-5.119556394324998
controller_candidates/lp_q0.70_planned_direction,2,334,True,True,True,14329485.002971418,12405364.517999126,0.0,0.0,1924120.4849722756,3583,28242,11978962.02169332,498.43211789111376,32431885.993676446,0,True,False,False,data/results/exp008/controller_candidates/lp_q0.70_planned_direction/dispatch_2.npz,a08e31236d770a3aa99b077d91ec2d0cc39bf1692ced45d45ea4048d935ff0d2,-1.871340163794355
controller_candidates/lp_q0.70_reserve1000,2,334,True,True,True,14335539.06121324,12320797.7327966,0.0,0.0,2014741.3284166222,7465,39065,11898238.3993357,495.0726685609947,34448577.31016137,0,True,False,False,data/results/exp008/controller_candidates/lp_q0.70_reserve1000/dispatch_2.npz,babc3b60209e4f0badae2ad1283a78d2d98a472840a43d855e747cbdbc58a21a,-1.9143797445187127
controller_candidates/lp_q0.70_reserve2000,2,334,True,True,True,16907023.709770113,12200224.78711171,0.0,0.0,4706798.92265839,7449,37277,10952853.300043061,455.7340258449969,35759049.61902529,0,True,False,False,data/results/exp008/controller_candidates/lp_q0.70_reserve2000/dispatch_2.npz,35714e98da5acc6247f312f311aac727827d93a83a444736171a25104b4ebd91,-20.195608086276383
controller_candidates/lp_q0.70_reserve500,2,334,True,True,True,13900693.743009532,12335381.437872427,0.0,0.0,1565312.3051370806,7647,39787,12087364.296512807,502.94241749299846,33926461.805821925,0,True,False,False,data/results/exp008/controller_candidates/lp_q0.70_reserve500/dispatch_2.npz,483fdf7f7f430d084b1d8b311cbd719163bc51faec5f69779982df638f7c3987,1.177027610328818
controller_candidates/lp_q0.75_reserve1000,2,334,True,True,True,14111094.034187894,12488015.093318768,0.0,0.0,1623078.9408692168,7161,38938,11898085.914252823,495.06621449930964,34262309.43900551,0,True,False,False,data/results/exp008/controller_candidates/lp_q0.75_reserve1000/dispatch_2.npz,ee758fa662abaea075cd62f59e7c9a36fb3fddb36a5b4cf86571bf41326b87ce,-0.31875256800610874
controller_candidates/lp_q0.75_reserve2000,2,334,True,True,True,16598271.640797673,12371020.76797153,0.0,0.0,4227250.872826242,7151,37221,10985260.973331423,457.0823646968502,35689590.22704161,0,True,False,False,data/results/exp008/controller_candidates/lp_q0.75_reserve2000/dispatch_2.npz,0af95eedd1c00b5a9bb7ed3afd1db4aa1e2995be1f2c556ebc9dfabf5343e034,-18.000624314141888
controller_candidates/lp_q0.75_reserve500,2,334,True,True,True,13722562.696799101,12501038.635048438,0.0,0.0,1221524.061750758,7401,39655,12067166.029745983,502.1016447399136,33874956.16194214,0,True,False,False,data/results/exp008/controller_candidates/lp_q0.75_reserve500/dispatch_2.npz,c4c8d408bcff23fee1e0a8526437751c94d7a2d7cc90985768f972d22da58cb7,2.443398899909177
controller_candidates/lp_q0.75_statebuffer0,2,334,True,True,True,13719951.754135111,12499477.0595272,0.0,0.0,1220474.694608012,6305,36900,11980094.944837585,498.47898295412296,32995461.0755402,0,True,False,False,data/results/exp008/controller_candidates/lp_q0.75_statebuffer0/dispatch_2.npz,f106ae233b2019a687e23570255275da23436667fc0fc8d590790e8b93cf4e96,2.461960643629646
controller_candidates/lp_q0.75_statebuffer1000,2,334,True,True,True,13504153.004207365,12508159.147354936,0.0,0.0,995993.8568525233,7839,40298,12144920.523528472,505.33726898861903,33701769.141470544,0,True,False,False,data/results/exp008/controller_candidates/lp_q0.75_statebuffer1000/dispatch_2.npz,200e7dbef5a8c7731755ee30add79242cb410fbff4d6d6f62483cbd4dd5f2455,3.9961196072108462
controller_candidates/lp_q0.75_statebuffer2000,2,334,True,True,True,13537129.137694389,12508341.738435341,0.0,0.0,1028787.3992591373,7897,40561,12154126.41706431,505.7203162448068,33770066.171690606,0,True,False,False,data/results/exp008/controller_candidates/lp_q0.75_statebuffer2000/dispatch_2.npz,12f0d7cdc10e1a73dfbd84d8f17c603b2f94577ca211a550041bfea1023fe1a4,3.7616852984379556
controller_candidates/lp_q0.75_statebuffer500,2,334,True,True,True,13477475.036738168,12507145.890230628,0.0,0.0,970329.1465076326,7715,39973,12129651.79621049,504.7019537873447,33606364.6224566,0,True,False,False,data/results/exp008/controller_candidates/lp_q0.75_statebuffer500/dispatch_2.npz,157531245403d687427568df91a51ba645a4b4baf76c11a79e1e4574d614e46a,4.185778921440885
controller_candidates/lp_q0.80_greedy,2,334,True,True,True,13466976.044258932,12714614.827892702,0.0,0.0,752361.2163661745,7493,40243,12087282.479355935,502.9386769280935,33773512.416016765,0,True,False,False,data/results/exp008/controller_candidates/lp_q0.80_greedy/dispatch_2.npz,aae9cde82d7c9bb47baa1259e982694cbf5dfe650048dd581e3ae57a209e7bd1,4.260418479946148
controller_candidates/lp_q0.80_macro,2,334,True,True,True,14299101.71748753,12807073.48779687,0.0,0.0,1492028.2296906179,4353,33370,11602744.797613936,482.7781267979981,27615159.459196508,0,True,False,False,data/results/exp008/controller_candidates/lp_q0.80_macro/dispatch_2.npz,0689c277d6d4a1abedcd98e864684d25cb725b1d2991d576cc441c95ad8d6909,-1.655338959970143
controller_candidates/lp_q0.80_planned_direction,2,334,True,True,True,13858076.268082315,12799944.832538314,0.0,0.0,1058131.435543972,3559,26678,11955507.109784838,497.4561844180953,32611751.47074308,0,True,False,False,data/results/exp008/controller_candidates/lp_q0.80_planned_direction/dispatch_2.npz,16a2236d4d5624eb9fcd51b0e94d648c40484dd894601517d25fb9a0d1110dfe,1.4800042549418135
controller_candidates/lp_q0.80_reserve1000,2,334,True,True,True,13932019.393779453,12698910.188308485,0.0,0.0,1233109.2054709103,6825,38642,11869590.701511998,493.88045293564875,34032988.41333833,0,True,False,False,data/results/exp008/controller_candidates/lp_q0.80_reserve1000/dispatch_2.npz,439028b69e2970de0f99d884df089c546b0a7a9ba96dcf32d3feb945c851d8ea,0.9543269323370351
controller_candidates/lp_q0.80_reserve2000,2,334,True,True,True,16287817.656593995,12586780.33797104,0.0,0.0,3701037.3186229523,6785,37015,11006812.42553955,457.9789906402155,35533466.908824444,0,True,False,False,data/results/exp008/controller_candidates/lp_q0.80_reserve2000/dispatch_2.npz,2a665629a6f9a796d25dbf377cfca95c1447610cbed7e699e2ba00dcaae7e835,-15.793541266603196
controller_candidates/lp_q0.80_reserve500,2,334,True,True,True,13601846.669608492,12709379.487023473,0.0,0.0,892467.1825849693,7097,39379,12012905.779608078,499.84368585929707,33791152.399330124,0,True,False,False,data/results/exp008/controller_candidates/lp_q0.80_reserve500/dispatch_2.npz,73f5325a49df65c207f48f220cc305485a2b3f10f3a815a02cadc2b9dd076b34,3.3015946736307256
controller_candidates/lp_q0.80_statebuffer0,2,334,True,True,True,13647449.141325045,12706240.882240029,0.0,0.0,941208.2590849719,6067,36942,11927013.264712911,496.2700485454835,33061135.56159713,0,True,False,False,data/results/exp008/controller_candidates/lp_q0.80_statebuffer0/dispatch_2.npz,11786a7da7610602119eef90e072f1d71611a51520fccd9d79d2caab090450f9,2.9773970553922835
controller_candidates/lp_q0.80_statebuffer1000,2,334,True,True,True,13427985.660975449,12714379.9589812,0.0,0.0,713605.7019941979,7445,39942,12075739.29176978,502.4583773987404,33695158.27904246,0,True,False,False,data/results/exp008/controller_candidates/lp_q0.80_statebuffer1000/dispatch_2.npz,ea9a9e8e0f0117546404a7c0c263461e455399f397485a2b55078bfefecf21fe,4.537609362784201
controller_candidates/lp_q0.80_statebuffer2000,2,334,True,True,True,13443739.885391911,12714614.827892702,0.0,0.0,729125.057499154,7473,40117,12085204.881496094,502.8522303320542,33741543.04565142,0,True,False,False,data/results/exp008/controller_candidates/lp_q0.80_statebuffer2000/dispatch_2.npz,468a2c43f8205cac25d6f02abdf0bd1b10395ca0a5230757a4b98a74f0a2e7e0,4.425609248738693
controller_candidates/lp_q0.80_statebuffer500,2,334,True,True,True,13420546.817563,12713207.036080616,0.0,0.0,707339.7814823374,7353,39653,12059008.24029481,501.7622164736033,33619649.87337174,0,True,False,False,data/results/exp008/controller_candidates/lp_q0.80_statebuffer500/dispatch_2.npz,7b2fa14bbba172783e982cf719fd692c98781b80ceb82d1812e3feede210456d,4.5904936742258045
controller_candidates/lp_q0.85_reserve1000,2,334,True,True,True,13846887.240064563,12910747.542539643,0.0,0.0,936139.6975250351,6475,38364,11807300.193850977,491.288433568633,33752397.019272305,0,True,False,False,data/results/exp008/controller_candidates/lp_q0.85_reserve1000/dispatch_2.npz,11df8969a2e4a3967e27181f6e4ae3d265cf9d6195d4b3d967d7f04f8c5602de,1.5595494220613682
controller_candidates/lp_q0.85_reserve2000,2,334,True,True,True,16029904.259120218,12804535.012806876,0.0,0.0,3225369.2463134346,6437,36886,11011027.357561488,458.1542592305538,35252562.66602896,0,True,False,False,data/results/exp008/controller_candidates/lp_q0.85_reserve2000/dispatch_2.npz,324c52b7bcbf38aab6b641118bd0609aec2ff3a76307616bd84ac7507d20671b,-13.95998036463062
controller_candidates/lp_q0.85_reserve500,2,334,True,True,True,13581592.335327344,12918197.346922,0.0,0.0,663394.9884054519,6775,39059,11923522.465176314,496.1243518379028,33627126.288424075,0,True,False,False,data/results/exp008/controller_candidates/lp_q0.85_reserve500/dispatch_2.npz,ad27c60b9eeb89e5be41abc8d77bd05d6ce45af02e1ad29b019db82912ce3977,3.44558702066331
controller_candidates/lp_q0.85_statebuffer0,2,334,True,True,True,13647557.805361517,12915424.611208785,0.0,0.0,732133.1941528418,5827,36817,11844884.664817207,492.85249654308365,33022377.18271382,0,True,False,False,data/results/exp008/controller_candidates/lp_q0.85_statebuffer0/dispatch_2.npz,e2383251d0dc3c8507a5e00ede4681871ef75fba2a9c1dfb2201f4cea15f0cc6,2.9766245397700786
controller_candidates/lp_q0.85_statebuffer1000,2,334,True,True,True,13443091.510816175,12921357.450815886,0.0,0.0,521734.0600003969,7039,39456,11972752.085880052,498.17292139953594,33542556.158093393,0,True,False,False,data/results/exp008/controller_candidates/lp_q0.85_statebuffer1000/dispatch_2.npz,76829804a4f162c31261dcf2e9cf60db2a68625505a6be2dfe92c4436ce7dcb2,4.430218680755593
controller_candidates/lp_q0.85_statebuffer2000,2,334,True,True,True,13456951.811521966,12921411.185761906,0.0,0.0,535540.6257601696,7067,39598,11979540.67813266,498.4553873682784,33583438.04582234,0,True,False,False,data/results/exp008/controller_candidates/lp_q0.85_statebuffer2000/dispatch_2.npz,147049e3e1ab964858333a71cce52701d2a83918514dfdcb0615b03f38a84b5f,4.33168287101231
controller_candidates/lp_q0.85_statebuffer500,2,334,True,True,True,13447134.394549796,12920795.215831608,0.0,0.0,526339.1787182974,6977,39237,11957618.889838073,497.54324550781905,33495397.27325447,0,True,False,False,data/results/exp008/controller_candidates/lp_q0.85_statebuffer500/dispatch_2.npz,01422794db1a96bdd4e0ada9c00935800cc43948c4adcbb6950eee900ad70f89,4.401476965056461
controller_candidates/mk_impulse_q080_k100_g200_d3,2,3,True,False,True,147044.16114242497,142590.5179925048,0.0,0.0,4453.64314992009,25,278,112845.66119594933,4.695411181618958,329362.2757489098,0,True,False,False,data/results/exp008/controller_candidates/mk_impulse_q080_k100_g200_d3/dispatch_2.npz,f4991e4dbdab4f179f0db204c16d8054c9e210a3ac344b8c5a738699a772cf3c,
controller_candidates/mk_impulse_q080_k100_g200_d30,2,30,True,False,True,1265383.3266702928,1216683.8138695797,0.0,0.0,48699.51280070999,275,3077,1188035.0533939567,49.43312993516215,3432997.355092649,0,True,False,False,data/results/exp008/controller_candidates/mk_impulse_q080_k100_g200_d30/dispatch_2.npz,c964e1e2addd9f5497df7c18200f5657c97d7f2297573e20629b102dda69734c,
controller_candidates/mk_impulse_q080_k300_g200_d30,2,30,True,False,True,1271935.262866799,1218639.2228521018,0.0,0.0,53296.04001469415,247,2999,1184409.2688889392,49.28226497015161,3310299.531394367,0,True,False,False,data/results/exp008/controller_candidates/mk_impulse_q080_k300_g200_d30/dispatch_2.npz,96a8d0b3e1d1a68d23ae0465e1fac282b8264c3864f02e0c7aa4d5338f555348,
controller_candidates/mk_independent3_q080_k100_g200_d3,2,3,True,False,True,146551.0327367163,142391.88640497686,0.0,0.0,4159.146331739368,27,287,113121.9524199027,4.706907360108541,326418.37026884756,0,True,False,False,data/results/exp008/controller_candidates/mk_independent3_q080_k100_g200_d3/dispatch_2.npz,63c4499ef0df2a3099d8fefce1b0d868143b5490bc9f8ba0608c9184c1ef3f65,
controller_candidates/mk_independent3_q080_k100_g200_d30,2,30,True,False,True,1263223.009549036,1216591.921559682,0.0,0.0,46631.08798935104,289,3064,1190201.695454853,49.52328156393522,3367090.862525629,0,True,False,False,data/results/exp008/controller_candidates/mk_independent3_q080_k100_g200_d30/dispatch_2.npz,8ff0a671ecc1544871e43b97726e7e81ec57ede0ba78682b57459d4e8c445282,
controller_candidates/mk_independent3_q080_k300_g200_d30,2,30,True,False,True,1271343.035490232,1218715.3784545986,0.0,0.0,52627.65703563021,245,2999,1184209.9171949248,49.273970162145034,3218477.8706749524,0,True,False,False,data/results/exp008/controller_candidates/mk_independent3_q080_k300_g200_d30/dispatch_2.npz,8705ce2bbc0a228ef11235c88e99393b52a4e243bd1ea092b91ea283eaa40140,
controller_candidates/mk_markov_q080_k100_g200_d3,2,3,True,False,True,145646.11875253264,141836.8849674432,0.0,0.0,3809.233785089333,27,309,113279.52585530162,4.713463820037462,333426.74123997206,0,True,False,False,data/results/exp008/controller_candidates/mk_markov_q080_k100_g200_d3/dispatch_2.npz,f318a9ef930793ea8d04ba9318f67c2043f2d679ca3cec1af49d30a5a8bc6b08,
controller_candidates/mk_markov_q080_k100_g200_d30,2,30,True,False,True,1262060.1734107307,1215695.3905103302,0.0,0.0,46364.782900397484,293,3125,1190178.6724689868,49.52232360243687,3361896.5322488174,0,True,False,False,data/results/exp008/controller_candidates/mk_markov_q080_k100_g200_d30/dispatch_2.npz,938f41658f934662062371c99bb62db043265064c0b01d68fb04762fe84009e2,
controller_candidates/mk_markov_q080_k300_g200_d30,2,30,True,False,True,1269098.835902076,1217556.5522996408,0.0,0.0,51542.28360243256,249,3046,1185006.7795993527,49.30712674345755,3282219.8725834694,0,True,False,False,data/results/exp008/controller_candidates/mk_markov_q080_k300_g200_d30/dispatch_2.npz,3822fef7a4e917c71d7247f711c02d550225c4a920df78f0f7fe9ba84dec38cc,
controller_candidates/tube_q0.5_r1000,2,334,True,True,True,14353872.717548624,12271355.604282776,0.0,0.0,2082517.1132657898,9203,42721,11246941.826362783,467.97355064787894,35080813.99554273,0,True,False,False,data/results/exp008/controller_candidates/tube_q0.5_r1000/dispatch_2.npz,8e163731b3fbb636761693f9de96cfa4b57403e81e21bf3678af635a3a6dcbc8,-2.044717585732192
controller_candidates/tube_q0.5_r2500,2,334,True,True,True,14102390.814305333,13169701.524131028,0.0,0.0,932689.2901742648,10335,43160,9463914.754514454,393.78372595338664,37940959.18552603,0,True,False,False,data/results/exp008/controller_candidates/tube_q0.5_r2500/dispatch_2.npz,7ec31948f69e2fd770a1f3e6aec06d103f0bea1972d9ae44f6a2807b3eb47fc0,-0.2568795367706711
controller_candidates/tube_q0.5_r4000,2,334,True,True,True,14593651.555269971,14141800.127964538,0.0,0.0,451851.4273054307,11207,42828,7327885.974976665,304.90588265063565,38652591.23153783,0,True,False,False,data/results/exp008/controller_candidates/tube_q0.5_r4000/dispatch_2.npz,48160764bfb53abf6dd2d598370c3fa81973f2a20cb005b0396a2812943d2e39,-3.7493560662166914
controller_candidates/tube_q0.65_r1000,2,334,True,True,True,13649431.051662976,12679764.485283148,0.0,0.0,969666.5663798897,8929,41986,11133058.603259433,463.2349931177776,35857302.59774141,0,True,False,False,data/results/exp008/controller_candidates/tube_q0.65_r1000/dispatch_2.npz,8a10fd29cf1cde2c39de909a8a73c0c9f2dbb551e51a43cbf024999d803684ce,2.963307235544077
controller_candidates/tube_q0.65_r2500,2,334,True,True,True,13956570.01662925,13515840.075909877,0.0,0.0,440729.94071944494,10109,42134,9139189.420138564,380.27225660355003,38182057.49525926,0,True,False,False,data/results/exp008/controller_candidates/tube_q0.65_r2500/dispatch_2.npz,43cd6bcd3f179e40c2fe2490912304e27d1e930ced29449975d3866c4b345162,0.7797913610275153
controller_candidates/tube_q0.65_r4000,2,334,True,True,True,14705634.329017773,14464407.650777975,0.0,0.0,241226.67823987093,11215,41541,6927820.244074525,288.2595810265466,38322715.66805915,0,True,False,False,data/results/exp008/controller_candidates/tube_q0.65_r4000/dispatch_2.npz,56459c5295ca1ba407c07a5928d08dfc7f8d6398a549053c6c4232edde244bed,-4.545465293769668
controller_candidates/vf_q0.70_pilot30,2,30,True,False,True,1261625.8709998394,1183359.847507565,0.0,0.0,78266.02349227469,819,3852,1211485.7417330719,50.40890557541151,3398302.8649341017,0,True,False,False,data/results/exp008/controller_candidates/vf_q0.70_pilot30/dispatch_2.npz,0380eadbd2674ef42892815fd5d620536b2510f3ed00bf3d03e729f2417be7ad,
controller_candidates/vf_q0.80_pilot30,2,30,True,False,True,1250204.897848163,1213402.0002957764,0.0,0.0,36802.89755238324,790,3821,1197427.2583217202,49.82375331213469,3417237.8239684356,0,True,False,False,data/results/exp008/controller_candidates/vf_q0.80_pilot30/dispatch_2.npz,2723249757c3145669b71f2c47f2c29c4d5cf3db1407a65671980c2fac32f465,
controller_candidates/vf_ridge28_q0.70_dp_pilot30,2,30,True,False,True,1261129.7595205253,1190775.742630686,0.0,0.0,70354.016889842,756,3822,1196270.8383530462,49.77556909199691,3313917.193608921,0,True,False,False,data/results/exp008/controller_candidates/vf_ridge28_q0.70_dp_pilot30/dispatch_2.npz,67437a442dbd37f1c60c3e72742b29858eaba3081c9125b8c66586e5074be746,
controller_candidates/vf_ridge28_q0.70_greedy_pilot30,2,30,True,False,True,1264727.5941678754,1190775.742630686,0.0,0.0,73951.85153719258,766,3833,1197994.3135093208,49.84728102600404,3253365.588350744,0,True,False,False,data/results/exp008/controller_candidates/vf_ridge28_q0.70_greedy_pilot30/dispatch_2.npz,aa4137d1dd5fa10fe0d5d575f2489b3979c137a099c0353fc75e991468f68e2d,
controller_candidates/vf_ridge28_q0.80_dp_pilot30,2,30,True,False,True,1268455.091462112,1222580.4110991568,0.0,0.0,45874.680362957435,658,3707,1175712.2146111384,48.91986849211666,3262906.5746599785,0,True,False,False,data/results/exp008/controller_candidates/vf_ridge28_q0.80_dp_pilot30/dispatch_2.npz,142021b1f8cda46880b9a16c19a3e0266a6847c82f7b438d15ae793b7052ccc7,
controller_candidates/vf_ridge28_q0.80_greedy_pilot30,2,30,True,False,True,1260999.3806240894,1222523.1227134932,0.0,0.0,38476.257910598775,674,3736,1179810.9209893541,49.09041122389853,3212714.163104105,0,True,False,False,data/results/exp008/controller_candidates/vf_ridge28_q0.80_greedy_pilot30/dispatch_2.npz,cbbd4de24a18dac459d31737f5c0f51ff4711da436bbd651000fd75bdf55257f,
cumulative_risk_planning/point,2,334,True,True,True,13190724.676222105,12762853.091265334,0.0,0.0,427871.5849567217,7173,39728,12045467.086481161,501.1981935636003,33497610.21091923,0,True,False,False,data/results/exp008/cumulative_risk_planning/point/dispatch_2.npz,294e8c3149f56b47dab9d1800a090d681e55d8a767f2125d0b1aebe2124dda3f,6.224347893889314
cumulative_risk_planning/prefix,2,334,True,True,True,13706239.587825214,12140480.405504605,0.0,0.0,1565759.182320572,8579,40744,12311448.745483417,512.2664765096974,33909185.71976313,0,True,False,False,data/results/exp008/cumulative_risk_planning/prefix/dispatch_2.npz,d04079efce1ad650f9797c48fd8c86b3665790d89879254755dc2e1759de07e3,2.559443334615985
forecast_absolute_extra_trees/lp_bridge/absolute_extra_trees_ridge28_memory_half_tree28_q08_buffer500_334days,2,334,True,True,True,13147867.580952927,12574264.099248858,0.0,0.0,573603.4817041139,6927,40437,12098222.884966956,503.394006512896,33091381.5066481,0,True,False,False,data/results/exp008/forecast_absolute_extra_trees/lp_bridge/absolute_extra_trees_ridge28_memory_half_tree28_q08_buffer500_334days/dispatch_2.npz,9a6777b3091983b327c3d1f6de721a75db896dab239814afcbf3c6813aa9e101,6.529028050202901
forecast_absolute_hgb/lp_bridge/direct_hgb_ridge28_memory_tree28_q08_buffer500_334days,2,334,True,True,True,13173407.796091657,12593868.384542437,0.0,0.0,579539.4115492167,6983,40268,12105874.684348362,503.7120036087519,33071434.778116927,0,True,False,False,data/results/exp008/forecast_absolute_hgb/lp_bridge/direct_hgb_ridge28_memory_tree28_q08_buffer500_334days/dispatch_2.npz,c900745ca1157faad28a937ea1602fc3009cd8391ae7df5a442ef2f3de93114c,6.347457257971745
forecast_channel_composite/lp_bridge/best_stage_load_scaled_pv_ridge28_memory_tree28_q08_buffer500_334days,2,334,True,True,True,13159634.63454324,12596144.707404023,0.0,0.0,563489.927139149,6973,40305,12106322.139234733,503.73036423952334,33178015.37612169,0,True,False,False,data/results/exp008/forecast_channel_composite/lp_bridge/best_stage_load_scaled_pv_ridge28_memory_tree28_q08_buffer500_334days/dispatch_2.npz,94a62b0d62c06766e137b7ce932d814bca22512d27ddb2e3f3e3b898d2100c4d,6.445373577011737
forecast_half_ensemble/lp_bridge/half_ensemble_tree28_q08_buffer500_334days,2,334,True,True,True,13195129.026552001,12602014.44963722,0.0,0.0,593114.5769147445,6873,40238,12085007.123606253,502.8438846638429,33056213.457664847,0,True,False,False,data/results/exp008/forecast_half_ensemble/lp_bridge/half_ensemble_tree28_q08_buffer500_334days/dispatch_2.npz,d1ab2c1be0a2951e91f0ea4a32f616907e657b25954b621b5480201b461b4192,6.193036435692156
forecast_hgb_extra_trees_half/lp_bridge/hgb_extra_trees_half_ridge28_memory_tree28_q08_buffer500_334days,2,334,True,True,True,13142739.171909358,12581287.391136104,0.0,0.0,561451.7807731997,7019,40331,12103872.786172733,503.62880169925546,33084958.93734079,0,True,False,False,data/results/exp008/forecast_hgb_extra_trees_half/lp_bridge/hgb_extra_trees_half_ridge28_memory_tree28_q08_buffer500_334days/dispatch_2.npz,ce25055b4b0940a8c5b82ac256f6884a7c496421d509f8c0982064179b37578e,6.5654869949638766
forecast_override_pilot/joint_override/3,3,3,True,False,True,134850.57625927488,116423.61832416747,9077.459997389931,0.0,9349.497937717537,43,375,120866.61234889092,5.0292826922530764,231113.96774670813,0,True,False,False,data/results/exp008/forecast_override_pilot/joint_override/3/dispatch_3.npz,ee50ec71a10c9366546e0b4370657bc00fbdc1cf19d5eb623f20d77d107e55da,
forecast_override_pilot/joint_override/4-3,4-3,3,True,False,True,143906.65927881602,124168.74363606083,9444.986154582504,0.0,10292.92948817266,53,360,129954.58354587998,5.407122615641235,304172.3060622532,0,True,False,False,data/results/exp008/forecast_override_pilot/joint_override/4-3/dispatch_4-3.npz,fdf8cd2eb930022282cc1a717bd961d97e1692b12b2b26c949845f9a13a552a7,
forecast_override_pilot/legacy_default/3,3,3,True,False,True,131525.5004356554,131513.51515431175,11.985281343663292,0.0,0.0,29,351,117617.97620270442,4.891782499112133,198774.05575043114,0,True,False,False,data/results/exp008/forecast_override_pilot/legacy_default/3/dispatch_3.npz,70efafc07705b1e4436f35cfe8d0f1c25dadbda470af1e4a97316ccec58c4695,
forecast_override_pilot/legacy_default/4-3,4-3,3,True,False,True,141220.72226091818,141206.8221407887,13.900120129394468,0.0,0.0,41,329,123664.60876431754,5.1430304513491345,271007.6353945574,0,True,False,False,data/results/exp008/forecast_override_pilot/legacy_default/4-3/dispatch_4-3.npz,555b0f331440d450ebac91af9fbdd0b891b3fab60e6e5acaaf20d21bc846f9c1,
forecast_override_pilot/new_default/3,3,3,True,False,True,131525.5004356554,131513.51515431175,11.985281343663292,0.0,0.0,29,351,117617.97620270442,4.891782499112133,198774.05575043114,0,True,False,False,data/results/exp008/forecast_override_pilot/new_default/3/dispatch_3.npz,70efafc07705b1e4436f35cfe8d0f1c25dadbda470af1e4a97316ccec58c4695,
forecast_override_pilot/new_default/4-3,4-3,3,True,False,True,141220.72226091818,141206.8221407887,13.900120129394468,0.0,0.0,41,329,123664.60876431754,5.1430304513491345,271007.6353945574,0,True,False,False,data/results/exp008/forecast_override_pilot/new_default/4-3/dispatch_4-3.npz,555b0f331440d450ebac91af9fbdd0b891b3fab60e6e5acaaf20d21bc846f9c1,
forecast_override_pilot/v2/joint_override/3,3,3,True,False,True,134850.57625927488,116423.61832416747,9077.459997389931,0.0,9349.497937717537,43,375,120866.61234889092,5.0292826922530764,231113.96774670813,0,True,False,False,data/results/exp008/forecast_override_pilot/v2/joint_override/3/dispatch_3.npz,ee50ec71a10c9366546e0b4370657bc00fbdc1cf19d5eb623f20d77d107e55da,
forecast_override_pilot/v2/joint_override/4-3,4-3,3,True,False,True,143906.65927881602,124168.74363606083,9444.986154582504,0.0,10292.92948817266,53,360,129954.58354587998,5.407122615641235,304172.3060622532,0,True,False,False,data/results/exp008/forecast_override_pilot/v2/joint_override/4-3/dispatch_4-3.npz,fdf8cd2eb930022282cc1a717bd961d97e1692b12b2b26c949845f9a13a552a7,
forecast_override_pilot/v2/legacy_default/3,3,3,True,False,True,131525.5004356554,131513.51515431175,11.985281343663292,0.0,0.0,29,351,117617.97620270442,4.891782499112133,198774.05575043114,0,True,False,False,data/results/exp008/forecast_override_pilot/v2/legacy_default/3/dispatch_3.npz,70efafc07705b1e4436f35cfe8d0f1c25dadbda470af1e4a97316ccec58c4695,
forecast_override_pilot/v2/legacy_default/4-3,4-3,3,True,False,True,141220.72226091818,141206.8221407887,13.900120129394468,0.0,0.0,41,329,123664.60876431754,5.1430304513491345,271007.6353945574,0,True,False,False,data/results/exp008/forecast_override_pilot/v2/legacy_default/4-3/dispatch_4-3.npz,555b0f331440d450ebac91af9fbdd0b891b3fab60e6e5acaaf20d21bc846f9c1,
forecast_override_pilot/v2/new_default/3,3,3,True,False,True,131525.5004356554,131513.51515431175,11.985281343663292,0.0,0.0,29,351,117617.97620270442,4.891782499112133,198774.05575043114,0,True,False,False,data/results/exp008/forecast_override_pilot/v2/new_default/3/dispatch_3.npz,70efafc07705b1e4436f35cfe8d0f1c25dadbda470af1e4a97316ccec58c4695,
forecast_override_pilot/v2/new_default/4-3,4-3,3,True,False,True,141220.72226091818,141206.8221407887,13.900120129394468,0.0,0.0,41,329,123664.60876431754,5.1430304513491345,271007.6353945574,0,True,False,False,data/results/exp008/forecast_override_pilot/v2/new_default/4-3/dispatch_4-3.npz,555b0f331440d450ebac91af9fbdd0b891b3fab60e6e5acaaf20d21bc846f9c1,
forecast_scaled_pv_hgb/lp_bridge/scaled_pv_hgb_tree28_q08_buffer500_334days,2,334,True,True,True,13164074.946089102,12600302.675873581,0.0,0.0,563772.2702156024,6975,40321,12103377.007601682,503.60798910706256,33141908.728976652,0,True,False,False,data/results/exp008/forecast_scaled_pv_hgb/lp_bridge/scaled_pv_hgb_tree28_q08_buffer500_334days/dispatch_2.npz,b7c1ef2f8b65f1754d584d04a7981faa19778c3ccf0a46bc62000cae9ac6e243,6.413806462922988
hgb_capacity_selection/lp_bridge/past_validation_capacity_HGB_Ridge28_memory_half_tree28_q08_buffer500_334days,2,334,True,True,True,13185761.900104165,12586129.688778264,0.0,0.0,599632.211325908,6967,40343,12095811.984539255,503.29366633190585,33033621.394405838,0,True,False,False,data/results/exp008/hgb_capacity_selection/lp_bridge/past_validation_capacity_HGB_Ridge28_memory_half_tree28_q08_buffer500_334days/dispatch_2.npz,87c6975186af7ab00b73ec72e22f17fe6003e9073d787699c478d09c713db126,6.259629319143789
hgb_quantile_replan/q0.75_334days,2,334,True,True,True,13187339.304011904,12417150.537097981,0.0,0.0,770188.7669139502,7467,40653,12179151.599817412,506.76156398579275,33157950.010733858,0,True,False,False,data/results/exp008/hgb_quantile_replan/q0.75_334days/dispatch_2.npz,0aaf3e57c1c4c5aec96f9794658016e2a586879646a77af9c6c8b88b9e61a038,6.248415221077619
hgb_quantile_replan/q0.80_334days,2,334,True,True,True,13173407.796091657,12593868.384542437,0.0,0.0,579539.4115492167,6983,40268,12105874.684348362,503.7120036087519,33071434.778116927,0,True,False,False,data/results/exp008/hgb_quantile_replan/q0.80_334days/dispatch_2.npz,c900745ca1157faad28a937ea1602fc3009cd8391ae7df5a442ef2f3de93114c,6.347457257971745
hgb_quantile_replan/q0.85_334days,2,334,True,True,True,13222100.92055962,12771394.11027942,0.0,0.0,450706.81028022076,6461,39793,12017411.504389498,500.0308644139587,32945844.75199485,0,True,False,False,data/results/exp008/hgb_quantile_replan/q0.85_334days/dispatch_2.npz,e80c288da378324d5e830d0aec5b1a623d984ef7a8fc856123f77707cb31a74e,6.00128753552287
hgb_stage_selection/lp_bridge/best_validation_stage_hgb_ridge28_memory_tree28_q08_buffer500_334days,2,334,True,True,True,13171531.151683,12591480.272805477,0.0,0.0,580050.878877519,6985,40247,12102923.006345712,503.5890619041862,33032610.802990466,0,True,False,False,data/results/exp008/hgb_stage_selection/lp_bridge/best_validation_stage_hgb_ridge28_memory_tree28_q08_buffer500_334days/dispatch_2.npz,886206b82ed06320b378a0647505bf4f3e0cb778d36143b24c186b977e41dd1c,6.360798720060645
holiday_forecast/dispatch_linkage,2,334,True,True,True,13377421.38306173,12679983.962169228,0.0,0.0,697437.4208925132,6723,39645,12024033.710741974,500.3071151498702,32898943.31349224,0,True,False,False,data/results/exp008/holiday_forecast/dispatch_linkage/dispatch_2.npz,14fb9c595aef688e0615d7634f221616b5e142fb88fe4d0db053dc1ca25c9c3d,4.897081510905165
integrated_issued_opportunity_d3/3,3,3,True,False,True,131525.5004356554,131513.51515431175,11.985281343663292,0.0,0.0,29,351,117617.97620270442,4.891782499112133,198774.05575043114,0,True,False,False,data/results/exp008/integrated_issued_opportunity_d3/3/dispatch_3.npz,70efafc07705b1e4436f35cfe8d0f1c25dadbda470af1e4a97316ccec58c4695,
integrated_issued_opportunity_d3/4-3,4-3,3,True,False,True,141220.72226091818,141206.8221407887,13.900120129394468,0.0,0.0,41,329,123664.60876431754,5.1430304513491345,271007.6353945574,0,True,False,False,data/results/exp008/integrated_issued_opportunity_d3/4-3/dispatch_4-3.npz,555b0f331440d450ebac91af9fbdd0b891b3fab60e6e5acaaf20d21bc846f9c1,
integrated_legacy_d3/3,3,3,True,False,True,141554.7876906119,141554.7876906118,0.0,0.0,0.0,35,325,105995.21904083659,4.4074170593502595,204335.83946800593,0,True,False,False,data/results/exp008/integrated_legacy_d3/3/dispatch_3.npz,390b7d2f82eb0d2d5ea22c75c62e0c07316b84a7daeffbb25834e24773d7087b,
integrated_legacy_d3/4-3,4-3,3,True,False,True,151537.50189697614,151537.50189697617,0.0,0.0,0.0,41,301,110368.68882715456,4.5881899544181515,248665.23015628115,0,True,False,False,data/results/exp008/integrated_legacy_d3/4-3/dispatch_4-3.npz,0cb0e2c6877c2958e345670b15dd672a1bf255d8421a02d4cab250ccd351bf79,
joint_initial/3,3,334,True,False,True,13120805.90319801,12610528.082842138,384758.9738156575,0.0,125518.84654022014,5823,38088,11361285.242243765,472.7314445103458,24623126.94800786,0,True,False,False,data/results/exp008/joint_initial/3/dispatch_3.npz,d73056979031c0f50fb908a82ccc80512d73b402ff6b52e9b98011ad89c70da4,
joint_initial/4-2,4-2,334,True,False,True,14659315.250047354,13229685.980650475,0.0,0.0,1429629.2693968841,6523,38359,12081156.235669926,502.68423952000836,35653932.55782011,0,True,False,False,data/results/exp008/joint_initial/4-2/dispatch_4-2.npz,b79d66fd09ba1ad88bee1099bbbc9c518c6aac99dfcd96d14aab5d31ee3ea240,
joint_initial/4-3,4-3,334,True,False,True,13882084.677790524,13325939.083399119,401392.210819496,0.0,154753.38357189536,6535,38168,12224046.976169918,508.63005867604073,36621550.33250413,0,True,False,False,data/results/exp008/joint_initial/4-3/dispatch_4-3.npz,bab3dc498985b50c7a16eaa176947a74c2adf200d76ac1aee8dd944db880d8e1,
joint_pilot/3,3,3,True,False,True,141554.7876906119,141554.7876906118,0.0,0.0,0.0,35,325,105995.21904083659,4.4074170593502595,204335.83946800593,0,True,False,False,data/results/exp008/joint_pilot/3/dispatch_3.npz,390b7d2f82eb0d2d5ea22c75c62e0c07316b84a7daeffbb25834e24773d7087b,
joint_pilot/4-2,4-2,3,True,False,True,149788.8194431977,149788.81944319775,0.0,0.0,0.0,47,307,113828.19480890907,4.732778769121142,266419.90538115636,0,True,False,False,data/results/exp008/joint_pilot/4-2/dispatch_4-2.npz,c8fec63082b8b43f1bac4052775d57850040fc7d1dd751e3eadcab7194363642,
joint_pilot/4-3,4-3,3,True,False,True,151537.50189697614,151537.50189697617,0.0,0.0,0.0,41,301,110368.68882715456,4.5881899544181515,248665.23015628115,0,True,False,False,data/results/exp008/joint_pilot/4-3/dispatch_4-3.npz,0cb0e2c6877c2958e345670b15dd672a1bf255d8421a02d4cab250ccd351bf79,
latest_forecast_old_dispatch/3,3,334,True,False,True,13024442.023377193,12221979.841295466,486568.7486577248,14845.87753483016,301047.55588916846,7965,41778,12199780.033559699,507.6200065370139,33802547.075662285,0,True,False,False,data/results/exp008/latest_forecast_old_dispatch/3/dispatch_3.npz,684076530e5504a2a3663c90c091fb503ce27514003a87a85309d992d876477c,
latest_forecast_old_dispatch/4-2,4-2,334,True,False,True,14373895.921563864,13460884.323876724,0.0,0.0,913011.5976871048,8717,39853,13640457.609730298,567.5648661889504,50604847.39590913,0,True,False,False,data/results/exp008/latest_forecast_old_dispatch/4-2/dispatch_4-2.npz,d02fd9189b9b66c5d29650554ca10ce990a9ea343d5cbed5d9f2c94fcc6ed30d,
latest_forecast_old_dispatch/4-3,4-3,334,True,False,True,13808679.525282381,12935409.48498809,516078.6162858923,18932.455820705552,338258.9681877331,9031,41601,13861444.484681789,576.7601833014406,51368579.26007831,0,True,False,False,data/results/exp008/latest_forecast_old_dispatch/4-3/dispatch_4-3.npz,eaa74cd93301b7df69a4046fa1af18001c25911e0ad01f5a0a782a754090071e,
load_energy_memory/lp_bridge/joint_tree28_q08_buffer500_334days,2,334,True,True,True,13416463.326767987,12679688.56245233,0.0,0.0,736774.7643156153,6597,39597,12006702.669573486,499.58525670663664,32836367.80961937,0,True,False,False,data/results/exp008/load_energy_memory/lp_bridge/joint_tree28_q08_buffer500_334days/dispatch_2.npz,207c2025990be3e18e88f995dce377ae4530e4692d91cf716ed63ea5990c6df7,4.619524074114434
load_energy_memory/lp_bridge/memory_tree28_q08_buffer500_334days,2,334,True,True,True,13254749.360522216,12654352.02287613,0.0,0.0,600397.337646097,6789,40132,12048543.828998629,501.32665882961896,33046975.964150548,0,True,False,False,data/results/exp008/load_energy_memory/lp_bridge/memory_tree28_q08_buffer500_334days/dispatch_2.npz,7fc8ef48bba42624598bd8e92f9d73ea72eb48bc396751d1e52a5489a09b46ef,5.769182869335843
memory_update_dispatch/days30/3,3,30,True,False,True,1230277.1647161935,1117297.6787140958,90847.08702624186,0.0,22132.398975857686,515,3664,1156183.9761303635,48.10750030949425,2361231.6426632386,0,True,False,False,data/results/exp008/memory_update_dispatch/days30/3/dispatch_3.npz,417779d7fac09e76e8067f896bf5b83c5e11783ddf947915e687e5e0dd1e8339,
memory_update_dispatch/days30/4-3,4-3,30,True,False,True,1293550.7786722318,1176965.3095266535,94768.3988118989,0.0,21817.070333680138,543,3683,1257401.9188471064,52.318708908869326,3369308.6535981772,0,True,False,False,data/results/exp008/memory_update_dispatch/days30/4-3/dispatch_4-3.npz,23385f5de66f1500f2d447d52617c45a750b3e9fc7761d705916c8ce556dbda4,
mode_budget_hold1_physical/direct_hgb_memory_hold1_cap8_kappa0_334days,2,334,True,True,True,13219687.999818834,12646680.956851719,0.0,0.0,573007.0429669725,2521,37217,11337080.993655764,471.72414374046804,28345598.11593932,0,True,False,False,data/results/exp008/mode_budget_hold1_physical/direct_hgb_memory_hold1_cap8_kappa0_334days/dispatch.npz,0bae80f584382ba80779f996342f8650ac5aa885174a8543a04a8d1aab6ebd2f,6.018441499501481
mode_budget_hold1_physical/hgb_extra_trees_half_hold1_cap8_kappa0_334days,2,334,True,True,True,13201981.94794217,12634934.205903966,0.0,0.0,567047.7420382374,2533,37211,11353818.825263,472.4205867795632,28219286.965346314,0,True,False,False,data/results/exp008/mode_budget_hold1_physical/hgb_extra_trees_half_hold1_cap8_kappa0_334days/dispatch.npz,8b97181d2f82659774c609632d39a2bd812e69598fcd37696a2d793debcfe6d7,6.144317567853652
mode_budget_physical/direct_hgb_memory_hold3_cap8_kappa0_334days,2,334,True,True,True,13229466.093953246,12649529.439160172,0.0,0.0,579936.6547930925,2521,37121,11360101.73761824,472.68201195563887,28131500.180952005,0,True,False,False,data/results/exp008/mode_budget_physical/direct_hgb_memory_hold3_cap8_kappa0_334days/dispatch.npz,7d67f5826e6aa41ad2d30ddfd1c63e6021ea62f1a85f8c015a2c3bd080f4b8bd,5.948926959829349
mode_minhold_physical/direct_hgb_memory_hold3_physical3_334days,2,334,True,True,True,13254118.289880954,12668444.928768305,0.0,0.0,585673.3611126,1801,36396,10998706.137703868,457.64473258600253,25592295.499900706,0,True,False,False,data/results/exp008/mode_minhold_physical/direct_hgb_memory_hold3_physical3_334days/dispatch.npz,a829d18e8d498237195580834dd17368116b02c4174285f9c7fe4ce37491ea53,5.7736692840220645
mode_minhold_physical/hold3_s3_5sec,2,30,True,False,True,1257878.549129255,1203330.0282895027,0.0,0.0,54548.52083975001,175,3461,1092635.4647164675,45.46386430656578,2508325.089325854,0,True,False,False,data/results/exp008/mode_minhold_physical/hold3_s3_5sec/dispatch.npz,c18d314068e872a362cf241dd6585140b0d447be717a20385e488af9f0c13f34,
mode_planning/halfhour_ridge_s7_switch50_refine_pilot30,2,30,True,False,True,1263380.9337027646,1203038.068702777,0.0,0.0,60342.86499998608,164,3513,1080310.7414628877,44.948673042292164,2439913.246111477,0,True,True,False,data/results/exp008/mode_planning/halfhour_ridge_s7_switch50_refine_pilot30/dispatch.npz,93e003bbcf9223e8758f795c57f07645157b8fa8f95450bfda9dd896b973aa84,
mode_planning/hourly_ridge_rank_s7_switch50_refine_pilot30,2,30,True,False,True,1269529.696838526,1216996.5223895593,0.0,0.0,52533.17444896597,164,3478,1074589.8259969407,44.710665658690345,2300854.566557627,0,True,True,False,data/results/exp008/mode_planning/hourly_ridge_rank_s7_switch50_refine_pilot30/dispatch.npz,e4451876274be3a2d3cde7d3646622d51615a70dd45611ad4e4598dc0534b904,
mode_planning/hourly_ridge_s7_switch50_pilot30,2,30,True,False,True,1298095.6565215078,1183848.3274440449,0.0,0.0,114247.32907746159,160,3391,1080489.975190228,44.957136200254006,2388249.148115238,0,True,True,False,data/results/exp008/mode_planning/hourly_ridge_s7_switch50_pilot30/dispatch.npz,4f07dd40b2054cd573aa7e9bc1022810314c6f804358682bb0c18b095530de13,
mode_planning/hourly_ridge_s7_switch50_refine_full334,2,334,True,True,True,13502778.703835627,12819910.949988727,0.0,0.0,682867.753847022,1687,34878,10795616.293157637,449.19438418579716,23428745.04888899,0,True,True,False,data/results/exp008/mode_planning/hourly_ridge_s7_switch50_refine_full334/dispatch.npz,9cb88b999ee2763929afbd7efb239c8c1fcdf05aacdfcea59431fe080c80b287,4.005889799274809
mode_planning/hourly_ridge_s7_switch50_refine_pilot30,2,30,True,False,True,1267973.6387756602,1204530.7506487307,0.0,0.0,63442.88812693261,160,3446,1081532.0925509715,44.999443058996285,2375846.066609125,0,True,True,False,data/results/exp008/mode_planning/hourly_ridge_s7_switch50_refine_pilot30/dispatch.npz,5da37b49a5f3e8131e242c76c592a787caefbc620d2ee325ff97351e7333e283,
mode_planning/hourly_ridge_s7_switch50_smoke,2,3,True,False,True,161011.9051052353,123770.52832191296,0.0,0.0,37241.37678332225,16,327,107310.27458942123,4.463549701993968,235247.125779359,0,True,True,False,data/results/exp008/mode_planning/hourly_ridge_s7_switch50_smoke/dispatch.npz,7314f11bd17e0a2ace18670530429f4e70cad185475fae7959ab81f951e3ddc4,
mode_planning_physical/direct_hgb_memory_physical3_334days,2,334,True,True,True,13308743.534330644,12709034.027125599,0.0,0.0,599709.5072050071,1647,34689,10908599.62557609,453.8954982394584,22986942.097331453,0,True,False,False,data/results/exp008/mode_planning_physical/direct_hgb_memory_physical3_334days/dispatch.npz,72fcb1c23a6bfed7b072f87d7a2021b40ac3f1b2e7d81c8d50df6c1235192d57,5.385326865734818
mode_planning_physical/direct_hgb_memory_physical3_3days,2,3,True,False,True,140091.20258664712,126824.37790434052,0.0,0.0,13266.824682306577,16,345,112302.34564661761,4.66828737293924,232995.00523982826,0,True,False,False,data/results/exp008/mode_planning_physical/direct_hgb_memory_physical3_3days/dispatch.npz,a9eb554998d9d18faa6d1a16d444e27f5d5b654d3e34325c57677644c1c9beb5,
mode_planning_physical/joint_ridge28_refined_s3_30days,2,30,True,False,True,1266589.8745983944,1206898.3622836238,0.0,0.0,59691.51231477441,157,3345,1082838.781932442,45.056234949833154,2313562.993790324,0,True,False,False,data/results/exp008/mode_planning_physical/joint_ridge28_refined_s3_30days/dispatch.npz,39d5423bfd6a6d587508af4d738c946d8552afd97cc274fc8ff4d83ac874f7ba,
mode_planning_physical/joint_ridge28_refined_s3_334days,2,334,True,True,True,13585548.681288285,12865687.355544532,0.0,0.0,719861.3257437897,1665,34241,10807982.094169632,449.70891176856446,22872119.483196355,0,True,False,False,data/results/exp008/mode_planning_physical/joint_ridge28_refined_s3_334days/dispatch.npz,6baf5ea18614630ba281a1476350bef183fd9915e0e610ceb616d3a858a2f16b,3.417460520296467
mode_planning_physical/load_memory_half_physical3_30days,2,30,True,False,True,1282260.567331173,1207617.137274767,0.0,0.0,74643.43005640355,158,3292,1074174.3535410718,44.69377900115578,2292656.5029244456,0,True,False,False,data/results/exp008/mode_planning_physical/load_memory_half_physical3_30days/dispatch.npz,cca08f0f70d6569292320442b89eb18fa5919ebc10938c7401f1c64baf3efda8,
mode_planning_physical/load_memory_half_physical3_334days,2,334,True,True,True,13388187.499588981,12750912.790773492,0.0,0.0,637274.7088154319,1647,34965,10917548.60875372,454.26785573398257,23228318.748425297,0,True,False,False,data/results/exp008/mode_planning_physical/load_memory_half_physical3_334days/dispatch.npz,4252e867493f06596d67594ad0bac2ca4753a509a75c9b1accb5141efeb999af,4.8205429110347975
mode_planning_physical/refined_3days,2,3,True,False,True,149761.97280239814,124572.60543628177,0.0,0.0,25189.36736611632,15,314,105616.2501890795,4.395064145290782,225198.89588121505,0,True,False,False,data/results/exp008/mode_planning_physical/refined_3days/dispatch.npz,11c429f29eab0479d8b0038396b5dda00cee6b827b2da839b80a27bce23e4c9c,
mode_planning_physical/refined_s3_30days,2,30,True,False,True,1269729.7756090162,1205931.4803408626,0.0,0.0,63798.29526815491,157,3319,1080121.7018468273,44.94318019120647,2296503.383427208,0,True,False,False,data/results/exp008/mode_planning_physical/refined_s3_30days/dispatch.npz,40f3856d50da54aad97cea20c70119cd7e14387a4e6e68d3e16de1a1ea227546,
online_purchase/fixed_60days/online,2,60,True,False,True,2316907.2940212376,2230640.9784066183,0.0,0.0,86266.3156146198,1525,7493,2263897.2594141043,94.19803493243627,6166847.367501559,0,True,False,False,data/results/exp008/online_purchase/fixed_60days/online/dispatch.npz,64f79b7aa14d174938a09b7fbac1904aa3afc4d8e5639f71c0526fa7c83be080,
online_purchase/fixed_60days/zero,2,60,True,False,True,2311452.3646089197,2251651.2056581397,0.0,0.0,59801.15895078151,1354,7453,2269825.2275716066,94.44399434328848,6106781.1373607805,0,True,False,False,data/results/exp008/online_purchase/fixed_60days/zero/dispatch.npz,5e3510b698db6087807b6125aee1cae6c558a427d8f0f240e4532be714545838,
q4_absolute_hgb_physical/feasibility3,4-2,3,True,False,True,145329.64978619033,133570.5638264092,0.0,0.0,11759.085959781092,21,336,116292.97028111503,4.835422174146573,261906.1426614314,0,True,False,False,data/results/exp008/q4_absolute_hgb_physical/feasibility3/dispatch_4-2.npz,ae9b642a1ba7223203e813d322217b03646dfb7530c008b5aa9419cb56d02427,
q4_absolute_hgb_physical/full334,4-2,334,True,False,True,14018022.610012379,13406495.981769528,0.0,0.0,611526.6282427505,1793,35231,11259341.875293234,468.4894343538928,31060640.07601969,0,True,False,False,data/results/exp008/q4_absolute_hgb_physical/full334/dispatch_4-2.npz,c716486b35f13b3329b7e70732ec3957b18f4c306b65c06df542a0743606ccd6,
q4_hgb_linked_price_physical/feasibility3,4-2,3,True,False,True,144711.25625281502,133573.01181504235,0.0,0.0,11138.244437772608,20,346,114807.5173054873,4.773084007571897,240666.1935923418,0,True,False,False,data/results/exp008/q4_hgb_linked_price_physical/feasibility3/dispatch_4-2.npz,095ba9295f8d4832282e4f21c18493b46672d465b885902626bb85710e62f3c0,
q4_hgb_linked_price_physical/full334,4-2,334,True,False,True,13994531.257936869,13400456.682552535,0.0,0.0,594074.5753842426,1763,35187,11179601.98345794,465.1715438463272,28859635.103811145,0,True,False,False,data/results/exp008/q4_hgb_linked_price_physical/full334/dispatch_4-2.npz,09f1e6f131df6cc1e34874479cfd8dfd7c576a045c441ea7ec31e3e9a67e9b72,
q4_joint_price/pilot30,4-2,30,True,False,True,1328070.8532446409,1266029.0180978507,0.0,0.0,62041.83514678847,179,3409,1111584.9202382308,46.24680826444968,3049870.022648672,0,True,False,False,data/results/exp008/q4_joint_price/pilot30/dispatch_4-2.npz,758ff976f1b9d958af27f4fb577dde6f8a9fc532f770327b56361d05f4032fa1,
q4_physical/full334,4-2,334,True,False,True,14272632.796947677,13543521.063609332,0.0,0.0,729111.7333383362,1833,34842,11208918.887219356,466.39138844935394,31175636.52909746,0,True,False,False,data/results/exp008/q4_physical/full334/dispatch_4-2.npz,70dbbfe9d12e08c0feb68c8ca271f0e0054ccd7b156cb865d245cf2ad7acc9ad,
q4_physical/pilot30,4-2,30,True,False,True,1327128.8440604475,1265793.8217627786,0.0,0.0,61335.02229766794,167,3305,1101589.9298479783,45.83638100371623,2768252.1191464737,0,True,False,False,data/results/exp008/q4_physical/pilot30/dispatch_4-2.npz,33de6c334ab9b779a7235bb3b635706ce10a0e9ae7d195298c17a73045514ae3,
risk_window/per_slot14_30days,2,30,True,False,True,1248154.5812725734,1208037.6447299726,0.0,0.0,40116.93654260013,752,3780,1192817.9109141664,49.63193001701422,3269984.2452638983,0,True,False,False,data/results/exp008/risk_window/per_slot14_30days/dispatch_2.npz,706ddb2d6db7fbbbbfc682dd0eae3afb54f43255f80f9dc310a75944814b984b,
risk_window/per_slot14_334days,2,334,True,True,True,13461551.024346743,12667569.982444236,0.0,0.0,793981.0419025148,7537,39589,12063875.749501271,501.96498782429757,33277950.941306427,0,True,False,False,data/results/exp008/risk_window/per_slot14_334days/dispatch_2.npz,f48ddd675bdb0ca4282c689dcdad7eff9b902296f5c091170949ee7d062fc78f,4.2989860941175735
risk_window/tree14_30days,2,30,True,False,True,1249962.0913400727,1214918.589811196,0.0,0.0,35043.501528878616,686,3740,1185701.892766503,49.335694517694314,3219837.5419112397,0,True,False,False,data/results/exp008/risk_window/tree14_30days/dispatch_2.npz,67cfea51ba55c69668a792ce08633f8f521afd5a8a163bbf6cddae0cc3c322d5,
risk_window/tree28_30days,2,30,True,False,True,1256142.2655908996,1222523.1227134932,0.0,0.0,33619.14287740902,668,3723,1179810.9209893541,49.09041122389853,3210527.6618435225,0,True,False,False,data/results/exp008/risk_window/tree28_30days/dispatch_2.npz,7db5a77e872ef81b2a508bb52b0c162ac432b765e21b7fc1fda5641bf3929b5e,
risk_window/tree28_334days,2,334,True,True,True,13393480.145223478,12679818.494390337,0.0,0.0,713661.6508331313,6681,39594,12025130.975621024,500.35277115269014,32884899.746457897,0,True,False,False,data/results/exp008/risk_window/tree28_334days/dispatch_2.npz,e68b3b2dc60e91f7041941f62429855db1db7d602692f809ea654b2089bc7202,4.782916373606105
risk_window/tree7_30days,2,30,True,False,True,1253072.598147327,1211031.992431336,0.0,0.0,42040.60571599041,684,3758,1186156.4529259854,49.35467205639834,3240417.3827158003,0,True,False,False,data/results/exp008/risk_window/tree7_30days/dispatch_2.npz,2a46682e7d75e58811c3a27509a8b94301daa07d665c9e3435c8e5eb1046fc6b,
simultaneous_prefix_envelope,2,334,True,True,True,13337947.996067079,12654525.130614797,0.0,0.0,683422.8654523536,7745,40041,12146846.65741025,505.41758250991387,33791576.67114414,0,True,False,False,data/results/exp008/simultaneous_prefix_envelope/dispatch_2.npz,6dd7dd85d767e51b082faef34614fa29ad181ea5a198ac9bda20b2a55013721e,5.177706169301144
update_value_diagnostic/future1.5_d30/3,3,30,True,False,True,1230439.43375812,1157510.8133436963,63413.790490172934,0.0,9514.829924251031,449,3609,1140056.4631376138,47.437188883536535,2248635.619539881,0,True,False,False,data/results/exp008/update_value_diagnostic/future1.5_d30/3/dispatch_3.npz,7d6d7cf08e328c5bf4befb1f391e21aaf1aa3d7474f9058fa328c425d190062f,
update_value_diagnostic/future1.5_d30/4-3,4-3,30,True,False,True,1293960.8529462698,1221239.8478243197,64218.82258800054,0.0,8502.1825339495,511,3521,1223992.3806648818,50.92955934290058,3266161.579064663,0,True,False,False,data/results/exp008/update_value_diagnostic/future1.5_d30/4-3/dispatch_4-3.npz,343733f1ff342fe3bd4bf8d7cf544f7fcdcaf61a70293c538a2e36dd3053f683,
update_value_diagnostic/future1.5_d30_issued/3,3,30,True,False,True,1218879.9772927442,1156746.4739004292,59033.049861103456,0.0,3100.4535312108937,461,3637,1149235.8311519735,47.818384786019045,2252608.249076904,0,True,False,False,data/results/exp008/update_value_diagnostic/future1.5_d30_issued/3/dispatch_3.npz,82e8974d399417a9ecea53aeea210a7c9c94d764eb9db7165ddbaaa09b41b08d,
update_value_diagnostic/future1.5_d30_issued/4-3,4-3,30,True,False,True,1283877.465117038,1220147.0484269888,61428.545279516344,0.0,2301.871410532878,511,3539,1235358.4415347017,51.40174482673384,3256985.944487999,0,True,False,False,data/results/exp008/update_value_diagnostic/future1.5_d30_issued/4-3/dispatch_4-3.npz,2ffd3ce41dacd067bb961e7dd67ad4fc17786ccd6d0e107a9a21f32ade70c226,
update_value_diagnostic/future1.5_d334/3,3,334,True,False,True,13094579.597930351,11609680.804028096,1177019.0700382704,0.0,307879.72386394977,5707,39837,11525492.381874736,479.5639256852822,24715770.886704415,0,True,False,False,data/results/exp008/update_value_diagnostic/future1.5_d334/3/dispatch_3.npz,f2034329e8a5f1224e9eec0585509fb16566ca46442447aa0f0216417d5f8758,
update_value_diagnostic/future1.5_d334/4-3,4-3,334,True,False,True,13848187.985747274,12243331.611589724,1281829.3493674204,0.0,323027.0247901479,6471,39979,12358999.071197998,514.2452691405173,36702907.5028824,0,True,False,False,data/results/exp008/update_value_diagnostic/future1.5_d334/4-3/dispatch_4-3.npz,3a1d7daa6837173cc15a8a0a4d34f176461f3d1a863d5bc0936a46c7ba0aac7a,
update_value_diagnostic/future1.5_d334_issued/3,3,334,True,False,True,12891731.004964996,11612927.492124615,1069719.245715431,0.0,209084.2671249059,5841,39938,11691796.965022389,486.483679212538,24670531.625410587,0,True,False,False,data/results/exp008/update_value_diagnostic/future1.5_d334_issued/3/dispatch_3.npz,0d1c4d9a034785cd9acc17cd3cc4ca22802c2eb198fab13fa80b949cf65af94d,
update_value_diagnostic/future1.5_d334_issued/4-3,4-3,334,True,False,True,13654758.449540608,12250879.306093693,1168933.863311485,0.0,234945.28013546992,6595,39973,12511467.285455488,520.5893063488361,36511715.582334965,0,True,False,False,data/results/exp008/update_value_diagnostic/future1.5_d334_issued/4-3/dispatch_4-3.npz,ee5faaa9dd3d511a096e39ef1687bde2ca5ac75a561cb3f0725391991eb6a337,
update_value_diagnostic/future5_d30/3,3,30,True,False,True,1263196.2734187827,1247635.0894336693,14915.558830825545,0.0,645.6251542874892,477,3444,1107016.3074190808,46.06242380041546,2248537.660234901,0,True,False,False,data/results/exp008/update_value_diagnostic/future5_d30/3/dispatch_3.npz,1ae87c7a4f872f912f1eae86575c66de6babd70d967c27e400859b4c664684a0,
update_value_diagnostic/future5_d30/4-3,4-3,30,True,False,True,1332954.1274276446,1316654.2950845265,15463.278556317366,0.0,836.5537868004014,531,3369,1182563.6763386687,49.20585153844052,3227799.9189026006,0,True,False,False,data/results/exp008/update_value_diagnostic/future5_d30/4-3/dispatch_4-3.npz,d5c9b8c48c5715b7adeb6fd0f13e5fa480010c7cbaccc0dde6da4096bed3ed29,
update_value_diagnostic/future5_d30_issued/3,3,30,True,False,True,1261615.769790852,1247084.9429656023,14178.999056319031,0.0,351.82776893055234,481,3433,1109506.2468386267,46.1652489935388,2250512.24816403,0,True,False,False,data/results/exp008/update_value_diagnostic/future5_d30_issued/3/dispatch_3.npz,98410de63ca6a7c10ff7053bf7ff131cb9d6dc3f02f88ae5f4cac48b648d056f,
update_value_diagnostic/future5_d30_issued/4-3,4-3,30,True,False,True,1330950.2781959411,1316254.2674369041,14494.759180056048,0.0,201.2515789804719,539,3369,1185352.1103198873,49.32107474101991,3224565.998652662,0,True,False,False,data/results/exp008/update_value_diagnostic/future5_d30_issued/4-3/dispatch_4-3.npz,712be7ef151fdda5aa4f22c428dfb179349ff889fb92f88e1ffe72f516309f50,
update_value_diagnostic/future5_d334_issued/3,3,334,True,False,True,13047371.95072068,12606134.61823157,343603.7895014795,0.0,97633.54298763482,5847,38258,11399716.737243704,474.33053737988774,24592648.997985367,0,True,False,False,data/results/exp008/update_value_diagnostic/future5_d334_issued/3/dispatch_3.npz,2696976bb6d3432e7070ad81e928c6bc8ba9812830379af7acc5f02cf60b27ad,
update_value_diagnostic/future5_d334_issued/4-3,4-3,334,True,False,True,13815016.448692366,13323348.378821705,358035.45841342094,0.0,133632.61145725823,6575,38379,12260888.656147625,510.16300106494316,36559241.786509104,0,True,False,False,data/results/exp008/update_value_diagnostic/future5_d334_issued/4-3/dispatch_4-3.npz,9d351191aaa688b053825e03876e7f6ca0bb55ee378b6e97d84d56713a07869a,
weighted_mode_planning/ward3_joint_ridge28_30days,2,30,True,False,False,1266514.4610486731,1206009.4693280852,0.0,0.0,60504.9917205872,159,3238,1089976.9116837685,45.35324479520162,2334715.8996034926,0,True,False,False,data/results/exp008/weighted_mode_planning/ward3_joint_ridge28_30days/dispatch.npz,7a25c776517cdaa8d55b62737f1eb0af9ca65fd477db43abf6ebcfad70f2325a,
weighted_mode_planning/ward3_joint_ridge28_deadband0_30days,2,30,True,False,True,1267259.9795840716,1206260.747870623,0.0,0.0,60999.231713447225,159,3278,1087383.8667564567,45.24535100512988,2239202.2221617904,0,True,False,False,data/results/exp008/weighted_mode_planning/ward3_joint_ridge28_deadband0_30days/dispatch.npz,848c3265f219ad4071f50fb59aa0159223c5f2d8447c412b65f458aa97325065,
