name,scenario,seed,kind,method,weight,update_hours,anticipate,raw_pv,known_price,planned_kwh,final_kwh,emergency_kwh,emergency_minutes,charge_kwh,discharge_kwh,surplus_kwh,planned_cost,up_cost,down_cost,emergency_cost,total_cost,violations,solve_execute_seconds,solver_calls,timeout_count,fallback_count,incumbent_count,gap_certified_count,final_soc,daily_cvar90,worst_day_cost,worst_date,cache_key,source_experiment,comparison_status,strict_q2_input_isolation_verified,experiment,policy_id,label,same_dispatch,physically_comparable,ranking_allowed,source,exploratory,days,start_date,end_date,initial_soc,max_balance_error,max_state_error,case_id,alpha_load,alpha_pv,updates,replay_wall_seconds,variant,corrected,update_schedule,scenario_label,improvement_pct,weekly_improvement_pct,total_wan,planned_wan,emergency_wan,status,role,run_id,forecast,executor,conditioning,grid_kwh,throughput_yuan_per_kwh,reversal_yuan,deadband_kwh,terminal_value,throughput_kwh,equivalent_full_cycles,direction_reversals,direction_reversals_including_warmup_boundary,simultaneous_slots,charging_slots,discharging_slots,active_slots,power_changes_count,power_ramp_total_kw,power_ramp_total_kw_including_warmup_boundary,power_ramp_max_kw_per_10min,power_ramp_p95_kw_per_10min,mean_absolute_power_kw,max_charge_kw,max_discharge_kw,initial_mode,final_mode,initial_power_kw,final_power_kw,risk_seconds,planning_seconds,execution_seconds,compute_seconds,verified,mean_daily_cost,max_daily_cost,risk_fallback_days,tree_fit_seconds,terminal_credit_in_reported_cost,storage_seconds,run_wall_seconds,id,sum_daily_surrogate_objective,continuous_optimality_gap,comparable,beta,forecast_seed,nonidle_direction_reversals,direct_adjacent_reversals,mean_absolute_change_kw,rms_change_kw,p95_absolute_change_kw,max_absolute_change_kw,total_variation_kw,power_variation_kw,large_jump_threshold_kw,large_jump_count,large_jump_pct,power_limit_hit_pct,warmup_boundary_jump_kw,warmup_boundary_absolute_jump_kw,total_variation_including_warmup_kw,active_slot_pct,first_power_kw,last_power_kw,zero_tolerance_kw,power_limit_kw,points,differences,cross_midnight_differences,original_source,rl_seed,training_transitions,training_iterations,training_seconds,family
legacy_rebased,2,42,legacy,deterministic,0,[],True,False,False,19310623.5697846,19310623.5697846,730041.08805508,44340,6276030.03677205,5648637.45020651,1474082.57630746,11613278.0321186,0,0,4229376.15856689,15842654.1906855,0,19.0683570875553,334,0,0,0,334,1200,92651.6368821123,142797.635007435,2025-07-03,b046af101c7471d7,exp002,archived_v2_protocol_only,False,exp001,exp001/legacy_rebased,exp001 同口径重算,True,True,True,data/results/exp003/baseline/exp002_q2_costs.csv,False,334,2025-02-01,2025-12-31,,,,,,,,,,,,,,,1584.26541906855,1161.32780321186,422.937615856689,同物理口径,历史对照,,,,,,,,,,,,,,,,,,,,,,,,,,,,,,,,,,,,,,,,,,,,,True,,,,,,,,,,,,,,,,,,,,,,,,,,,,,,,
primary,2,42,mlp,risk,0.1,[],True,False,False,19494424.5794031,19494424.5794031,579717.66304431,36830,6316145.32618928,5684741.21068202,1503548.6319735,11755724.512758,0,0,3373172.93995212,15128897.4527102,0,907.740153215011,334,334,0,334,0,1200,83083.7379373721,138575.978713653,2025-06-01,e1adab7c9c5c9092,exp002,archived_v2_protocol_only,False,exp002,exp002/primary,exp002 正式风险,False,True,True,data/results/exp003/baseline/exp002_q2_costs.csv,False,334,2025-02-01,2025-12-31,,,,,,,,,,,,,,,1512.88974527102,1175.5724512758,337.317293995212,同物理口径,当轮正式策略,,,,,,,,,,,,,,,,,,,,,,,,,,,,,,,,,,,,,,,,,,,,,True,,,,,,,,,,,,,,,,,,,,,,,,,,,,,,,
new_deterministic,2,42,mlp,deterministic,0,[],True,False,False,19421489.4202652,19421489.4202652,628285.617434029,39410,6315396.677972,5684067.42728647,1479256.29204704,11677852.8610738,0,0,3674449.41883999,15352302.2799138,0,17.6988931330852,334,0,0,0,334,1200,84488.0593115364,138741.680165506,2025-06-01,11dcc1f0cbd5f8d1,exp002,archived_v2_protocol_only,False,exp002,exp002/new_deterministic,exp002 同确定性,True,True,True,data/results/exp003/baseline/exp002_q2_costs.csv,False,334,2025-02-01,2025-12-31,,,,,,,,,,,,,,,1535.23022799138,1167.78528610738,367.444941883999,同物理口径,历史对照,,,,,,,,,,,,,,,,,,,,,,,,,,,,,,,,,,,,,,,,,,,,,True,,,,,,,,,,,,,,,,,,,,,,,,,,,,,,,
primary,2,42,mlp,deterministic,0,,,,,19576927.868703,19576927.868703,549746.420063035,34290,6341190.38943135,5707232.23431987,1553526.6386879,11804823.0801435,0,0,3183799.56803298,14988622.6481765,0,12.3982772132149,334,0,0,0,334,1252.21266160668,84837.2770883123,154222.413058612,2025-07-03,bdb4c350107003ecd7f0,,,,exp003,exp003/primary,exp003 正式,True,True,True,data/results/exp003/dispatch_metrics.csv,False,334,2025-02-01,2025-12-31,1421.79911051355,0,9.09494701772928e-13,primary_seed_42,0,0,0,,,,,,,,1498.86226481765,1180.48230801435,318.379956803298,同物理口径,当轮正式策略,,,,,,,,,,,,,,,,,,,,,,,,,,,,,,,,,,,,,,,,,,,,,True,,,,,,,,,,,,,,,,,,,,,,,,,,,,,,,
uncalibrated,2,42,mlp,deterministic,0,,,,,19434153.14491,19434153.14491,607930.405578771,38790,6320654.21244361,5688799.20831092,1471039.05138943,11686193.3332658,0,0,3571836.7579253,15258030.0911911,0,12.6688868242782,334,0,0,0,334,1200,82559.0102958673,138931.16434569,2025-06-01,56bb6a42dd365d5b1dbf,,,,exp003,exp003/uncalibrated,exp003 未校准,True,True,True,data/results/exp003/dispatch_metrics.csv,False,334,2025-02-01,2025-12-31,1421.79911051355,0,9.09494701772928e-13,uncalibrated_seed_42,1,1,0,,,,,,,,1525.80300911911,1168.61933332658,357.18367579253,同物理口径,历史对照,,,,,,,,,,,,,,,,,,,,,,,,,,,,,,,,,,,,,,,,,,,,,True,,,,,,,,,,,,,,,,,,,,,,,,,,,,,,,
no_season,2,42,,,,,,,,20997147.6116725,20997147.6116725,160912.165420741,12260,6313399.08758655,5682140.76824373,2587611.96278375,12729841.3664886,0,0,881746.466424911,13611587.8329135,0,11.677327542915,334,0,0,0,334,1335.79631484864,67487.1616657264,123531.531248957,2025-07-03,,,,,exp004,exp004/no_season,exp004 无季节,True,True,True,data/results/exp004/dispatch_metrics.csv,False,334,2025-02-01,2025-12-31,1421.79911051355,0,9.09494701772928e-13,no_season_seed_42,,,,12.0941742080031,,,,,,,1361.15878329135,1272.98413664886,88.1746466424911,同物理口径,同预测基线,,,,,,,,,,,,,,,,,,,,,,,,,,,,,,,,,,,,,,,,,,,,,True,,,,,,,,,,,,,,,,,,,,,,,,,,,,,,,
causal_season,2,42,,,,,,,,21007720.4459155,21007720.4459155,162942.389089906,12300,6317717.49161782,5685938.60374733,2599694.45216827,12727957.7050103,0,0,898187.700980567,13626145.4059908,0,12.2730911975959,334,0,0,0,334,1429.32397020921,68163.4306856293,120510.234664435,2025-07-03,,,,,exp004,exp004/causal_season,exp004 历史季节,True,True,True,data/results/exp004/dispatch_metrics.csv,False,334,2025-02-01,2025-12-31,1421.79911051355,0,9.09494701772928e-13,causal_season_seed_42,,,,12.7015912920469,,,,,,,1362.61454059908,1272.79577050103,89.8187700980567,同物理口径,当轮正式策略,,,,,,,,,,,,,,,,,,,,,,,,,,,,,,,,,,,,,,,,,,,,,True,,,,,,,,,,,,,,,,,,,,,,,,,,,,,,,
oracle_season,2,42,,,,,,,,21070735.9394918,21070735.9394918,145611.632424135,11470,6298402.74801812,5668554.14258255,2647309.4715137,12774482.5882529,0,0,798443.890328896,13572926.4785818,0,12.3318634183379,334,0,0,0,334,1430.58036952087,67347.374388834,121829.808907449,2025-07-03,,,,,exp004,exp004/oracle_season,exp004 全年探索,True,True,False,data/results/exp004/dispatch_metrics.csv,True,334,2025-02-01,2025-12-31,1421.79911051355,0,9.09494701772928e-13,oracle_season_seed_42,,,,12.7942007499514,,,,,,,1357.29264785818,1277.44825882529,79.8443890328896,含未来信息，仅探索,含未来探索,,,,,,,,,,,,,,,,,,,,,,,,,,,,,,,,,,,,,,,,,,,,,False,,,,,,,,,,,,,,,,,,,,,,,,,,,,,,,
,2,mean,,,,,,,False,19836870.4998036,19836870.4998036,728394.121759774,45820,6359633.61873862,5157736.17742078,1424177.68527885,12025380.5613548,0,0,4232927.65599983,16258308.2173546,0,1.197190367267,,,,,,1200,,,,,exp001,not_directly_rankable_against_v2,False,exp001,exp001/original,exp001 原登记（不可比）,False,False,False,data/results/exp003/baseline/exp001_original_q2_costs.csv,False,334,2025-02-01,2025-12-31,8347.71804722222,,,,,,,,selected,True,0,问题 2,27.706388932644,-1.198012930703,1625.83082173546,1202.53805613548,423.292765599983,原协议不可直接比较,原登记不可比,,,,,,,,,,,,,,,,,,,,,,,,,,,,,,,,,,,,,,,,,,,,,False,,,,,,,,,,,,,,,,,,,,,,,,,,,,,,,
primary,2,42,,,,,,,,21702244.435096,21702244.435096,197559.782603584,65840,6042575.43666935,5438271.60315442,3356310.88921802,13215791.4492587,0,0,850466.027998076,14066257.4772568,,8.69794637651648,,,,,,1470.59289458206,64129.555135445,80885.4093009416,2025-06-01,,,,,exp006,exp006/primary,exp006 正式·树DP,False,True,True,data/results/exp006/primary/dispatch_2.npz,False,334,2025-02-01,2025-12-31,1421.79911051355,0,9.09494701772928e-13,,,,,,,,,,,,1406.62574772568,1321.57914492587,85.0466027998076,同物理口径；新规划及执行,正式策略,primary,no_season,projected,tree,50,0.002,0.05,2,True,11480847.0398238,477.705499757205,2729,2729,0,10907,12121,23028,20967,30451039.1434652,30455788.1580411,9013.79573991445,4714.78981487835,1432.2413971836,4999.12276225515,4838.28482005762,1,-1,172.76,0,1.12827545648906,7.49533516680822,0.0743357532192021,8.69794637651648,True,42114.5433450802,80885.4093009416,2,0.801180331269279,0,0.199688376043923,8.95486908406019,primary,13801994.5023273,,True,,,,,,,,,,,,,,,,,,,,,,,,,,,,,,,
seed_2026,2,2026,,,,,,,,21695177.6812199,21695177.6812199,197686.737021083,66220,6052697.23481453,5447312.93134467,3348290.61980446,13210305.315116,0,0,845421.109984166,14055726.4251002,,9.12052922102157,,,,,,1542.577023055,64429.2900634606,84690.4183705265,2025-06-01,,,,,exp006,exp006/seed_2026,exp006 树DP·种子2026,False,True,True,data/results/exp006/seed_2026/dispatch_2.npz,False,334,2025-02-01,2025-12-31,1421.79911051355,0,9.09494701772928e-13,,,,,,,,,,,,1405.57264251002,1321.0305315116,84.5421109984166,同物理口径；新规划及执行,种子稳定性,seed_2026,no_season,projected,tree,50,0.002,0.05,2,True,11500010.1661592,478.5026988224,2725,2725,0,10967,12153,23120,20974,30480795.7645931,30485544.7791689,9163.68925525349,4715.91620699798,1434.63200675639,4999.37959588114,4942.89768995038,1,-1,172.76,0,1.17012159526348,7.87211984570604,0.0782877800520509,9.12052922102157,True,42083.013248803,84690.4183705265,2,0.831817289348692,0,0.190573542146012,9.37082400009967,seed_2026,13792603.4533636,,True,,,,,,,,,,,,,,,,,,,,,,,,,,,,,,,
seed_3407,2,3407,,,,,,,,21681500.5861463,21681500.5861463,202731.904737208,66210,6054373.28456454,5448762.80455233,3339432.51590465,13197952.1186864,0,0,877653.131143669,14075605.24983,,9.13618110935204,,,,,,1604.31687604847,64522.1051514944,85162.0761096175,2025-06-01,,,,,exp006,exp006/seed_3407,exp006 树DP·种子3407,False,True,True,data/results/exp006/seed_3407/dispatch_2.npz,False,334,2025-02-01,2025-12-31,1421.79911051355,0,9.09494701772928e-13,,,,,,,,,,,,1407.560524983,1319.79521186864,87.7653131143669,同物理口径；新规划及执行,种子稳定性,seed_3407,no_season,projected,tree,50,0.002,0.05,2,True,11503136.0891169,478.63262969557,2725,2725,0,10997,12156,23153,20988,30479002.5561582,30483751.5707341,9138.01732296082,4716.5005101606,1435.0219672052,4998.62963991368,4973.49801979916,1,-1,172.76,0,1.17519103363156,7.88326995866373,0.0777201170567423,9.13618110935204,True,42142.5306881139,85162.0761096175,2,0.833890376496129,0,0.191867290413938,9.3874684170587,seed_3407,13786142.2189607,,True,,,,,,,,,,,,,,,,,,,,,,,,,,,,,,,
causal_42,2,42,,,,,,,,21718716.7240269,21718716.7240269,201661.790745887,64750,6041591.6150861,5437328.63230063,3376926.03702061,13224871.8941921,0,0,869418.037314804,14094289.9315069,,9.08902794343885,,,,,,1531.23634533187,65054.4204820174,86083.0255729522,2025-06-01,,,,,exp006,exp006/causal_42,exp006 历史季节·树DP,False,True,True,data/results/exp006/causal_42/dispatch_2.npz,False,334,2025-02-01,2025-12-31,1421.79911051355,0,9.09494701772928e-13,,,,,,,,,,,,1409.42899315069,1322.48718941921,86.9418037314804,同物理口径；新规划及执行,预测兼容对照,causal_42,causal_season,projected,tree,50,0.002,0.05,2,True,11478920.2473867,477.6251950214,2733,2733,0,10918,12130,23048,20978,30418457.6883472,30423206.7029231,9012.49133147988,4713.50527258197,1432.00102886561,4999.28999051061,4986.9980441858,1,-1,172.76,0,1.16330216627102,7.849160992424,0.0765647847438231,9.08902794343885,True,42198.4728488229,86083.0255729522,2,0.826357296784408,0,0.18802633380983,9.33491362491623,causal_42,13818573.7001577,,True,,,,,,,,,,,,,,,,,,,,,,,,,,,,,,,
causal_2026,2,2026,,,,,,,,21718314.2213713,21718314.2213713,196666.148800595,64510,6045679.69148094,5440898.17872285,3371009.3624471,13228793.605371,0,0,843390.150826609,14072183.7561976,,9.38850649853703,,,,,,1646.89383963879,64798.1071330061,86821.6142012683,2025-06-01,,,,,exp006,exp006/causal_2026,exp006 历史季节·2026,False,True,True,data/results/exp006/causal_2026/dispatch_2.npz,False,334,2025-02-01,2025-12-31,1421.79911051355,0,9.09494701772928e-13,,,,,,,,,,,,1407.21837561976,1322.8793605371,84.3390150826609,同物理口径；新规划及执行,种子稳定性,causal_2026,causal_season,projected,tree,50,0.002,0.05,2,True,11486577.8702038,477.943566775549,2723,2723,0,10940,12144,23084,20944,30480027.0477744,30484776.0623502,9220.71838848569,4710.42200424157,1432.95632113321,4998.54989231963,4855.60328586068,1,-1,172.76,0,1.20501359051559,8.1048438725993,0.0786490354221314,9.38850649853703,True,42132.2866952023,86821.6142012683,2,0.85742158757057,0,0.210057707387023,9.65850637492258,causal_2026,13812849.7271674,,True,,,,,,,,,,,,,,,,,,,,,,,,,,,,,,,
causal_3407,2,3407,,,,,,,,21699298.2498059,21699298.2498059,202468.125405259,64020,6052880.08300813,5447307.64433508,3357004.44157149,13207545.3739151,0,0,878465.452625661,14086010.8265408,,10.049396886141,,,,,,1721.61504784539,64966.0764764601,85851.4804692587,2025-06-01,,,,,exp006,exp006/causal_3407,exp006 历史季节·3407,False,True,True,data/results/exp006/causal_3407/dispatch_2.npz,False,334,2025-02-01,2025-12-31,1421.79911051355,0,9.09494701772928e-13,,,,,,,,,,,,1408.60108265408,1320.75453739151,87.8465452625661,同物理口径；新规划及执行,种子稳定性,causal_3407,causal_season,projected,tree,50,0.002,0.05,2,True,11500187.7273432,478.509694323646,2727,2727,0,10948,12155,23103,20945,30446201.9463971,30450950.960973,9191.48295813711,4708.12596002015,1434.6541576027,4999.98873394902,4838.28482005762,1,-1,172.76,0,1.29951930069365,8.66179179702885,0.0880857884185388,10.049396886141,True,42173.6851094036,85851.4804692587,2,0.911854914971627,0,0.207360500469804,10.3270824580686,causal_3407,13796763.6102515,,True,,,,,,,,,,,,,,,,,,,,,,,,,,,,,,,
cost_only,2,42,,,,,,,,21702898.1414103,21702898.1414103,198364.863344612,65670,6044516.61291859,5440017.52605415,3357574.42292381,13215909.9956215,0,0,855407.059265939,14071317.0548875,,9.41274196235463,,,,,,1471.7900534119,64129.0562943656,80877.5708780637,2025-06-01,,,,,exp006,exp006/cost_only,exp006 仅费用,False,True,True,data/results/exp006/cost_only/dispatch_2.npz,False,334,2025-02-01,2025-12-31,1421.79911051355,0,9.09494701772928e-13,,,,,,,,,,,,1407.13170548875,1321.59099956215,85.5407059265939,同物理口径；新规划及执行,消融,cost_only,no_season,projected,tree,50,0,0,0,True,11484534.1389727,477.858913332774,2731,2731,0,10049,12147,22196,21229,30353734.1014697,30358483.1160456,9013.79573991445,4716.43245235548,1432.70136464231,4999.12276225515,4838.28482005762,1,-1,172.76,0,1.21079016814474,8.12251258222386,0.0794392119860276,9.41274196235463,True,42129.6917811002,80877.5708780637,2,0.861045125173405,0,0.194551415974274,9.66790666698944,cost_only,13775868.2581137,,True,,,,,,,,,,,,,,,,,,,,,,,,,,,,,,,
no_tree,2,42,,,,,,,,21831208.9479634,21831208.9479634,205820.00962752,68990,6007097.36060535,5406400.91051199,3497143.0125309,13314119.3597086,0,0,881097.940131932,14195217.2998406,,8.42835328984074,,,,,,1407.7944714521,64570.2737656088,84018.3795715183,2025-07-03,,,,,exp006,exp006/no_tree,exp006 无条件树,False,True,True,data/results/exp006/no_tree/dispatch_2.npz,False,334,2025-02-01,2025-12-31,1421.79911051355,0,9.09494701772928e-13,,,,,,,,,,,,1419.52172998406,1331.41193597086,88.1097940131932,同物理口径；新规划及执行,消融,no_tree,no_season,projected,per_slot,50,0.002,0.05,2,True,11413498.2711173,474.903328174096,2721,2721,0,10935,12109,23044,20852,30278315.177545,30283064.1921209,9149.52132440849,4711.13514976988,1423.83960468031,4996.12382651133,4838.28482005762,1,-1,172.76,0,0.153794866288081,8.19689713639673,0.0776612871559336,8.42835328984074,True,42500.650598325,84018.3795715183,2,0,0,0.211944499402307,8.69950683298521,no_tree,13905665.0961696,,True,,,,,,,,,,,,,,,,,,,,,,,,,,,,,,,
more_throughput_penalty,2,42,,,,,,,,21688245.6198597,21688245.6198597,199516.234882956,66660,5813812.44934583,5232358.68546946,3367118.59589962,13222248.4259319,0,0,857579.417088157,14079827.84302,,9.74348441534676,,,,,,1498.24078702991,64118.1449135699,80803.4423405699,2025-06-01,,,,,exp006,exp006/more_throughput_penalty,exp006 较强吞吐惩罚,False,True,True,data/results/exp006/more_throughput_penalty/dispatch_2.npz,False,334,2025-02-01,2025-12-31,1421.79911051355,0,9.09494701772928e-13,,,,,,,,,,,,1407.982784302,1322.22484259319,85.7579417088157,同物理口径；新规划及执行,消融,more_throughput_penalty,no_season,projected,tree,50,0.01,0.05,2,True,11046171.1348153,459.619045654523,2047,2047,0,9922,11714,21636,19935,25858387.1547926,25863136.1693685,8538.77410678115,4528.31817146532,1378.01536112965,4998.30100803787,4854.18783404107,1,-1,172.76,0,1.24779165664222,8.41373746609315,0.0819552926113829,9.74348441534676,True,42155.1731826947,80803.4423405699,2,0.884192337980494,0,0.197603040840477,10.0031703329878,more_throughput_penalty,13908935.1395369,,True,,,,,,,,,,,,,,,,,,,,,,,,,,,,,,,
zero_terminal,2,42,,,,,,,,21702244.435096,21702244.435096,197559.782603584,65840,6042575.43666935,5438271.60315442,3356310.88921802,13215791.4492587,0,0,850466.027998076,14066257.4772568,,10.5299972490175,,,,,,1470.59289458206,64129.555135445,80885.4093009416,2025-06-01,,,,,exp006,exp006/zero_terminal,exp006 无终值,False,True,True,data/results/exp006/zero_terminal/dispatch_2.npz,False,334,2025-02-01,2025-12-31,1421.79911051355,0,9.09494701772928e-13,,,,,,,,,,,,1406.62574772568,1321.57914492587,85.0466027998076,同物理口径；新规划及执行,消融,zero_terminal,no_season,projected,tree,50,0.002,0.05,2,False,11480847.0398238,477.705499757205,2729,2729,0,10907,12121,23028,20967,30451039.1434652,30455788.1580411,9013.79573991445,4714.78981487835,1432.2413971836,4999.12276225515,4838.28482005762,1,-1,172.76,0,1.35599599406123,9.08450554625597,0.0894957087002694,10.5299972490175,True,42114.5433450802,80885.4093009416,2,0.955378992366604,0,0.238773337099701,10.8359650840284,zero_terminal,13801994.5023273,,True,,,,,,,,,,,,,,,,,,,,,,,,,,,,,,,
greedy_execution,2,42,,,,,,,,21498222.006786,21498222.006786,74976.2977591475,6380,6190052.90466772,5570850.30892539,3014806.21383619,13127816.4567055,0,0,406380.270610227,13534196.7273157,,10.7958086777944,,,,,,1629.77713222176,63202.6340243339,86927.064483632,2025-06-01,,,,,exp006,exp006/greedy_execution,exp006 旧执行·重新规划,False,True,True,data/results/exp006/greedy_execution/dispatch_2.npz,False,334,2025-02-01,2025-12-31,1421.79911051355,0,9.09494701772928e-13,,,,,,,,,,,,1353.41967273157,1312.78164567055,40.6380270610227,同物理口径；新规划及执行,消融,greedy_execution,no_season,old_greedy,tree,50,0.002,0.05,2,True,11760903.2135931,489.357984641374,6755,6755,0,22804,16131,38935,38654,32666146.3282527,32670973.5682527,9255.1866785884,4522.75368857835,1467.17854460992,5000,5000,1,-1,172.76,-329.793887287205,1.37638550635893,9.33320054085925,0.0862226305762305,10.7958086777944,True,40521.5470877716,86927.064483632,2,0.972709537483752,0,0.216908628121018,11.0816822079942,greedy_execution,13713556.0689655,,True,,,,,,,,,,,,,,,,,,,,,,,,,,,,,,,
no_deadband,2,42,,,,,,,,21702199.0230355,21702199.0230355,197498.761849005,65690,6042574.17603141,5438270.46858028,3356204.58246668,13215779.3811864,0,0,850175.473761399,14065954.8549478,,11.2517184660537,,,,,,1470.59289458206,64129.3955332394,80880.0785872762,2025-06-01,,,,,exp006,exp006/no_deadband,exp006 无死区,False,True,True,data/results/exp006/no_deadband/dispatch_2.npz,False,334,2025-02-01,2025-12-31,1421.79911051355,0,9.09494701772928e-13,,,,,,,,,,,,1406.59548549478,1321.57793811864,85.0175473761399,同物理口径；新规划及执行,消融,no_deadband,no_season,projected,tree,50,0.002,0.05,0,True,11480844.6446117,477.705400095026,2731,2731,0,10914,12136,23050,20987,30452352.7533244,30457101.7679003,9013.79573991445,4714.78981487835,1432.2410983797,4999.12276225515,4838.28482005762,1,-1,172.76,0,1.43926684185863,9.72003200463951,0.092419619555585,11.2517184660537,True,42113.637290263,80880.0785872762,2,1.01759238680825,0,0.240957542438991,11.5622217499185,no_deadband,13801994.0020225,,True,,,,,,,,,,,,,,,,,,,,,,,,,,,,,,,
primary_grid25,2,42,,,,,,,,21701970.6955139,21701970.6955139,200108.361950719,66780,6090087.90803904,5481032.82738714,3353834.48184608,13185249.0577316,0,0,861061.48615189,14046310.5438835,,41.3151880279183,,,,,,1470.59289458547,64003.7670770325,80993.0398877655,2025-06-01,,,,,exp006,exp006/primary_grid25,exp006 正式·25kWh,False,True,True,data/results/exp006/primary_grid25/dispatch_2.npz,False,334,2025-02-01,2025-12-31,1421.79911051355,0,9.09494701772928e-13,,,,,,,,,,,,1404.63105438835,1318.52490577316,86.106148615189,同物理口径；新规划及执行,网格精度核查,primary_grid25,no_season,projected,tree,25,0.002,0.05,2,True,11571120.7354262,481.461690427,2729,2729,0,10976,12125,23101,21430,31202198.5898671,31206947.6044429,9312.90770919588,4847.33651304617,1443.50308575676,4999.59803791513,4980.5873147652,1,-1,172.76,0,1.68439774517901,39.5187919879099,0.111998294829391,41.3151880279183,True,42054.8219876752,80993.0398877655,2,1.18028986291029,0,0.257242334890179,41.6561607079348,primary_grid25,13775643.2977393,,True,,,,,,,,,,,,,,,,,,,,,,,,,,,,,,,
causal_42_grid25,2,42,,,,,,,,21717517.0204643,21717517.0204643,204507.515666413,65410,6089282.71782134,5480256.85650382,3373809.17984657,13194017.2913926,0,0,880913.041230159,14074930.3326228,,40.9906697538681,,,,,,1524.66751304764,64954.5922280797,85672.0942385439,2025-06-01,,,,,exp006,exp006/causal_42_grid25,exp006 历史季节·25kWh,False,True,True,data/results/exp006/causal_42_grid25/dispatch_2.npz,False,334,2025-02-01,2025-12-31,1421.79911051355,0,9.09494701772928e-13,,,,,,,,,,,,1407.49303326228,1319.40172913926,88.0913041230159,同物理口径；新规划及执行,网格精度核查,causal_42_grid25,causal_season,projected,tree,25,0.002,0.05,2,True,11569539.5743252,481.395781441956,2735,2735,0,10958,12135,23093,21412,31218765.2732258,31223514.2878017,9312.90770919588,4847.46152335484,1443.3058351204,4999.98209567376,4980.5873147652,1,-1,172.76,0,1.67960983200464,39.2005284205079,0.110531501355581,40.9906697538681,True,42140.5099779125,85672.0942385439,2,1.18337270081975,0,0.269100125762634,41.344673249987,causal_42_grid25,13792164.2284873,,True,,,,,,,,,,,,,,,,,,,,,,,,,,,,,,,
fixed_primary_greedy,2,42,,,,,,,,21702244.435096,21702244.435096,73848.9752175423,6330,6180199.68424002,5561982.41054046,3218686.64164735,13215791.4492587,0,0,400176.206906973,13615967.6561657,,0.075923926779069,,,,,,1629.77713222176,63293.2382750085,83830.3201135058,2025-06-01,,,,,exp006,exp006/fixed_primary_greedy,exp006 固定购电·旧执行,False,True,True,data/results/exp006/fixed_primary_greedy/dispatch_2.npz,False,334,2025-02-01,2025-12-31,1421.79911051355,0,9.09494701772928e-13,,,,,,,,,,,,1361.59676561657,1321.57914492587,40.0176206906973,同物理口径；新规划及执行,执行控制对照,fixed_primary_greedy,no_season,old_greedy,not_refit_archived_primary_purchases,50,0.002,0.05,2,True,11742182.0947805,488.579019170392,6669,6669,0,22117,16066,38183,37924,31423560.0539821,31428387.2939821,9255.1866785884,4447.85440015976,1464.84307569617,5000,5000,1,-1,172.76,-329.793887287205,0,0,0.075923926779069,0.075923926779069,True,40766.370228041,83830.3201135058,2,0,0,0.213927707867697,0.338309625047259,fixed_primary_greedy,,,True,,,,,,,,,,,,,,,,,,,,,,,,,,,,,,,
beta_0.1,,42,,,,,,,,19729596.3815339,,698388.269991026,,6059525.52217444,5453783.34872799,,12125606.9831192,0,0,2592275.18235666,14717882.1654759,,,,,,,,1200.04041461154,,,,,,,,exp005,exp005/beta_0.1,exp005 LP·β=0.1,,False,False,reports/experiments/exp007/evidence/history/exp005/beta_0.1/dispatch.npz,False,334,2025-02-01,2025-12-31,1421.79911051355,,,,,,,,,,,,,,1471.78821654759,1212.56069831192,259.227518235666,仅描述：1000 kW硬爬坡、LP松弛及允许紧急充电；不排名,当轮正式策略,,,,,,,,,,11513308.8709024,479.056794695472,3859,,0,,,,,,,,,,,,,,,,,,,,,,,,,,,,,,,False,0.1,42,3859,2986,263.873621540086,428.252187209277,1000,1000.00000000004,12691001.8279704,12691001.8279704,1000,669,1.39099698513359,0.72771124417831,1000,1000,12692001.8279704,92.3361610113107,1172.76,-86.2648554067097,6e-06,5000,48096,48095,333,/Users/vegetarianwolf/Projects/CUMCM2026/data/results/exp005/soft-penalty-beta-0.1/dispatch.npz,,,,,
beta_0.01,,42,,,,,,,,19771260.375501,,700763.434847545,,6116754.53202739,5505289.45760477,,12142430.6635983,0,0,2598563.21031421,14740993.8739125,,,,,,,,1200.04040499616,,,,,,,,exp005,exp005/beta_0.01,exp005 LP·β=0.01,,False,False,reports/experiments/exp007/evidence/history/exp005/beta_0.01/dispatch.npz,False,334,2025-02-01,2025-12-31,1421.79911051355,,,,,,,,,,,,,,1474.09938739125,1214.24306635983,259.856321031421,仅描述：1000 kW硬爬坡、LP松弛及允许紧急充电；不排名,历史权重对照,,,,,,,,,,11622043.9896322,483.581145180161,3779,,0,,,,,,,,,,,,,,,,,,,,,,,,,,,,,,,False,0.01,42,3779,2956,263.655547538178,428.191683404102,1000,1000.00000000005,12680513.5588487,12680513.5588487,1000,702,1.45961118619399,0.72147371922821,1000,1000,12681513.5588487,94.1159347970725,1172.76,-86.3309177245264,6e-06,5000,48096,48095,333,/Users/vegetarianwolf/Projects/CUMCM2026/data/results/exp005/soft-penalty-beta-0.01/dispatch.npz,,,,,
regularized_42,2,42,,,,,,,,21363488.8941576,21363488.8941576,488218.146266992,102740,3129501.95261102,2816762.17446159,3599777.76730845,15770026.2459973,0,0,2155729.33841381,17925755.5844111,,,,,,,,1200,,94312.3325309838,2025-12-02,,,,,exp007,exp007/regularized_42,exp007 正式·轻惩罚·42,,True,True,data/results/exp007/regularized_42/dispatch_2.npz,False,334,2025-02-01,2025-12-31,1421.79911051355,,,,,,,,,,,,,,1792.57555844111,1577.00262459973,215.572933841381,同物理结算口径；冻结同预测；PPO规划和互斥投影,正式策略,regularized_42,no_season,,,,,,,,5946264.12707261,247.418094434484,1129,1129,0,14760,6872,21632,17566,7184801.22695598,7185878.46695598,7316.97774901148,553.129158182612,741.799417049976,5000,5000,1,-1,172.76,0,1.12730979442131,8.72961828135885,0.0825545090483501,9.93948258482851,True,53669.9268994346,94312.3325309838,,,0,,88.3645324169192,regularized_42,,,True,,42,1129,433,149.387695747083,569.647232983412,553.129158182612,7316.97774901148,7184801.22695598,7184801.22695598,1000,1756,3.65110718369893,1.06869594145043,1077.24,1077.24,7185878.46695598,44.9767132401863,1250,0,6e-06,5000,48096,48095,333,,42,5667840,1230,77.8852933811722,regularized
regularized_2026,2,2026,,,,,,,,21236160.635007,21236160.635007,398841.295923121,83660,3520360.95683886,3168535.27826664,3343986.75739125,15840429.9812596,0,0,1717856.57316636,17558286.5544259,,,,,,,,1200,,90263.9722234715,2025-07-06,,,,,exp007,exp007/regularized_2026,exp007 轻惩罚·2026,,True,True,data/results/exp007/regularized_2026/dispatch_2.npz,False,334,2025-02-01,2025-12-31,1421.79911051355,,,,,,,,,,,,,,1755.82865544259,1584.04299812596,171.785657316636,同物理结算口径；冻结同预测；PPO规划和互斥投影,训练种子稳定性,regularized_2026,no_season,,,,,,,,6688896.23510551,278.318211868118,1296,1297,0,15647,8930,24577,19465,7749719.87597578,7750222.47003472,7093.08666519691,653.610073760251,834.443143101984,5000,5000,1,-1,172.76,0,1.14022230310366,8.87160795228556,0.0828037024475634,10.0946339578368,True,52569.7202228321,90263.9722234715,,,0,,90.4256614579354,regularized_2026,,,True,,42,1296,526,161.133587191512,568.08536901315,653.610073760251,7093.08666519691,7749719.87597578,7749719.87597578,1000,1975,4.10645597255432,0.209996673320027,-502.594058937642,502.594058937642,7750222.47003472,51.0998835662009,-329.834058937642,0,6e-06,5000,48096,48095,333,,2026,5667840,1230,79.8226059342269,regularized
regularized_3407,2,3407,,,,,,,,21085193.5638274,21085193.5638274,468151.797628609,96690,3500316.50422015,3150495.2709098,3264334.63317896,15650223.4487493,0,0,2032331.80449195,17682555.2532412,,,,,,,,1200,,90679.7396399584,2025-07-06,,,,,exp007,exp007/regularized_3407,exp007 轻惩罚·3407,,True,True,data/results/exp007/regularized_3407/dispatch_2.npz,False,334,2025-02-01,2025-12-31,1421.79911051355,,,,,,,,,,,,,,1768.25552532412,1565.02234487493,203.233180449195,同物理结算口径；冻结同预测；PPO规划和互斥投影,训练种子稳定性,regularized_3407,no_season,,,,,,,,6650811.77512996,276.733558749956,1137,1137,0,16651,8351,25002,19445,7195731.65187723,7196808.89187723,7675.87191103218,609.06383,829.692087715813,5000,5000,1,-1,172.76,0,1.12800909066573,8.78890195675194,0.0821624977979809,9.99907354521565,True,52941.7821953331,90679.7396399584,,,0,,89.48745379108,regularized_3407,,,True,,42,1137,368,149.614963132908,516.864099602653,609.06383,7675.87191103218,7195731.65187723,7195731.65187723,1000,1814,3.77170184010812,0.216234198270126,1077.24,1077.24,7196808.89187723,51.9835329341317,1250,0,6e-06,5000,48096,48095,333,,3407,5667840,1230,78.9822316280333,regularized
cost_only_42,2,42,,,,,,,,20929835.6160198,20929835.6160198,514936.377882766,109830,3636248.30177453,3272833.88870875,3142168.08587016,15565443.6127887,0,0,2159823.02636585,17725266.6391545,,,,,,,,1200,,94358.6058647031,2025-12-01,,,,,exp007,exp007/cost_only_42,exp007 仅费用·42,,True,True,data/results/exp007/cost_only_42/dispatch_2.npz,False,334,2025-02-01,2025-12-31,1421.79911051355,,,,,,,,,,,,,,1772.52666391545,1556.54436127887,215.982302636585,同物理结算口径；冻结同预测；PPO规划和互斥投影,预声明仅费用消融,cost_only_42,no_season,,,,,,,,6909082.19048328,287.479910917775,1090,1091,0,15930,7993,23923,17897,7451951.46342896,7452454.0574879,8230.20360146797,726.98870203532,861.911450908593,5000,5000,1,-1,172.76,0,1.26696325512603,9.78422279842198,0.0930080092512071,11.1441940627992,True,53069.660596271,94358.6058647031,,,0,,98.1309737500269,cost_only_42,,,True,,42,1090,246,154.942332122444,539.458766882631,726.98870203532,8230.20360146797,7451951.46342896,7451951.46342896,1000,2014,4.18754548289843,0.128908848968729,-502.594058937642,502.594058937642,7452454.0574879,49.7401031270792,-329.834058937642,0,6e-06,5000,48096,48095,333,,42,5667840,1230,86.4275493889581,cost_only
cost_only_2026,2,2026,,,,,,,,21456128.7105627,21456128.7105627,384312.550512005,85140,3287801.91562968,2959232.14117838,3572681.99165678,16017082.9970148,0,0,1610024.27602194,17627107.2730368,,,,,,,,1200,,84918.8616190662,2025-12-01,,,,,exp007,exp007/cost_only_2026,exp007 仅费用·2026,,True,True,data/results/exp007/cost_only_2026/dispatch_2.npz,False,334,2025-02-01,2025-12-31,1421.79911051355,,,,,,,,,,,,,,1762.71072730368,1601.70829970148,161.002427602194,同物理结算口径；冻结同预测；PPO规划和互斥投影,预声明仅费用消融,cost_only_2026,no_season,,,,,,,,6247034.05680805,259.932805350968,1234,1235,0,14890,7584,22474,18124,7592404.00103614,7592906.59509507,7410.72508862958,627.917408787378,779.320615869268,5000,5000,1,-1,172.76,0,1.3096628675703,10.10999874759,0.0958767038537189,11.515538319014,True,52775.7702785532,84918.8616190662,,,0,,102.39610295801,cost_only_2026,,,True,,42,1234,494,157.86264686633,594.879657847581,627.917408787378,7410.72508862958,7592404.00103614,7592404.00103614,1000,1928,4.0087327164986,0.19544244843646,-502.594058937642,502.594058937642,7592906.59509507,46.727378576181,-329.834058937642,0,6e-06,5000,48096,48095,333,,2026,5667840,1230,90.3119242405519,cost_only
cost_only_3407,2,3407,,,,,,,,21332375.431602,21332375.431602,434600.097400228,92650,3618096.50989609,3256497.27601814,3466186.80015765,15685812.0794835,0,0,1851515.55143294,17537327.6309164,,,,,,,,1200,,92097.3273810112,2025-07-06,,,,,exp007,exp007/cost_only_3407,exp007 仅费用·3407,,True,True,data/results/exp007/cost_only_3407/dispatch_2.npz,False,334,2025-02-01,2025-12-31,1421.79911051355,,,,,,,,,,,,,,1753.73276309164,1568.58120794835,185.151555143294,同物理结算口径；冻结同预测；PPO规划和互斥投影,预声明仅费用消融,cost_only_3407,no_season,,,,,,,,6874593.78591423,286.044885769044,1229,1229,0,15916,8233,24149,19075,8025841.26713968,8026918.50713968,7430.21384179278,708.143568353787,857.609005228821,5000,5000,1,-1,172.76,0,1.36534329713322,10.6040497403592,0.100895173964091,12.0702882114565,True,52506.9689548397,92097.3273810112,,,0,,106.002999083023,cost_only_3407,,,True,,42,1229,391,166.874753449208,590.284697899444,708.143568353787,7430.21384179278,8025841.26713968,8025841.26713968,1000,2026,4.21249610146585,0.20791749833666,1077.24,1077.24,8026918.50713968,50.20999667332,1250,0,6e-06,5000,48096,48095,333,,3407,5667840,1230,93.3005045403261,cost_only
