day,slot,matched,net_paths_sha256,price_sha256,frozen_source_sha256
31,0,True,2249fb4cfac8eb134aef6bc752b3219f6d67b0988eb939870d921ff9b87ce600,bc833f72404c9ab5b10d56d7a47c66ab23f2c19d86a15f00ecb53e5dffd678b6,9a9f3fcc4aa1a7785a987da84adbc8173900c880501b7db2220f9f04b2d1d7f2
32,0,True,21dbd206a4ec664f3284f51505be200110ed2640abf78242d92d40548d105438,bc833f72404c9ab5b10d56d7a47c66ab23f2c19d86a15f00ecb53e5dffd678b6,60e53a8a1da485e9c2a876636863ba7358fb0b12ed00a665696f7b842f3a5a8b
33,0,True,1f057779a373a9a0815cb37f2e9971d38c070fca4f99ed9d7197a9edecc6fbf7,bc833f72404c9ab5b10d56d7a47c66ab23f2c19d86a15f00ecb53e5dffd678b6,5f079e2b6f5770f7c6d404db76ab37e3177a9e066b10ef37f841569845d785d1
34,0,True,f29a6c10380d39042cb315079189e30114cf71df21b1a5ffea03719c7f88f148,bc833f72404c9ab5b10d56d7a47c66ab23f2c19d86a15f00ecb53e5dffd678b6,8904259904235996a3d7369b4ab61dfa5b61d40dbcfca86f195c2ef69a99f2fa
35,0,True,537b0ed1b9e62f3e18a7417b68a637df160f0dc2f425da833e532cb3631b3a62,bc833f72404c9ab5b10d56d7a47c66ab23f2c19d86a15f00ecb53e5dffd678b6,3b8d051a91496e7793782b53e4817cf1e6e13642fa5047a79b282c1e23c039dd
36,0,True,88d443ca81c4bdbe53f58a7bc33dc7a6c4a1bcd21e42078ef9aa0a727862600f,bc833f72404c9ab5b10d56d7a47c66ab23f2c19d86a15f00ecb53e5dffd678b6,d2efcc9710b81d6e23cab798e232343feacb7a1c7d132f7943eddae610275ca3
37,0,True,c51914f97b3489e702d174aaa14bc6036e8224ea2826a7367d4fe9ce44b36941,bc833f72404c9ab5b10d56d7a47c66ab23f2c19d86a15f00ecb53e5dffd678b6,27d45b3e7837e8dca3024e12955b98bb3e0652103b6497076a8b3650db891052
38,0,True,092ff065a270cdd00c71b09194cf2e9607cea2baf627ac4e3e4c9301296bc188,bc833f72404c9ab5b10d56d7a47c66ab23f2c19d86a15f00ecb53e5dffd678b6,2a64feaf47f4679f8550e87fc9955be07992e6cba4138095094a3c63e783270e
39,0,True,79f71d3eb00b65a6b763cd6a49c2c4d38979f4732f686bf89fe3ee698f814cc6,bc833f72404c9ab5b10d56d7a47c66ab23f2c19d86a15f00ecb53e5dffd678b6,e7fa35dbb1b115625ed01ecc89eca7f9204b101487645073009b30d88afb474b
40,0,True,9a5fd6fb867973fc1444191ed2f76a052ba83f9e86d7e0ca88151ba697cd80f6,bc833f72404c9ab5b10d56d7a47c66ab23f2c19d86a15f00ecb53e5dffd678b6,e258f8801d2bb7769a240f1fe404832db1800224f104c5a14a43ba390bb9dfb1
41,0,True,478a4a5de3cb86afbb65c953c8075fee520aecd9adf05720dd7b06cb5c196814,bc833f72404c9ab5b10d56d7a47c66ab23f2c19d86a15f00ecb53e5dffd678b6,39f9b87acbf18fbb374282165b26e4d2905cd257c079bb4b6b1831785e693a33
42,0,True,200803e91af03828bbc2f5ce65f38e957d05451a333d1e72c1b9f2147943bd31,bc833f72404c9ab5b10d56d7a47c66ab23f2c19d86a15f00ecb53e5dffd678b6,47d986335e82c15b56029f7c228210c57de70613b4fd42bcf53a8078387d2965
43,0,True,d58e48aa9208fdb76c8cc71ac5dd2c5e164cb76b493418606447c0ea11ceae7e,bc833f72404c9ab5b10d56d7a47c66ab23f2c19d86a15f00ecb53e5dffd678b6,ab4422d7b024d63cd85cceefdb751c97b8972f98068638f5dd8755ecfcd027ac
44,0,True,b3bfb1562e79cd64952ff1e8182e658a5c41a25d8c073f4ee5bc81a30cd8f184,bc833f72404c9ab5b10d56d7a47c66ab23f2c19d86a15f00ecb53e5dffd678b6,e69042d54c472c26f2cfac75bb09a644415a8c96a4960a96c5c4d0a884cd9f4f
45,0,True,3f989c32773c315f2f38d89e50472ca0e3bd965018242d1c6f820487452a7edd,bc833f72404c9ab5b10d56d7a47c66ab23f2c19d86a15f00ecb53e5dffd678b6,0a6bbaec904c2e18963ef954beb357f18755483963b5eb71c2291f291fc239d8
46,0,True,41ee8c7c331f54a0ada63cfa791386d9b35d34d3534c2bcaec711792fff48776,bc833f72404c9ab5b10d56d7a47c66ab23f2c19d86a15f00ecb53e5dffd678b6,6b3d444fac053b54f8d2a82dd793f2351d9296dfe10e162faec52383ba528b48
47,0,True,a60833ed86702ad28a4d92c64d7b2e4dbc1ca4a910c0f9bc04a563416e403982,bc833f72404c9ab5b10d56d7a47c66ab23f2c19d86a15f00ecb53e5dffd678b6,5f6bac9efda64a7d7a9db0adee2415042ef326c17cad38dd40f9daa75d8bc151
48,0,True,6b0110b10ee83a221f9926d38b3d0c5dc206380299ac32a508677b75915f1eb2,bc833f72404c9ab5b10d56d7a47c66ab23f2c19d86a15f00ecb53e5dffd678b6,09a1df518491d5a960b07a4781557ef962dad098e50e58a4beb3a1dc9f08e804
49,0,True,f95da3683896136c769578c0b3036262fc65a7acadc57551746b554c3067fe92,bc833f72404c9ab5b10d56d7a47c66ab23f2c19d86a15f00ecb53e5dffd678b6,99cb0ded251f87057ac7dce8fcbcbbed1beed92c20850b29b7ea88bdcec204bd
50,0,True,726e24a66087b086c99e4aba5274d1600ce08512ef6482cd30050dd1543e389a,bc833f72404c9ab5b10d56d7a47c66ab23f2c19d86a15f00ecb53e5dffd678b6,6ca58aa7160f91ad39b8f8518e2e6f325ab26d5b3a430bf8aab1f5e160f46c9f
51,0,True,cc0e77f8db838856d69423a370ccda2dd82be9517281f2e4add8a728bb8f4498,bc833f72404c9ab5b10d56d7a47c66ab23f2c19d86a15f00ecb53e5dffd678b6,baa25c2ca95bf3872ed0a57299a929d3df45b482692353559b1b0725e69c35e2
52,0,True,bfd33942c92ca45fa7289193be90f43fb8589384237053ece14538eccef9afc5,bc833f72404c9ab5b10d56d7a47c66ab23f2c19d86a15f00ecb53e5dffd678b6,76cc6d799fda2d44abd621ce69acca723d1c64aab8110d7f2b467a472afda070
53,0,True,93007168e5ae66f0d6802fa641666e2efee33a6bf460d804dd8028257b17654f,bc833f72404c9ab5b10d56d7a47c66ab23f2c19d86a15f00ecb53e5dffd678b6,68b53804e9eab8515b68bb94befa5f39cd936a550cf0d83a7004146775cd1820
54,0,True,1486c046324407870644ddc1457150b9302162688550400cccd0f244a9fc1546,bc833f72404c9ab5b10d56d7a47c66ab23f2c19d86a15f00ecb53e5dffd678b6,fda9998e36e80a2d78b186382b0cfa0441e3564848ba2e7324605f57be369a4a
55,0,True,00cbae8181998fc39bcbe5fab43ea71c099d63e9b21408df6ece8a7ca3d6c3e9,bc833f72404c9ab5b10d56d7a47c66ab23f2c19d86a15f00ecb53e5dffd678b6,dc9af4266b7807bc806b05208096a3a513fbb8e74d89b36f34abb6212449340e
56,0,True,46af705207f1495a74cffd6bbe263f8a0d6a15d687992f4201be5f5e9acd5865,bc833f72404c9ab5b10d56d7a47c66ab23f2c19d86a15f00ecb53e5dffd678b6,033021d1e26853115e32c32b66edfb47bb1450ec704476fc8c2abd1c7f86cc6c
57,0,True,1f6f22d8b1b741a71e5e7e8b973c67de4c1536caa66f6c855bb6eb1271f183aa,bc833f72404c9ab5b10d56d7a47c66ab23f2c19d86a15f00ecb53e5dffd678b6,86fe9bd0f551a1e7afc5fb59b3c18d3e9c8ca9ab01ed480b87f1a9a6aa5dbc16
58,0,True,c754b29ac11ed7ecf2beba0c49c6540528748ae83137d3713f7bf612ebbfd3b5,bc833f72404c9ab5b10d56d7a47c66ab23f2c19d86a15f00ecb53e5dffd678b6,d9c735ac2b2dd0bdaf3053286284a8bd6cb8c9982834d0ec5d45665fdba58f34
59,0,True,a77dd2e1a63b2bab5b45cf186664af0761c8158b4b155ac01f55cb63d8ef11af,bc833f72404c9ab5b10d56d7a47c66ab23f2c19d86a15f00ecb53e5dffd678b6,f7bbaf3aa1ff84f962f57d68c422d21a5a12f2058f9b5cc86ab4c6ebe6c7313e
60,0,True,e567371d5457124ec662a1cf8fa932a125aa2e7978db16be88b20191bc466375,bc833f72404c9ab5b10d56d7a47c66ab23f2c19d86a15f00ecb53e5dffd678b6,9ab27dbdb60006eeca1e0c3e17011ff362b9121d709db08d960c130295de7dc8
61,0,True,fbd43c68f1ebb20a2b7175c773431d6695b59716b7c896e508248b9423764fe0,bc833f72404c9ab5b10d56d7a47c66ab23f2c19d86a15f00ecb53e5dffd678b6,dd0dc346b8d495af72866f1ed34831a71ae8d34da1d125762587aa1a7533f7a1
62,0,True,d53c535c1ab033dbff57d078b5996c2a73d63ffeb62bf305a3b0ef29ed982f43,bc833f72404c9ab5b10d56d7a47c66ab23f2c19d86a15f00ecb53e5dffd678b6,ab59debf044dec1597f2d250d263b932b51a8eded7e76e744af29e562e29b1c1
63,0,True,dc9d95cdd51342d368c77556834cf4994e3be28fe96787b71cb17790d5eccd88,bc833f72404c9ab5b10d56d7a47c66ab23f2c19d86a15f00ecb53e5dffd678b6,3a6c6f41183dd492614fdc1923a6cc733820f2fb3f2a718d9827f75ca61d02c3
64,0,True,1dd2938f324e7f2141712fb85fc828932ae74ea4c505f898d02e0505512155c9,bc833f72404c9ab5b10d56d7a47c66ab23f2c19d86a15f00ecb53e5dffd678b6,926f20d68cd84f902641fd134991f5c069bb6ecf50402364b2721b5aff8d3f76
65,0,True,b8510983c42a8bbc26edfa1d28b069aee01f4568113e1c290162b8d57396241e,bc833f72404c9ab5b10d56d7a47c66ab23f2c19d86a15f00ecb53e5dffd678b6,2fedf5d47dd70582443d81e0be2fe11450fa5b4eb8b5c5b8e4a706d0daa6063d
66,0,True,afaff83b5dba63d959d810d02f92cc5339a733dc6f30d31ac20e0e3049162c33,bc833f72404c9ab5b10d56d7a47c66ab23f2c19d86a15f00ecb53e5dffd678b6,be182eb722aa9df7794da58840bda0b297c16801a5df35b26e36175b621501a0
67,0,True,2b4542cbadeb2f59f1230ce6af47d19ba1f150c2efe4d375ad26cfeeeb630309,bc833f72404c9ab5b10d56d7a47c66ab23f2c19d86a15f00ecb53e5dffd678b6,88e513caf2f17cef88f8cf08e0c63f79a78541249817acb3c393440cb6962291
68,0,True,3ddaf0284fe32ec06138d84630dee0f1f7be74aa86043ed7397407e0829de47d,bc833f72404c9ab5b10d56d7a47c66ab23f2c19d86a15f00ecb53e5dffd678b6,b64f914a17b1908557b0675639907069b5b5a3a541c6951103beac3a830c62e7
69,0,True,f7be8ccde58f35add1baa4885fc31abfbe1ff6d32f58a4336565bd00ab3420a4,bc833f72404c9ab5b10d56d7a47c66ab23f2c19d86a15f00ecb53e5dffd678b6,70b0ec01dfb2461e5cad0ac96b49c4c7aeee2721ad8178b8721e664443582258
70,0,True,feffca09b96e121a4c6ffd3675a2caa62d9e24d5859eb6c1cc965f00bf4282f6,bc833f72404c9ab5b10d56d7a47c66ab23f2c19d86a15f00ecb53e5dffd678b6,c4c88f28472b35f9a077c6a986efca50aa49afc233ca4026865284046f724ea3
71,0,True,d53442968d3454ee392feea2abd2bc45822387623ed9aa344a4f571af89823dc,bc833f72404c9ab5b10d56d7a47c66ab23f2c19d86a15f00ecb53e5dffd678b6,4024a871d314bb85eb399186db83c61e7f10657edbcfa910574daf8880fab3b5
72,0,True,f379c34dad47f6371c90105126382e567a24c8cafe2bd9d1d4da4afde1690cd3,bc833f72404c9ab5b10d56d7a47c66ab23f2c19d86a15f00ecb53e5dffd678b6,1984fbb0bed03085a02d45e3813b99ef3020c4087d5396c426c3a7d7b5616a9b
73,0,True,b8ba05653fdbcefafcb6237d1d63ae63ec3998bd4189fda1c4d610be43e6b8f7,bc833f72404c9ab5b10d56d7a47c66ab23f2c19d86a15f00ecb53e5dffd678b6,45010d351bfbf82138c28a8a6846e849633a7bfb81f23f426d2f79787d7bf820
74,0,True,246cfd98ca2da9bf416fc00a6762d1260ae3be00fe82590c5fde2498ff574719,bc833f72404c9ab5b10d56d7a47c66ab23f2c19d86a15f00ecb53e5dffd678b6,08aa6d439575b256b53f91846d7c1a7118a2ca3f0d0acc184f7974f9fcba3aca
75,0,True,b4d772a390bee8c9d8ba14c62debacc322994c3c175e99b9ce8e07c0f8c35916,bc833f72404c9ab5b10d56d7a47c66ab23f2c19d86a15f00ecb53e5dffd678b6,c6a208dea1f5344168d1f4d5b35a560688eafa3bf0ef7d0945756a2bdfb05c94
76,0,True,de86ca1bd56227766dca4080fc6957e536d8d2cd98403a38ed8782f7b48affa9,bc833f72404c9ab5b10d56d7a47c66ab23f2c19d86a15f00ecb53e5dffd678b6,551678eef5a551e28478b6ee30576db747f0e055505fdee053663c170b157eb7
77,0,True,069c12248b425b97e7a268708a41a619f4799891e453df8ae773110b2ca1288d,bc833f72404c9ab5b10d56d7a47c66ab23f2c19d86a15f00ecb53e5dffd678b6,e30418938661d3fc98cbd4dc1a4bc2942a52c278b657bfb40d89e9fddc2fdfd1
78,0,True,766eba11c6f9ebc3d725e63c8565b940581fbdd612c0ef5de6d93c774e20c1d4,bc833f72404c9ab5b10d56d7a47c66ab23f2c19d86a15f00ecb53e5dffd678b6,01916655f324baac35488ed11f5d1086b9527bc2ea0ee6c61db5ebc0ab14251f
79,0,True,db3a6bda20c9b401619296f0e8d6ab38c4402a0171db466cef228926cb644321,bc833f72404c9ab5b10d56d7a47c66ab23f2c19d86a15f00ecb53e5dffd678b6,ecea7b8ec024843e4a4af3d52c85c6fcfc74f77586e08d1ee6cde5b21a9efd78
80,0,True,a80f7a47a25b78debd2787a70a829026f27abdbc06ad151ab8f8b30c9a9dd53e,bc833f72404c9ab5b10d56d7a47c66ab23f2c19d86a15f00ecb53e5dffd678b6,98d1625f2ce8e4f8f31ab80b80eb1d077ca048c15d7d4d51298e425e0c2a2e3e
81,0,True,958ef63ac5ed1b46a5f1f5bb65ad0d6338321f36f7af3b1c17316f39f60075dd,bc833f72404c9ab5b10d56d7a47c66ab23f2c19d86a15f00ecb53e5dffd678b6,b80a14a3a4be180338fd690545678dc6fc695720c8c0d56df07358bcee4fecdb
82,0,True,fdd4052b9aa79f6fce2418c8e554d0850806a332599b837d472635472982f5d9,bc833f72404c9ab5b10d56d7a47c66ab23f2c19d86a15f00ecb53e5dffd678b6,f50502439c116018d49d601158696e862e65751ca25d0058a238bf91674dc8e6
83,0,True,738037ff823668a7f5ebae93e67ab208b09dc51f8bcc4f0d0ad19df8112e644f,bc833f72404c9ab5b10d56d7a47c66ab23f2c19d86a15f00ecb53e5dffd678b6,12b5b0fefd3f600362d0c4e81748b39b471d2ec6eb90c4566fcbbd8217a0dfc3
84,0,True,2bbb381da3f7be12a0bb1777dbac64cea7bf36755d4ddf3eef7b216971dc3273,bc833f72404c9ab5b10d56d7a47c66ab23f2c19d86a15f00ecb53e5dffd678b6,60560ac2c4cdb410f6f3c8f796d4b0160c7df4f43c93139c1ada7202261dc00b
85,0,True,f51c8924edbf4191404ea3f80407330a291743661563297c2d84b5eb3363343c,bc833f72404c9ab5b10d56d7a47c66ab23f2c19d86a15f00ecb53e5dffd678b6,fe8127c9147e84d53866a1a8003077a5848a769ed880e6d9c5e9696174593c37
86,0,True,93f6950a3a0e47832ad085965819a34115a8a644371dbac0affc383ac0d12133,bc833f72404c9ab5b10d56d7a47c66ab23f2c19d86a15f00ecb53e5dffd678b6,5a79c89693fcd4307bdc4e608e65aeb5801456903eaa975bbcc1e53ed803fdfe
87,0,True,c54319084df5d0b2f01def4ccb8b13a31b0f12acecca62277695949b0d806651,bc833f72404c9ab5b10d56d7a47c66ab23f2c19d86a15f00ecb53e5dffd678b6,528866bac671d6c1823b09af7a66929538dfc6eae2404d17ca38461c606f2828
88,0,True,09f14355f76912f92cc157b0c7be2b58ac7551b0eaa98f9824c10990958ce6a0,bc833f72404c9ab5b10d56d7a47c66ab23f2c19d86a15f00ecb53e5dffd678b6,2ae1dfc362fdccb0e7b9b960e74474fc286186d86346c616d404ba9728be20a7
89,0,True,f51db82b3db0d7f927160948d04760e490b9d93d5c8d64fb975b445f0c25406b,bc833f72404c9ab5b10d56d7a47c66ab23f2c19d86a15f00ecb53e5dffd678b6,4a2e9151f04252b77942f88a3beabc232bb8b53cd7822cf1b3ed51d35f10491f
90,0,True,98dd9841b35d9801ccaa28ac003bbea918b7cbc4b9ecfaaf2f1eabc7e77c0bf4,bc833f72404c9ab5b10d56d7a47c66ab23f2c19d86a15f00ecb53e5dffd678b6,1e9b8b4686254337fbf185fe07810f0e3dfba1bc104ed5d561c8038b2f57c4cd
91,0,True,4daceed6260338dfb2a2841ccd35e3702513ac3bc5b1570279d36223fedbbf65,bc833f72404c9ab5b10d56d7a47c66ab23f2c19d86a15f00ecb53e5dffd678b6,78367c4f19dee3e4aa560a4fdc730ac626ca5b7ce5bab14d566e420cde61bc92
92,0,True,0c4a02df2d505109c57d852c0c784c3421c9351fc092862847abc1b124031a58,bc833f72404c9ab5b10d56d7a47c66ab23f2c19d86a15f00ecb53e5dffd678b6,9ce7c55297f40b6976f09bb3ed988456623d5063ee1535fddc708064df6f4037
93,0,True,7fc7dd0378dfec09b76cc0341baafc035cf4a234354dcfcdb45ecfb61b426730,bc833f72404c9ab5b10d56d7a47c66ab23f2c19d86a15f00ecb53e5dffd678b6,b2cf7a3b1084a68e70916f5ab27a9727686e2f938706310f15b9fbd0d6f35b39
94,0,True,f8e76497cb6f466bddec1d3bc500b3063a35d0c9ac78390f3e795beab5dee9de,bc833f72404c9ab5b10d56d7a47c66ab23f2c19d86a15f00ecb53e5dffd678b6,80ef56a60b63274d5a5050f0c4495aa94cb4778230c20aa9f876a431723afad4
95,0,True,143a672353239acf2de3797fac0dd2e207ab9ffe755ecfc185a182a9188b98d7,bc833f72404c9ab5b10d56d7a47c66ab23f2c19d86a15f00ecb53e5dffd678b6,b23c3d9eff2fe2032276ea03f92b430a05e749b2fb47ce95dbe9ff1a87697364
96,0,True,8c07457d260f1cf4dfe0e0567828b56c10459ce80a5b51b232fcc308b31521cb,bc833f72404c9ab5b10d56d7a47c66ab23f2c19d86a15f00ecb53e5dffd678b6,18119f95d299d01f7d63f95a0f59c302b596e932ac680671cce56b5d4dec2795
97,0,True,d4bd5baeebc57c9b0625d550840b409793e4ca9fe2396c018cf40fe33646610b,bc833f72404c9ab5b10d56d7a47c66ab23f2c19d86a15f00ecb53e5dffd678b6,c14b15858562a76b58bd2f5f54f0534b9d3066fc7a6d6cf9cb73f4b0b15d4b93
98,0,True,35f91e29399c13d2e5c96538e8ff13466d082c04a317192c4e31aaea0e87cefb,bc833f72404c9ab5b10d56d7a47c66ab23f2c19d86a15f00ecb53e5dffd678b6,b01851f174eae2c0c580e777e2d6023ecdf2bab59786ceaa03d2697cb6144486
99,0,True,476cbba87ad44a988ccbc01418e123004be587a010456b12df8247c67b8a39f1,bc833f72404c9ab5b10d56d7a47c66ab23f2c19d86a15f00ecb53e5dffd678b6,3593f47547cb2de4bf13df65d708ad23746dfa70d102706dfa84f396a8c51172
100,0,True,f68e39e2c19fb477b017411fa64b43c39439a3c967775e135aa46e19ca7df55c,bc833f72404c9ab5b10d56d7a47c66ab23f2c19d86a15f00ecb53e5dffd678b6,4711b306905f282e57fa9726ad45e31ab91e70d03e6c4aa7ef118c687cd76c41
101,0,True,d0be38c293cef1f199e2d3f04bb41ddf1c8ba516bba052a63793e3a5b5a50512,bc833f72404c9ab5b10d56d7a47c66ab23f2c19d86a15f00ecb53e5dffd678b6,e70a74d2dae3238db84d1fec1d8faa15f6f63864241e265c89fd178cbd9bac27
102,0,True,5f0e21b2d5f073839eedd238d2cdbac29aed7b736f96a7f04ba75e070ff59a15,bc833f72404c9ab5b10d56d7a47c66ab23f2c19d86a15f00ecb53e5dffd678b6,b85bbd2d0b7770592da8386350adebf0440f9a89ae3a285320d0d9b102b2f437
103,0,True,1118275f48424ffa03aa668d435efc3926ec0de46e0d8dc12be7d1ce908b6a48,bc833f72404c9ab5b10d56d7a47c66ab23f2c19d86a15f00ecb53e5dffd678b6,76a6011ffb7ce37365de1c631cfb5df46e2e9d230bc57ba963cbe67f32a42ad0
104,0,True,1c3975cba0cde5adff67cf61fac1bd9fac4f56f619c63a6d52c890900c20a2d8,bc833f72404c9ab5b10d56d7a47c66ab23f2c19d86a15f00ecb53e5dffd678b6,823197ce028760ca42f70e22dbc6c618e25a29ac936305aa7d7c17473ba28328
105,0,True,801cbed516dbc009166239a91180fc269e4075f735ccfce169ac79bbdc1db1ad,bc833f72404c9ab5b10d56d7a47c66ab23f2c19d86a15f00ecb53e5dffd678b6,b2609629da9464f024d4485541f6a0ad9a63f3f9151e2a41ebdba15d4d5be2ba
106,0,True,99ecfe9d0fccc5f030f2967cd766e2b670072cb2cec4d4f2dc9f3edefa831c0a,bc833f72404c9ab5b10d56d7a47c66ab23f2c19d86a15f00ecb53e5dffd678b6,00fa242a8264e66082a4ab2d3725027d01c8a6f89d455fb6b7d2e74be68438a4
107,0,True,ea8cc195f570a1d8686b69dba21c226bf3ebfcb0e0eaa6f60b51135c3a24f0b0,bc833f72404c9ab5b10d56d7a47c66ab23f2c19d86a15f00ecb53e5dffd678b6,28bb707021305a56c7d59ff3f87c219e3218ac978ef520ff626442f810b7a1da
108,0,True,6016a366817f6ec1b9a83cbfb90314db5a905b77b82b72de6c6b52b99ff625d7,bc833f72404c9ab5b10d56d7a47c66ab23f2c19d86a15f00ecb53e5dffd678b6,223f62a8cf33930bbe24cbab76bf1bb44d2fc8503d519d24a7403d00dd897a2b
109,0,True,6946e5100c0ead0f03bd1c38c8b06a3e7e99e7d85a757f3f60bc4d0f4ab39781,bc833f72404c9ab5b10d56d7a47c66ab23f2c19d86a15f00ecb53e5dffd678b6,27f13abaa63b3c708334a6617d01f0f6fc62788e45d0096ab5eab68bdb9a4bac
110,0,True,4eb0ccab8efc55b99a7efed730d10fe3282e691052468d13952721d1a0fb670c,bc833f72404c9ab5b10d56d7a47c66ab23f2c19d86a15f00ecb53e5dffd678b6,7dc07301f12c9d44f143f7091250e693574d49894bfa155f83bb8a982643341d
111,0,True,ec70df0d5fd289b2695ca8ab23e134943a8f6c462bcb1a91c4b4ebc1f92eb3ee,bc833f72404c9ab5b10d56d7a47c66ab23f2c19d86a15f00ecb53e5dffd678b6,c0981d5e26a0c5de3918e874ebdd1bb9452d66c522be6effd6be818a539c2bd4
112,0,True,46a879852a5e47e38c35cb44642815dd6cdd9b343f0743eaa1e89ef8b2ee5056,bc833f72404c9ab5b10d56d7a47c66ab23f2c19d86a15f00ecb53e5dffd678b6,269b68cac10c86da89511e4d06517acd37122ad4f3247c3b4c0fe09379da2c73
113,0,True,a8e80bb22988352d2633a23aa9ae009be135838e04c8615167c5d859223bcdfc,bc833f72404c9ab5b10d56d7a47c66ab23f2c19d86a15f00ecb53e5dffd678b6,f03636af882b03c1e5ca15dbbecf0457c8c9911d987317def65bb20b0621f9c5
114,0,True,ca7aae3680c6f7d98df208688833932743b69d48eb91865d437298dc309e1ab2,bc833f72404c9ab5b10d56d7a47c66ab23f2c19d86a15f00ecb53e5dffd678b6,ba39713868047a53609ecf0c5b19f6aa3855d9cd15ef3883d768f45daa6b084c
115,0,True,d1007adbc4f21fd7b92b76f21ca7030fbeb25d778a4b0bd12853679708e34cc8,bc833f72404c9ab5b10d56d7a47c66ab23f2c19d86a15f00ecb53e5dffd678b6,d591129350123da20d7c2c0573b6824a69af3d8fe6dd3d980a28fd15fab778e0
116,0,True,aca9ae4da2d0c1120251f4d6324bb5ba9a75c2a593537b594d97a36453dc20c0,bc833f72404c9ab5b10d56d7a47c66ab23f2c19d86a15f00ecb53e5dffd678b6,130166e3a3e07746d1b02edbeb1ec05b27fad8681e0016fd01193cf9a5f5ea77
117,0,True,7d4541f8615d0887c3dc32aa77eca92d48627d130f02e4feba7fc72f26b46fba,bc833f72404c9ab5b10d56d7a47c66ab23f2c19d86a15f00ecb53e5dffd678b6,451457940bda5e2bb7b44b8b5906f1190a4a25fcffa4584f1936640bd21308a6
118,0,True,a283fe83f844aeeaba95c9093e9b10ed472deb6b1f2dde140f8274e4309658f4,bc833f72404c9ab5b10d56d7a47c66ab23f2c19d86a15f00ecb53e5dffd678b6,5afd44ee85f6078dcb555d8826c96d59eaf710f1ad2d0871346845f3b1b3886d
119,0,True,8007b762f8c4688ec6f4b2b05afad900a347cab929ebbeac09e28e955e5a8faf,bc833f72404c9ab5b10d56d7a47c66ab23f2c19d86a15f00ecb53e5dffd678b6,3562562f9d2e88744d6ce3b108f167d608d3f4761c1616cfbe5bcdd57d7aaf9f
120,0,True,3cff141295a6aeadf19ce71c2d98af9bc3603be7ba7a054ef0a3b612a32f1525,bc833f72404c9ab5b10d56d7a47c66ab23f2c19d86a15f00ecb53e5dffd678b6,cf7a632f81946f5a5ac789de2561f43bd3a0cddbb00255b24524213fe0cb7645
121,0,True,e66646551f7451081aabdacd21e4b47135808a21c2d17d48b8b30e0b9f8936a4,bc833f72404c9ab5b10d56d7a47c66ab23f2c19d86a15f00ecb53e5dffd678b6,46441f90bffe1650433d4a99d94de69a286ff94296099c32bd2500fef5f01862
122,0,True,d8dc9039ae4586619fb77fe4ef2d686c8fb892606df49ed572f17f5a471c77b3,bc833f72404c9ab5b10d56d7a47c66ab23f2c19d86a15f00ecb53e5dffd678b6,0fb7bfa1692d03291cd2eebba228b5e9b7476aefc8de413cda9062082e0fe32d
123,0,True,83ce39666f9f86bc227a0d9a7d99695bbc576a4abfa06c10dd3cf29b157ad866,bc833f72404c9ab5b10d56d7a47c66ab23f2c19d86a15f00ecb53e5dffd678b6,f7732208df6abf5bf3f9ee0142a80c8d2b2a4b38ecd248ba892ca1d432fe196d
124,0,True,b310c5bede7a179af627917ef3dc6aee3bcfeacbfb74afb88927cc7a09dffa97,bc833f72404c9ab5b10d56d7a47c66ab23f2c19d86a15f00ecb53e5dffd678b6,799401dfa49ee1edc6dccfbf0ee2855fbbe1db833fd4b2bb407d53ee757dde72
125,0,True,fd1212cc8d315a3c57174597df60d0897874e96ae4bfe8b29d3042fef086195e,bc833f72404c9ab5b10d56d7a47c66ab23f2c19d86a15f00ecb53e5dffd678b6,351bb83f4527a890e3659d510a6d5ab3d989bfd75db7e2a0a74ef88748d62849
126,0,True,911374af980cf15cfed02555c43a613dbdaa28d3a0fa2e3020f29d2cab4d35bb,bc833f72404c9ab5b10d56d7a47c66ab23f2c19d86a15f00ecb53e5dffd678b6,0ea16473cb736198e8bbd1a9d6483b221e4fad0b8106b5c0d685f166aa4065b4
127,0,True,ca3707370440c21aaca482f10216e002ed0c60bf43be586b3ecf9810da445555,bc833f72404c9ab5b10d56d7a47c66ab23f2c19d86a15f00ecb53e5dffd678b6,ce6a4e3e0700d7bd5c4636a2c7b7395420694bf88e21dbecffccd87efb5351fe
128,0,True,b5d18bd07edf532003134347edcd627eadd63e5d1113e8255a3a1cee3b94f0d1,bc833f72404c9ab5b10d56d7a47c66ab23f2c19d86a15f00ecb53e5dffd678b6,32cff368147ebafc2f7d137141610cee73fa8e9d219c024e23892a4f5c410d81
129,0,True,5e1ddd350a1a7ec06f4097ef44bf25d9a751d58a678ac9d683631eb430c3fc6c,bc833f72404c9ab5b10d56d7a47c66ab23f2c19d86a15f00ecb53e5dffd678b6,34416a0814c85852b11847c85c7a9e95f1e1ea89971b948f9764c58e0916f1e0
130,0,True,37473e86b3b916de538c7ff465b54aa3376921b8f7c7cc4693c9f8f020659e6d,bc833f72404c9ab5b10d56d7a47c66ab23f2c19d86a15f00ecb53e5dffd678b6,61e51a5c34f7964c53199b448018df2f81fa5d8002e593d88aff57c09e2f3cef
131,0,True,19958c0b94ea14d225f06748823db72840835c06efadfc1a840b2d49a40a7f7b,bc833f72404c9ab5b10d56d7a47c66ab23f2c19d86a15f00ecb53e5dffd678b6,c8b6902c29e4854ee48c04568f6c4f237a0edcb59ece94ec1cb1b676e370bc7a
132,0,True,c445b37ff56389d94f90bf8192d697bcd6eecdec331d9edf16b7f5cecce7023b,bc833f72404c9ab5b10d56d7a47c66ab23f2c19d86a15f00ecb53e5dffd678b6,da1d8427dc5fa67fbcdb7aa18e2ea7b9a19770002b880b95462081defb4efa55
133,0,True,5c1b043f47a22e5d677c5aea2bd45b684e4045b244a771666ea3004318628167,bc833f72404c9ab5b10d56d7a47c66ab23f2c19d86a15f00ecb53e5dffd678b6,6691e3523407eaaf66cf6d2ef5bc940d8bb987a9044d3dc4aa1aba60c0cf336c
134,0,True,0876f424e1752329a4b39628345eae78f1a17b2e8d8e5320939b774ab600b2ae,bc833f72404c9ab5b10d56d7a47c66ab23f2c19d86a15f00ecb53e5dffd678b6,00dbd54e2a9702d781a66735295a942394793636a2163d4e97a0892f4f45cd27
135,0,True,18b01abb96228bd9bf44b46706af8863112993e7e4cda5e8d5cdd6e555a91e6f,bc833f72404c9ab5b10d56d7a47c66ab23f2c19d86a15f00ecb53e5dffd678b6,65d9fa5bf2320ad9fbd5cc035c526884e42dd5f389dbb3b2ccfaa19314320052
136,0,True,d9da061ea9ade242c40a5a4631755f753d6d6af5b1b834a6cd67ddc9c0c24aef,bc833f72404c9ab5b10d56d7a47c66ab23f2c19d86a15f00ecb53e5dffd678b6,05e7f88220be1e2e5e96ee6e86dc297da1635581203fcf4c272610fdcb258ab8
137,0,True,6d58905a1ee433e53affd284bc86fc47a4a51c71b9f2ccc5eb53f8aa6338466f,bc833f72404c9ab5b10d56d7a47c66ab23f2c19d86a15f00ecb53e5dffd678b6,4775bced7f10b15dbb3a20a292d14515eac3eb35a22af56848285e3aa5ca4ad2
138,0,True,1007d6f66aa0b0d130131ddbdf6b773712621d3f2d36742693d52a53e400936d,bc833f72404c9ab5b10d56d7a47c66ab23f2c19d86a15f00ecb53e5dffd678b6,6f7403a00616836540d92e4838e5503f33eff1a1bf08498ff45f1a80893e003a
139,0,True,28b91a1fa95db68279aaf623287a50c775b7725ff58ec9ee7397c62c3d30df52,bc833f72404c9ab5b10d56d7a47c66ab23f2c19d86a15f00ecb53e5dffd678b6,4976ca539fcdc86f93263f70b03fa31b9c3c71d1266843ec13e8ed092d7ed02f
140,0,True,b7f29f75acfbadfa2b260df45c195fa10397a1c896fe39ddb260c85ddb0786e0,bc833f72404c9ab5b10d56d7a47c66ab23f2c19d86a15f00ecb53e5dffd678b6,584365103be7d7af895a656b1e657e3e012ca7aa4799e7e85c7ef703be84404c
141,0,True,b44f5ad72842e6b6c5e8652fd722197a7321c7291f0066e9380a1a6f3ba5c4a2,bc833f72404c9ab5b10d56d7a47c66ab23f2c19d86a15f00ecb53e5dffd678b6,9a0ac870fd3df282e3804b608033feb680ee637fb6e4f812fbe2a800f81dee6e
142,0,True,d9f8f6cd9ca16664a87d899264c38fac764566fa0c9ae44ce26022f0b3ecf5d5,bc833f72404c9ab5b10d56d7a47c66ab23f2c19d86a15f00ecb53e5dffd678b6,e5a1bcf4ca0378571ba37560fdf68a5d6773e126e68468d1fad2d78353796427
143,0,True,8773925bae34ed56cfe293e1e3ed5541df4b63872f50fc5d6468dbc2278dfccb,bc833f72404c9ab5b10d56d7a47c66ab23f2c19d86a15f00ecb53e5dffd678b6,050f533c377af3a3958753a6b93691a2f14e2e6325b1a2acd4d56959dc98a7bc
144,0,True,73ba7a6c196fe5db0f8b8f20bb658130666edf2b0d4acfa53831b6680ebd1e7f,bc833f72404c9ab5b10d56d7a47c66ab23f2c19d86a15f00ecb53e5dffd678b6,2cd0a39df5e9c57152e08a20948569179269b67d3f9b1b54bd28b833daf671a9
145,0,True,2777360b3274b2b5d2d3f29977742b12a60c45405686ba19c252a51b3dc1b76f,bc833f72404c9ab5b10d56d7a47c66ab23f2c19d86a15f00ecb53e5dffd678b6,750824068d1afc7bdf00c36dd73fb9f6d8a5b8dd61abba05b8fbd3b4f532f9c0
146,0,True,c239f34397401be2e8ccc332aa99a9766943de04d30f8b86fb356e448df241e2,bc833f72404c9ab5b10d56d7a47c66ab23f2c19d86a15f00ecb53e5dffd678b6,7f6a4d6e2e5d17fd74232f5a049f4601dc45cd0f300e76b6f50ecec1e5558df4
147,0,True,8394237912448c97e3ef4efb97e95fe3ba8aa297c0bcd0f50a671bd4c0b2915e,bc833f72404c9ab5b10d56d7a47c66ab23f2c19d86a15f00ecb53e5dffd678b6,85330c4adb4dde0aa178bbd1989f948e68242808db91b330378c02b908f68505
148,0,True,d200d3f04fa78d6e159311033e8beeeafb4f6a65df3d48bfac41989b13d878c4,bc833f72404c9ab5b10d56d7a47c66ab23f2c19d86a15f00ecb53e5dffd678b6,439afa224407bcc9fb9ec35058552ae059bfc7771f7579f4a0e7a007b36cf547
149,0,True,297d718b61c8541dd7f28f743b2c32b69aaee6864f750ba01359d7b71a0c7c0f,bc833f72404c9ab5b10d56d7a47c66ab23f2c19d86a15f00ecb53e5dffd678b6,54410b645fdc5aa06c834c54916d5909f7f40a856dfb4c9f6ded353ba2ca583d
150,0,True,0292c807a9c493df9797beabb0f6f1b96064f76a39338a4f38fbfb97e1797b91,bc833f72404c9ab5b10d56d7a47c66ab23f2c19d86a15f00ecb53e5dffd678b6,d9b3bf05bf33c382d70dce4930c029faefd7bf3ec16a7c6624c753d9b1c0b6ed
151,0,True,c38bd8dfe6d0706d2f1d88fab474976eaa7768564954173f7756bdd55f9414e9,bc833f72404c9ab5b10d56d7a47c66ab23f2c19d86a15f00ecb53e5dffd678b6,c950529c44f7b99287d35457c9effa3b539ecc4654d372a8a135c3a878c15b64
152,0,True,62ef6848edf039806eff8cff20a967d0a51ec118b050c757f9ad38f45a8f8045,bc833f72404c9ab5b10d56d7a47c66ab23f2c19d86a15f00ecb53e5dffd678b6,1c6a1685258c9ee90730749fa3110bba1e933c2ccaaa222e98385b7817d42284
153,0,True,4e0cadee70526f45995e3c7a6bfe3009364ec13330bdb2e6038886d99329da04,bc833f72404c9ab5b10d56d7a47c66ab23f2c19d86a15f00ecb53e5dffd678b6,57603bf3a4ffd427e31523e2c5d84203dff7b045ecbe6e51fdbb6125ae3b954a
154,0,True,646403ec3c1d19b81414224f617f4cfa82caafcc90715d5c131c8d9dd140a59f,bc833f72404c9ab5b10d56d7a47c66ab23f2c19d86a15f00ecb53e5dffd678b6,12ed98e787c76578d061d569d1b0c785b099831c178c371be521818562f2aedb
155,0,True,b6ac664440e1e9b0d6783c059bbfee3b5b127d13f401d9316be63cde1287b15b,bc833f72404c9ab5b10d56d7a47c66ab23f2c19d86a15f00ecb53e5dffd678b6,911e1fdadd8847b6fc88f9c4bdc935fe59cc8fd401949e00030004b7804a383c
156,0,True,79249b2c57310c43626f4544bf2f4d0238a6f22e8f9b82e98a538615ec78c273,bc833f72404c9ab5b10d56d7a47c66ab23f2c19d86a15f00ecb53e5dffd678b6,c1d1d2c5f99332a7e820990ec2a30022cd3eb331edbc000b6463670db6d7ddee
157,0,True,505ca9877ab665ded7a18044490d9de20eb823abd835c21b9b86e60f8a3670e0,bc833f72404c9ab5b10d56d7a47c66ab23f2c19d86a15f00ecb53e5dffd678b6,4a5f3fbf6dd70edb297c32208231bfb35a13370b56e3d22731056912fd296d2a
158,0,True,04471d8a0a78f64ee4d41e219d2c1a74f6f293fbfa2ef21fc3d978ac94b65fa0,bc833f72404c9ab5b10d56d7a47c66ab23f2c19d86a15f00ecb53e5dffd678b6,ff94ab7bc402dda671bf9d04500cf3e1e38abcda4d8bafdb704ba35a3194926c
159,0,True,b48e101710a94310541f37269c4b2432d329b297b10a756666f3372d2bf7a4a8,bc833f72404c9ab5b10d56d7a47c66ab23f2c19d86a15f00ecb53e5dffd678b6,e7645e3994e658ca7d6e4613c0338f0ab714a83b06d7cb7bde4c2ceba7d459b1
160,0,True,089b2ba179953216158a289e253c4f1434e65b688a0c66e016b6b1c740c6911c,bc833f72404c9ab5b10d56d7a47c66ab23f2c19d86a15f00ecb53e5dffd678b6,69658f73b1f43740035e9e54ada5fa4137f2606970f89f448c4921c0db4835c6
161,0,True,18e3ae6b0efdcd5f7d6b3931933ece94f80bb06e1934b368cdca6c39eeb40227,bc833f72404c9ab5b10d56d7a47c66ab23f2c19d86a15f00ecb53e5dffd678b6,4e3bf75103106fe0890b2dee6f52d6bf276dd8ed0a2935b6045a9744b681e72b
162,0,True,8ae08849060cbb76871db8be231236f6f38f04b4ac28832b716fe5a4dc9421be,bc833f72404c9ab5b10d56d7a47c66ab23f2c19d86a15f00ecb53e5dffd678b6,e9c0e83ce007a37b8d7ebbc102172b827e5aec72da01dc45090a81aa2ad5226d
163,0,True,35cb040e6caf7153e1a8e7241ab464314980a291d2e5b2a9aff5430da2c812c2,bc833f72404c9ab5b10d56d7a47c66ab23f2c19d86a15f00ecb53e5dffd678b6,15d01ffab29a710e68c1d262a0ee2c2a451aed89f654cfef768ba75fc9469e2b
164,0,True,b8cb14b98734a5e97a1a9d67bc488333be63c6c464d90e0aad1917d3beaf5423,bc833f72404c9ab5b10d56d7a47c66ab23f2c19d86a15f00ecb53e5dffd678b6,04b8ce6391b4c4a18d658359902738a211b3828adff073ad30c6c71db2793e6e
165,0,True,35fe55a7865575b71e5b2ae648e1b55fb5493fe868725a8a63dd3de498a55c93,bc833f72404c9ab5b10d56d7a47c66ab23f2c19d86a15f00ecb53e5dffd678b6,9533ad1d403e81e2629b981b49113225d39d873ba4d16aa5a9cc7cc73c2d2acd
166,0,True,13bf7480314b714ff975f1916a02e34ab5b963797b5e14757cd8da1930d98e4c,bc833f72404c9ab5b10d56d7a47c66ab23f2c19d86a15f00ecb53e5dffd678b6,79cbb556eed49de550a9e5bbe474bd49ee7bac690f2e7587bd5f0b4ed1cce9a2
167,0,True,270f5902b3b1ef64b565a9a4f63003191640e8dee22380be2b05c7844b55e9f6,bc833f72404c9ab5b10d56d7a47c66ab23f2c19d86a15f00ecb53e5dffd678b6,1720ee9837e7e918be37e7d65ecccde5790d8fe486408ec496b1968880928758
168,0,True,0bd154ce90fc1f94766ad7e91595bacda01517152d3a2e6adab0c8e4551ea7f7,bc833f72404c9ab5b10d56d7a47c66ab23f2c19d86a15f00ecb53e5dffd678b6,02ecfbfc52345f6e350c99f8ad209c0810e98cae35091df471c03eb74c9ae652
169,0,True,96f97f6d2119ea00f323ba84a6364a4f15d026176d48aed632e952b984141f0b,bc833f72404c9ab5b10d56d7a47c66ab23f2c19d86a15f00ecb53e5dffd678b6,b95363056bb99469ae856609a027e38e6c1b4c863205e0e16d0ab62cc81d6dde
170,0,True,da52bce8203b19095214c433884119d1aa1ed590673292342fb34b2446595067,bc833f72404c9ab5b10d56d7a47c66ab23f2c19d86a15f00ecb53e5dffd678b6,223b6ce1c3b0f8ffb5c84f0b3a453ecb86062c7164d24cfb488256641c4a3613
171,0,True,3faec58e1e91757a50a8ab3bf7eb8e92eb122e3ebbb3a2cc4ad6372ecdc99136,bc833f72404c9ab5b10d56d7a47c66ab23f2c19d86a15f00ecb53e5dffd678b6,27ba592a58f67909f0b96ad2e6cda49d719a999f881669c7c557d6ff41c784e1
172,0,True,e082757aadf567ddd6f7f728752f1e6373b3d74e01424f778d069ebbb2be9b59,bc833f72404c9ab5b10d56d7a47c66ab23f2c19d86a15f00ecb53e5dffd678b6,49a46c1b3cd0a87e10753fca2a4a84d16ad2d7da10e04b3d6e64fc871ed84d5d
173,0,True,020dfc1d171105a70083fff17b98d8ac8b1bbbff09205faf95dd5a6a6724eab3,bc833f72404c9ab5b10d56d7a47c66ab23f2c19d86a15f00ecb53e5dffd678b6,1cf616aab7a8e2a82a44b35b10b186fcbc7804f974632e2c8c9c000fa9e105c5
174,0,True,fbd47e7a11f2fdf1ce91ba67d8a15a21c6bd16fca33c0d7d1c9077edbcedd93b,bc833f72404c9ab5b10d56d7a47c66ab23f2c19d86a15f00ecb53e5dffd678b6,89252ce86fdf3289155da3182a9937b3bb2902c0626e5f312d7bdb60401653fa
175,0,True,0804ef4f1d61f09466e22308f637b42e4804888b24c254d3a5a2949cb11dae18,bc833f72404c9ab5b10d56d7a47c66ab23f2c19d86a15f00ecb53e5dffd678b6,da5fe20e05faf2324c512aaea6ddbbb509b61a848dd9d7e5045566049bad8a25
176,0,True,12536d919650ccd7e79d0dbd88dfa0ac967cd830cad603483f5b0476efdd506d,bc833f72404c9ab5b10d56d7a47c66ab23f2c19d86a15f00ecb53e5dffd678b6,8d29a0e2b19eb71596927a08bb82fe45330dfa1f0706b8ac5a203fbf23515aa3
177,0,True,53c9cc532426aa882445fb617133d267c4c72da14e3b3346aec41220d0e4972e,bc833f72404c9ab5b10d56d7a47c66ab23f2c19d86a15f00ecb53e5dffd678b6,823fc75b1bdf976c5c112cb2c1dd3bb60ae1101461557714cf0c55cab20cf67f
178,0,True,e0c0891e438fc380d31c065692d33e03cf5cb87d0535e268a4810a422a3654f5,bc833f72404c9ab5b10d56d7a47c66ab23f2c19d86a15f00ecb53e5dffd678b6,f856080b0af975375b63ac737ec0e60a9367b56c984185f2b1eec4ecc452cc64
179,0,True,47b316f76c409ec2256d8d5ba94e00c866ff02aa110de05995395bf52b7ce65f,bc833f72404c9ab5b10d56d7a47c66ab23f2c19d86a15f00ecb53e5dffd678b6,68d0dddb61891655b98ef2903923c55d7a4f5cf5ec4edaff3203db56115d48af
180,0,True,a30ffb421302d976cee312412a400b940ec2df4d093714aff10bb79a53171c24,bc833f72404c9ab5b10d56d7a47c66ab23f2c19d86a15f00ecb53e5dffd678b6,c154ef96c6725a6d3fb6832bd0ceca9f7741a5d6cfc8879136335ddd0057f5b4
181,0,True,4ca51f09e1d6204a3fcc218764aa0e0b4c973431f7c690c094167db3a5224f44,bc833f72404c9ab5b10d56d7a47c66ab23f2c19d86a15f00ecb53e5dffd678b6,29130be4f5cc8d9a3d3f07e6d6abcc6249538d0fc01c1fb3ef93cee546a22f8b
182,0,True,992a6a3b45a97e0100bb4572462d1a63e3458be686efc0b8fcba759a79951b3d,bc833f72404c9ab5b10d56d7a47c66ab23f2c19d86a15f00ecb53e5dffd678b6,b5ca7d7953c155225624e95f2327dd56f2c3f34e1f412dac37fd7e53164507bf
183,0,True,ca9190e81369b2b7ae396259fae9a2262c840eb43a5600e5318b4521044bb51b,bc833f72404c9ab5b10d56d7a47c66ab23f2c19d86a15f00ecb53e5dffd678b6,999eaa6b68472d1d2f1eef681bae61aa45d407d072c512f3c223212ec473c37b
184,0,True,09583848655de0bf0dc6d5f022c98d408c56e345257e468b825ed7a3c3cced06,bc833f72404c9ab5b10d56d7a47c66ab23f2c19d86a15f00ecb53e5dffd678b6,4ad2e3d4776a28296b101a4320a6f3dc1e6bcf387a40bb92d31c6760cb58ef41
185,0,True,16be46c0e941b41e3e5cce2c195e07b3ac6aa818283661e0eb635868fc9692a2,bc833f72404c9ab5b10d56d7a47c66ab23f2c19d86a15f00ecb53e5dffd678b6,50d345bf393a76cc1088a0dd2373404c3a7db16602f6a270385f8f22f3ec6f4f
186,0,True,574b3f6656e94460d6c21e2e43d76c01be59d10cebcfa016f6ab048e349d6867,bc833f72404c9ab5b10d56d7a47c66ab23f2c19d86a15f00ecb53e5dffd678b6,4fa7a2f684377331a9a321b7854519893b90577dedaeeccd8e46b1da28ea5497
187,0,True,045d38e6a822a6d3d3a41a6016b11e87f5f408df47245d5d1988980fa05f7957,bc833f72404c9ab5b10d56d7a47c66ab23f2c19d86a15f00ecb53e5dffd678b6,3bd0286b352edbd8db2dd8104053cb791a2188bb89cd1571af719b16777ce41b
188,0,True,dae397cb91813c3119d47a34386b94cf849cc126b405659e4a46c39b30d106a9,bc833f72404c9ab5b10d56d7a47c66ab23f2c19d86a15f00ecb53e5dffd678b6,40672bf007c41469d25eae623a7b739ff5938aa4a3947b65347c2cc5f60c318c
189,0,True,d8d0449719b0a0bd04847441810abe920512fe5eb12ece7c351c738b32b2e8e7,bc833f72404c9ab5b10d56d7a47c66ab23f2c19d86a15f00ecb53e5dffd678b6,c3b2f05e49cb777c30594eecce509211a8a149ba70d28ae53600c23b8eeed044
190,0,True,943844e824f27cafd6b438cb82ecd06345528e90efa93c0ed67c692d665278c2,bc833f72404c9ab5b10d56d7a47c66ab23f2c19d86a15f00ecb53e5dffd678b6,eaeea00e21837d39948cfe1d0adf956ad7b5bdeafde3d7de3d3dc1ed1ec8eacb
191,0,True,35650da5ae4a3d6a178802a039260623ba12306dfa79fbab422b82ff7cbd4975,bc833f72404c9ab5b10d56d7a47c66ab23f2c19d86a15f00ecb53e5dffd678b6,18fb12fedf62f79371462092d423b487d6bc4fdb6d3cd63e96b51a4de0b3d01a
192,0,True,e4c2369dac723d7fa5e04fe208456721e249a31aa91662e4500d108adbe42f07,bc833f72404c9ab5b10d56d7a47c66ab23f2c19d86a15f00ecb53e5dffd678b6,a4329254415e178f4e8b009c631b13496c5ff61e1560c9227c28199994bc617d
193,0,True,77191b5253ff338ac263ec54c7a8303742620f6c69097e3ca5714631c78ed9f8,bc833f72404c9ab5b10d56d7a47c66ab23f2c19d86a15f00ecb53e5dffd678b6,05a39d42cda9a1e93e541532f2ba3c28a4ab6604a005559fa20fe5c2709628ca
194,0,True,22cc22160d59ed4d38719504981ccad5846e513e0c4bb3fe162e6c0ee232a40d,bc833f72404c9ab5b10d56d7a47c66ab23f2c19d86a15f00ecb53e5dffd678b6,82ee187c71f8ec7ffc0f0642a3799e887512b10d3a96d0045769f401b9b3586a
195,0,True,0f44d3d5340546c07d8928cf1492216fc00856125edde37dd27595bf61cb463a,bc833f72404c9ab5b10d56d7a47c66ab23f2c19d86a15f00ecb53e5dffd678b6,3458948eb12acf63edb10328d35c8ecfd8ff08b9547803ab6275a3e77d3462b5
196,0,True,2362e661923064f8c2393c10c7297558f20b1c1bc646723f458122d00e1df34d,bc833f72404c9ab5b10d56d7a47c66ab23f2c19d86a15f00ecb53e5dffd678b6,fbba717a33b46fbe6070625f10ce90ac4fb5cd79a7345e26cf8067ac52b44be0
197,0,True,eeaf4a7f2e82443b19bf042cce8d6654c1acade4130285d26dc54d331a86feb7,bc833f72404c9ab5b10d56d7a47c66ab23f2c19d86a15f00ecb53e5dffd678b6,ce481238ab4a4743306e326ab76da642cc3f5b03c9a4d3964a0989b924b241fd
198,0,True,de7f6664b23d3af6fea18768c9e3a37cc7c87963ee896c67dd6c60ae8220b386,bc833f72404c9ab5b10d56d7a47c66ab23f2c19d86a15f00ecb53e5dffd678b6,55e9843afbab3be1309e25fd23b6b63c6f7f0e774489893bf9cdc344007cef9a
199,0,True,621ec5be47cd9eac29a771d1705eb16ca9b93259861941f6fc2aa0784c513543,bc833f72404c9ab5b10d56d7a47c66ab23f2c19d86a15f00ecb53e5dffd678b6,97eeb242c2eabcff74c87c9a0d86cc3372e0e0548bdf35b4113d619cd6eb2fb6
200,0,True,991aafcd74f67aaccc283b24b98345c3b3e041af1911ceb18fb77769d860a9bf,bc833f72404c9ab5b10d56d7a47c66ab23f2c19d86a15f00ecb53e5dffd678b6,8b34e29b06c134ee91ed9da763629c7b241afb98613f156cbe8cb0411c2890d7
201,0,True,4e0d48fbf9722b1655b3761e523630bdccbd13330d761c4919387fcbad0100f3,bc833f72404c9ab5b10d56d7a47c66ab23f2c19d86a15f00ecb53e5dffd678b6,5dcda07096d9e96c33f98c5607dbd10e0b521ddb0dcc4736e63090bd540cbcc5
202,0,True,cb9685f20a178db22e2235769b2872ef5150c1d5cad3bc1d6cbeb1be1d8ee767,bc833f72404c9ab5b10d56d7a47c66ab23f2c19d86a15f00ecb53e5dffd678b6,0522e3da1cdba3c1ff10c5327c110011dfb084c34decefaa875813095425a732
203,0,True,640dfded2f7ef6f3938d512106023b77af0623ebca3256a7a61b34992d45d512,bc833f72404c9ab5b10d56d7a47c66ab23f2c19d86a15f00ecb53e5dffd678b6,111b05f7b999dde086c75926ed2c25ed53f9f5a01c2a653755fc245f7ffa247d
204,0,True,fb2115cb4e67cfdc83708a6580af0677da9d530061c4e312e089ba1f530f11a9,bc833f72404c9ab5b10d56d7a47c66ab23f2c19d86a15f00ecb53e5dffd678b6,ccf22f895680bb9f38cea20840d14c8686e2083a9fd58e2518dce18e792d2ce1
205,0,True,3cde7d9b98bc6661e04f95f3f74d709602c766944eea491cf1347d1edfc82755,bc833f72404c9ab5b10d56d7a47c66ab23f2c19d86a15f00ecb53e5dffd678b6,cd42b8a32d714edb1ad17202ba4698a4d10946293dfaec05930aaead10453d09
206,0,True,41e4c860417723dcab5493e13fcd5c8bd478bba5601ec990bacddbc0cef6908d,bc833f72404c9ab5b10d56d7a47c66ab23f2c19d86a15f00ecb53e5dffd678b6,bdce51f38f4fc2b38aa3d0b947aac5d2b7d5afaacaef3a9a80d260ca8f972b74
207,0,True,2b5234811fc8af33eda0339da03a709ba09a45de8818141b81cb25fbcb0696e2,bc833f72404c9ab5b10d56d7a47c66ab23f2c19d86a15f00ecb53e5dffd678b6,0f1ab410562a9aa82557e42a88691245e8829574f278d2fab28872164ddb98ab
208,0,True,074d1d8c6da7f5309fe9bc286ff2361116d4234efd60d194d91b0f99297742df,bc833f72404c9ab5b10d56d7a47c66ab23f2c19d86a15f00ecb53e5dffd678b6,c88260713c3c81425fa14a11bdc73afc1b66edd6450ef31bc3ac3835ef229a06
209,0,True,6e98ac40280baed4dcf1a5a0d91e38919b8b9256ea6702cf20d03d2a14b56a4c,bc833f72404c9ab5b10d56d7a47c66ab23f2c19d86a15f00ecb53e5dffd678b6,0cb951951d183c1d22e5327a77f07b1b306c4958dcfb9e4335a17c4a00a0dada
210,0,True,f4106e400fbe9b4bf68dda7ecad1481818186480fa5785e2f7aff61d8e32d79e,bc833f72404c9ab5b10d56d7a47c66ab23f2c19d86a15f00ecb53e5dffd678b6,e3e3672ef5cff8973d85c72de3c5bf1ac75bbe19e37b3911fd8549c2904b8a80
211,0,True,efb65c1211e03ea1f26c7c83fefdeceb6b853ab378d6e735b17023cfa54096c6,bc833f72404c9ab5b10d56d7a47c66ab23f2c19d86a15f00ecb53e5dffd678b6,bdb4bffe087d86590a2ad6b6f6f9299a19ed4890d8ab67c025395a040205aaee
212,0,True,efe5cd5ce3782be877ea7d4ca05fee9b9b0864e831024392b044e6b655e63dc0,bc833f72404c9ab5b10d56d7a47c66ab23f2c19d86a15f00ecb53e5dffd678b6,875a7f5a34e0e28189b07300f7fb22004fb0de9ad4f4913688dd36ba8f311098
213,0,True,2ff62b3b6262cadc8044d3d52f0a54559bb8cbf9f3c2277a05ca27918dbce9a9,bc833f72404c9ab5b10d56d7a47c66ab23f2c19d86a15f00ecb53e5dffd678b6,d112f1099a996aa5b6cbc4b2085005f8a46635c1ae2f44b04b49ff77b360a8f9
214,0,True,4b85671247886a289492a5eadc7121b28f5e36aa9e3321fa1caf22efd66ad93d,bc833f72404c9ab5b10d56d7a47c66ab23f2c19d86a15f00ecb53e5dffd678b6,81d220bcee9c954ddec265f8bce52c680d1ef4a906ecb46efadf340c856909ab
215,0,True,973b8d7fa16f36233b4c09d9950f2bc72adc982c33af7739046e5f0048ac6769,bc833f72404c9ab5b10d56d7a47c66ab23f2c19d86a15f00ecb53e5dffd678b6,c2fcb5b2d1b9410469ed64102233099a2f50b24957f6428563353c0bbca3dc73
216,0,True,57500450de5cf898dd48db460898093ea952f50a0c9a9c8d3582ae30d57fb44c,bc833f72404c9ab5b10d56d7a47c66ab23f2c19d86a15f00ecb53e5dffd678b6,6f79d8dc3c6b211603f256203c3c0b8533ce0a0944a1178b4b7f5425360e74f3
217,0,True,bee3a4111bdcada7ce0e0a2cedf034a43afc807171e914fabe28c2e9dc9c15ed,bc833f72404c9ab5b10d56d7a47c66ab23f2c19d86a15f00ecb53e5dffd678b6,502867285be485f8467e801723a56c371a2328b24bcb7fd78db49c62b262edfa
218,0,True,3acaf0b8519fa0e541c1385557fdd3399991762afec8e5ceacf2f3ab2fc13e27,bc833f72404c9ab5b10d56d7a47c66ab23f2c19d86a15f00ecb53e5dffd678b6,cb2441445fe1d6da6eeff0900e6035a11b35df0098f350f0846b057213359ece
219,0,True,25859d3e1a7a1f3d314758ddaadc901e19df2c45a426ec316b873bb4319548b6,bc833f72404c9ab5b10d56d7a47c66ab23f2c19d86a15f00ecb53e5dffd678b6,a0a57c66ee67cb1c7b3d4f638697aa6bd3a2b7001978075e2b7550dc2ea70517
220,0,True,4dc792de0d85ab989271bce17ee2e15412257412ae0ec4bb353f1633e9e2ce7a,bc833f72404c9ab5b10d56d7a47c66ab23f2c19d86a15f00ecb53e5dffd678b6,0439573440a0dfd834e85ab999663aaa3d5d598a89201a6dd6050290f6e79004
221,0,True,2733b60bcefbf35539535e5dbc1cd5c3f799ef42299c3677c16c32916e8d5b6f,bc833f72404c9ab5b10d56d7a47c66ab23f2c19d86a15f00ecb53e5dffd678b6,d90cf04419ae589ebf3727f5be3574c4683f551fb92a925bc91ae40cf79aadba
222,0,True,f744d4787f79aea049ce93a674ebb22f7d17d349a2aad1f2691cea85446ed251,bc833f72404c9ab5b10d56d7a47c66ab23f2c19d86a15f00ecb53e5dffd678b6,a384258fcc97d8c8fb229271c948e02ee7f9265838338b95bb6eb4c4f784a4f5
223,0,True,a4e7921ced61c0f8f8b1287b33d38745e1073d7bef964a0f7faa129e2a5f88bf,bc833f72404c9ab5b10d56d7a47c66ab23f2c19d86a15f00ecb53e5dffd678b6,dd1da4dc9ec96ad3829c45308cc7d01c43203d7f477a38852da77768aa5dd65a
224,0,True,6b90f684bad241a8501488abde0993f7c228331e916b92250b0ec671cad4263e,bc833f72404c9ab5b10d56d7a47c66ab23f2c19d86a15f00ecb53e5dffd678b6,c4cf1c7a3541e863b10c53e9d0143a4d266331c9588350422bf12de8448e52c7
225,0,True,c7acb866978076b685accc53b960f704e1e544badcd295829d02188cd53aefbf,bc833f72404c9ab5b10d56d7a47c66ab23f2c19d86a15f00ecb53e5dffd678b6,b5895073653e287ae7c9b4fe6aca086bc0d481c81478b0d887bc5cf95026b236
226,0,True,ec195ac3d800575c49a62b24acd104f9c9e63e7db0604eed2ff752b18cc29f11,bc833f72404c9ab5b10d56d7a47c66ab23f2c19d86a15f00ecb53e5dffd678b6,4695aba3508f41859614ea8e0714eec7879e68266a20685d833af9215f17e9a3
227,0,True,caf08d66e60efb81483be8297581bb1c9a05e2c3ace8f26e58e1e53b7340e03d,bc833f72404c9ab5b10d56d7a47c66ab23f2c19d86a15f00ecb53e5dffd678b6,ea6f4b89f63168ae2e4f0599b2536e0f705f9e760dba27ad1bb4cdb9a2efd70f
228,0,True,0b51d86272701a47effc9d23badb8bbffa5e1ae55f6b2c44e11b0c793208a5e7,bc833f72404c9ab5b10d56d7a47c66ab23f2c19d86a15f00ecb53e5dffd678b6,49f3da95095521b5d470dabb1d563f309cc647fef047e3a723a00edcffb3bc8a
229,0,True,dfaed9663588fee3ddff92c4b2313e48254bb8002537ae58d7eb2a83bc9576fc,bc833f72404c9ab5b10d56d7a47c66ab23f2c19d86a15f00ecb53e5dffd678b6,09789f5fce3aeab4c00ba6183666a2e686eb2f225271076f1ac71c07c12a335c
230,0,True,6077d3d62db86b5d8fbdc05f210065b5e17caa3359d33a045e0e781467e4ba27,bc833f72404c9ab5b10d56d7a47c66ab23f2c19d86a15f00ecb53e5dffd678b6,21ac9927270da94bc310cc7b400f76bdd22e6483b9ab1f7f81d310ae4ec25a3c
231,0,True,2795d410f4ae5b052477f15b8824aa769ffdafb2bd6cdceacdda77079290f997,bc833f72404c9ab5b10d56d7a47c66ab23f2c19d86a15f00ecb53e5dffd678b6,995bcc916bbb1cd65dc36f7d6c23d49df0952fcf1f9e34108cee4fec0c6b1bcc
232,0,True,e2893f3dba5d085e8ac6676fa1bf20e000c979aadb3f50047b81241fe8034ece,bc833f72404c9ab5b10d56d7a47c66ab23f2c19d86a15f00ecb53e5dffd678b6,a326273c3b60070c0311193bff3759e1a16a6cb90b3179958773daecb1f8da32
233,0,True,877c33addc639859a5f5eed0ccbf11830f385d5f1bc23a22ec24ad6932fb5a81,bc833f72404c9ab5b10d56d7a47c66ab23f2c19d86a15f00ecb53e5dffd678b6,6f60a08ddf7fcc7d25efa4d87601b60523705011a096ee17e8f0eddd73c03559
234,0,True,4dac15b8faf2d521d74135990f19707d06c840a01474d0ed270b9f1d086a82dc,bc833f72404c9ab5b10d56d7a47c66ab23f2c19d86a15f00ecb53e5dffd678b6,ba4184488b56ecf60f5d9570d262cd7ce6848bd1b6ee94b4becbe027bda26b04
235,0,True,96b5288ca7f412922233a26906adf856f337e0904fbd3921cd371109f4db078e,bc833f72404c9ab5b10d56d7a47c66ab23f2c19d86a15f00ecb53e5dffd678b6,d75cbb78f7d975d056acf8bce51da6af5f62104040b558fcf05916f405b6baaf
236,0,True,0013f2a74a1e7acd4ceafaf5cae31e6bd65c8fef229c270732a17f1cedafbde8,bc833f72404c9ab5b10d56d7a47c66ab23f2c19d86a15f00ecb53e5dffd678b6,8fc7d5d48e49275d0b6a413c07f6964854ea01d3b6cb98738b1da1cc47bbff6b
237,0,True,2aad7172e43f977ef6ae396e0da0f5e0d66f3d35603ab3c2156f0cacc666cffb,bc833f72404c9ab5b10d56d7a47c66ab23f2c19d86a15f00ecb53e5dffd678b6,98e34e745cb60d1420c9d32e63e97e24f541ac17fe70f34a406a3e2937478ce0
238,0,True,cedc0518515ec53c857acfca30acbca0ef374ceb189e581e686aa63c9e349dbc,bc833f72404c9ab5b10d56d7a47c66ab23f2c19d86a15f00ecb53e5dffd678b6,7e79cced1cf61b0b68796789478e53a295f74fb6c377634f342912dd1713746a
239,0,True,a7c0e5c346afbc9f3c7241175c0af0ac69b4c1da1ad167ad99bacb6cd79b924a,bc833f72404c9ab5b10d56d7a47c66ab23f2c19d86a15f00ecb53e5dffd678b6,dd9d2e784cf41d33e50ff9892472e6292a97749b3ca027296e12dde73d20d230
240,0,True,d3525a428515f8bdbacb307c6fd28e099538af50d2cdb9c6678662aa1e69fdf4,bc833f72404c9ab5b10d56d7a47c66ab23f2c19d86a15f00ecb53e5dffd678b6,c3d722679b2eb002b94cf31e38ea59fe6fe20bede7f47336de6dcbc8e2c1615f
241,0,True,6aa4fdeb2ac40face2c74bbf23427161cbf78795ba7d9e1a7756f3c2732bcf22,bc833f72404c9ab5b10d56d7a47c66ab23f2c19d86a15f00ecb53e5dffd678b6,5d3aa61f91c93829ca4a39bb653b8d78760ebdeaa9847d1ca7d34b56ca09ec99
242,0,True,b7735e1e6a1a74165a890e255cea4663316a600ff9e49d9f80ac2879bcbd737a,bc833f72404c9ab5b10d56d7a47c66ab23f2c19d86a15f00ecb53e5dffd678b6,d0cc7cb3e65c44864fed860440385dc17875857e450a1562056fb7721f248964
243,0,True,2a70c9a21d2fd24bc1df0d62ae0ad835041bd96b2fa05737aea832586057cb58,bc833f72404c9ab5b10d56d7a47c66ab23f2c19d86a15f00ecb53e5dffd678b6,5e58d7ed9f9fcfd62db43608335bdd9b95a7f73bba349957f785164c5667177a
244,0,True,a60bd8d52e6d1e2bef5285502d7570624b809bf02ad3dd3704caeb3b92124b1c,bc833f72404c9ab5b10d56d7a47c66ab23f2c19d86a15f00ecb53e5dffd678b6,f395c1467e7c289becff4d1d008b49dd2aaf64aecaf362fcd158fe9043674888
245,0,True,b23a696cbeac4ec6d71d4dd388dae1588261be15aaf7aeb40e1273c7b24b9463,bc833f72404c9ab5b10d56d7a47c66ab23f2c19d86a15f00ecb53e5dffd678b6,ae6347691e54ab4714b3ae0229c83521da5935d2c6516eb4c8cff4996c807c2a
246,0,True,3a91f3711217c9e51485230604eed9a78e15e7051aab2c016d570e05c2f39211,bc833f72404c9ab5b10d56d7a47c66ab23f2c19d86a15f00ecb53e5dffd678b6,272b6038e45ee1aaa1e96a70e930cdccd600e54ddad161aa5f1f6ab80b85f2b9
247,0,True,ebe2f9d02f8549c383a212d56807e3375a86ce8ba42229d585d2e1b4608c08a8,bc833f72404c9ab5b10d56d7a47c66ab23f2c19d86a15f00ecb53e5dffd678b6,bd492d6310801c8026d271feb552f39eea9043092e57f6cf0295ed6984f95bb5
248,0,True,502168e14051fa5f426d8081ed99efd167183b58177cdc701e0b0b806315da77,bc833f72404c9ab5b10d56d7a47c66ab23f2c19d86a15f00ecb53e5dffd678b6,6eddbf31b4756117a4f2f05d897ce5f25553caf6a42c636f28b22f04f2df9270
249,0,True,f2d037f8b877e4e72ac54c9877dc4df6c698d5f9d752ceeffdc62a26bcdb9fe5,bc833f72404c9ab5b10d56d7a47c66ab23f2c19d86a15f00ecb53e5dffd678b6,f15d961c14c4f3f62ec6b6efcc42d76c2867468d3cae46e0e9f4b1bed45ec5ae
250,0,True,8c871d7e294eda5199ce1c4311497d35a29dfae93fd1eaf405bc62423614043a,bc833f72404c9ab5b10d56d7a47c66ab23f2c19d86a15f00ecb53e5dffd678b6,8cdd1d7dca39f4b6da46458cb5816b44bae6e91163e6aa7446d9ff1b875755a5
251,0,True,acbce7b0c7b08204a5534de2b53a5628e803fa4515c0ef3e6af9a1ee55e0904d,bc833f72404c9ab5b10d56d7a47c66ab23f2c19d86a15f00ecb53e5dffd678b6,6adaba712a687e833217a07d28c5f22fb0b2580f426f51ec2b8b57b4931bf774
252,0,True,12a00e64fcf3c3d7b8d59421dd5c618a3680e86b7b2ec6424ac8382d587f446e,bc833f72404c9ab5b10d56d7a47c66ab23f2c19d86a15f00ecb53e5dffd678b6,872689e6fb0f52b3b0005f99c053635c384d05dc3a3906a795156bc49f0a9a6b
253,0,True,e9e4ae7826fa360a5236a84d71a9731e1fa955a4322484c96d6316aa8057d291,bc833f72404c9ab5b10d56d7a47c66ab23f2c19d86a15f00ecb53e5dffd678b6,b1949d33d2b1d831ff12eb6eb3ae221135ef7728c5b01a043dac569ebd1f491f
254,0,True,b6545d040f6d83fed7e04446021e7cbfc13cfdd829219f47ca7df4f56cd84e00,bc833f72404c9ab5b10d56d7a47c66ab23f2c19d86a15f00ecb53e5dffd678b6,48a8ba4fc3929a7f927cbe95bd6930a6c2acddddac4b3319427ff70f1dcc9ba3
255,0,True,4036846a25aca9e97e97113dd06437bc7e978a2db00532d1aaf296444156bbfb,bc833f72404c9ab5b10d56d7a47c66ab23f2c19d86a15f00ecb53e5dffd678b6,29cf0759a3d1c900d349ca861bebfcccaeb939ec164e9d1ddda0db5cf5da3ebd
256,0,True,8329ec29761be4e749cc5037c7694fe4c91e74e8de82ac4e0a02a33267b1ce9f,bc833f72404c9ab5b10d56d7a47c66ab23f2c19d86a15f00ecb53e5dffd678b6,1fdeae3cb00ff57b6109685142f0d05be367775962e3ec877ee732497f09c950
257,0,True,ec97f6bc20ed2a46ffde9bfbaea848118e1f7403b7e7f4a46cbf561048940dc8,bc833f72404c9ab5b10d56d7a47c66ab23f2c19d86a15f00ecb53e5dffd678b6,23924de61ba3f934902d6c21a7501e45f3a91dea776356c511f824a9c810eeff
258,0,True,4c2f99db2d75d856a3c2cfcf076e097a9f0eee998c8fbe7ce4582b3d2c5c689f,bc833f72404c9ab5b10d56d7a47c66ab23f2c19d86a15f00ecb53e5dffd678b6,f66c1aec78eb1f61fd7b2283b6a014f0db32dd7f91e580e2bf3bcfe0968e62ef
259,0,True,a131f1937df3cf29b884929b5dd127c9affada843c8847f966168c772af7be27,bc833f72404c9ab5b10d56d7a47c66ab23f2c19d86a15f00ecb53e5dffd678b6,9d1417a1e4baad9c925bb06b79eb917ea76eb226a386d8e6cc9afdc05c6422ed
260,0,True,8c18133458e06c5aa72ce518bc2244174d7ae66c9133383b7b78e20186c28fbd,bc833f72404c9ab5b10d56d7a47c66ab23f2c19d86a15f00ecb53e5dffd678b6,ea0eaf271fb49e173377ece9a9fbe7db88b79f8027fe2829d3de9c9fd62ecabf
261,0,True,e33a85635a232093b239e12ede9e26e40edabaf984f23f532be332cbf478995a,bc833f72404c9ab5b10d56d7a47c66ab23f2c19d86a15f00ecb53e5dffd678b6,6b75273a9e22283f960634b70a79bb3e5bdeb2b6695aa014eb1ff9fd99a2f683
262,0,True,3b6b488101496743ffcfa6e3a1f2c003a8c1d6c9b3aa4038f358b1d1c8540913,bc833f72404c9ab5b10d56d7a47c66ab23f2c19d86a15f00ecb53e5dffd678b6,e3ae49ac12e4c5ac8bd1a374395c93faeaf86bcec92342b5bdcdc7cc796d5e0c
263,0,True,2ea3632c14091b2080d638cb73a29d555e93808170d3f2b9d8f937e12f485946,bc833f72404c9ab5b10d56d7a47c66ab23f2c19d86a15f00ecb53e5dffd678b6,916552c84b06e3c47673fb4c9175becb94c47fc1a1640f226b04e33f5275a65f
264,0,True,c7153f2531c57c0c23958174dad8bd41a1f9ca16ee433b478767130f3b61cdcd,bc833f72404c9ab5b10d56d7a47c66ab23f2c19d86a15f00ecb53e5dffd678b6,a1871a82b1c3273598e540b59a73b55d1ddeb6c252108d77bf400a9cf245b115
265,0,True,70ec552fa4fba15a33161c5e03a584318f8ef738059123616ebdb1beca1933a1,bc833f72404c9ab5b10d56d7a47c66ab23f2c19d86a15f00ecb53e5dffd678b6,7ffdc166bd1e88c208c8dd4f6fe7fe18cf56adadb9d8a05d3511d4dbcd549ccf
266,0,True,a9b4eacdcc7ac8abd24f13dc021a313c8d3971d67dba2537340456b4fd24ae56,bc833f72404c9ab5b10d56d7a47c66ab23f2c19d86a15f00ecb53e5dffd678b6,9de3e0cf7d552716b412c191dd983cc88ada4601d2a2bbf607490b43c8ec98da
267,0,True,7b7f1ead7121aebf1c3df15b5953ccb764d6657056c8d61fa8955f96963be9e9,bc833f72404c9ab5b10d56d7a47c66ab23f2c19d86a15f00ecb53e5dffd678b6,594dc7d99591bcf280c0af597b343834ed34c7af0dd86972643de3fab7348f9d
268,0,True,5612f9d8f160c3c11990985f7933909cc97ccffbb24552ff95b8768f15e6fd3d,bc833f72404c9ab5b10d56d7a47c66ab23f2c19d86a15f00ecb53e5dffd678b6,ed1004e93b32b85087fbe591de4a1d929af21d3d5fb1852736cbd1554961a723
269,0,True,5921dc4b1720f3f6f2f0bdfe205fd1e02182c45a71d8d919dd6e0014edbb61dd,bc833f72404c9ab5b10d56d7a47c66ab23f2c19d86a15f00ecb53e5dffd678b6,2c01bbee710ddbb37cd3fb0f298d349a7fd0e46e1e1006dbe24b47fb7fb42c88
270,0,True,b11961c9f519fefcb0b30d93d61476fa5474483a6c6f76ceb94a61d9460ca797,bc833f72404c9ab5b10d56d7a47c66ab23f2c19d86a15f00ecb53e5dffd678b6,23971611441f0c7a9d00a9c46cfae2fbf34eef0db505b241effa1075b6bb3c61
271,0,True,dd0f3ea4f3228565417e9a4556c7f332ca691aa691143be490d5cb9b4093ef05,bc833f72404c9ab5b10d56d7a47c66ab23f2c19d86a15f00ecb53e5dffd678b6,5c0b7f631a306ac5bbe9d3940302a5124722ba3158fb77eac3bf7d29f4a251ca
272,0,True,f9cb494fdb866a4547a27bf04d78c0072fe78b179cc0805a3368b8de367a24c5,bc833f72404c9ab5b10d56d7a47c66ab23f2c19d86a15f00ecb53e5dffd678b6,da5b97438d8a6c6b81f1a3ec6a3cae92e592b2c298aa27536e405a7457ac1231
273,0,True,5056e0cdb008958cfd4085f7eff93b9826293fc01a9ddf5f86805e73c40617da,bc833f72404c9ab5b10d56d7a47c66ab23f2c19d86a15f00ecb53e5dffd678b6,46b641c929f1548f635a70debef92b51acde04840f0ee5db428275368840a49e
274,0,True,4fca79d9bd59bb50baefe35fe5891454c2b1ccc35851a0b9665f54e546f7f472,bc833f72404c9ab5b10d56d7a47c66ab23f2c19d86a15f00ecb53e5dffd678b6,03673d00b702a3caf6b675c3936749caeb7989ef19bd1dc222864161c02da80c
275,0,True,0a123ba9aaeaba3dde11e730481fb8cc5b85d07a8c5ee95251798096bdaaa8b9,bc833f72404c9ab5b10d56d7a47c66ab23f2c19d86a15f00ecb53e5dffd678b6,356fe8db408ba890525c541d9f0ade4ca14a538e2b3586f6b890f9e1e238baec
276,0,True,1a34f10c4b0c7e7e1b0096420520b981c6bd4826d409be235d39069a7dcd64c1,bc833f72404c9ab5b10d56d7a47c66ab23f2c19d86a15f00ecb53e5dffd678b6,5de5633d676547397d9cae30bb7e920f44abf2aff6b780c4414ed3ab0df46ccf
277,0,True,5ef4a2b60a6c561fd4cdcadefb49c5662ea9a54044c1117400101c62b8ee4aec,bc833f72404c9ab5b10d56d7a47c66ab23f2c19d86a15f00ecb53e5dffd678b6,5175982b176a18ae8431b6340ff271a3d0b9dc2f0f9507c1a9db45e8ab51eac4
278,0,True,78f8a268ee29afcddbe9beebb1f95ccb85cb12afb4341e830d3f70aaec7e3bc8,bc833f72404c9ab5b10d56d7a47c66ab23f2c19d86a15f00ecb53e5dffd678b6,5658bb0b544e150fb89ecd1956dde34d0223c3798040c47dd2c6e4af256983d6
279,0,True,28d111d1b0fd32a752f64f989b820cd2f161ff7c5b0073694b43f6e57cf60bbe,bc833f72404c9ab5b10d56d7a47c66ab23f2c19d86a15f00ecb53e5dffd678b6,c38c1f771eb9bbd203ff4df324f47fc6d3653aa42cb827157386992766271c38
280,0,True,05caf8c942ec11b0fce934727b1c003412e416dca46540d5557ef39926444383,bc833f72404c9ab5b10d56d7a47c66ab23f2c19d86a15f00ecb53e5dffd678b6,15944b05c268177fbc5666564674aa24e5d98db10721f5ed049d25e923d1ae49
281,0,True,8b74495b40206747bcc3173b89825c4cafa212a643a09f02ed74f2376d99f817,bc833f72404c9ab5b10d56d7a47c66ab23f2c19d86a15f00ecb53e5dffd678b6,4b9e55629f5ada87b1c2c05944ea8415f5e38e2e818b7858bccd81efb6ab69f9
282,0,True,960730936a742891f414e4c408e31cb06a48fc644575d03b8892b1b25973b8eb,bc833f72404c9ab5b10d56d7a47c66ab23f2c19d86a15f00ecb53e5dffd678b6,767fdc206f80cd4c69f358a9df0fca0c93f844df6d450b3758de306a43d0e2f2
283,0,True,a794a3b4fc0307a83485655a8cb98527ec9325bc96558d47ef4e5cf2f47a6739,bc833f72404c9ab5b10d56d7a47c66ab23f2c19d86a15f00ecb53e5dffd678b6,c2cff0a66bcea64cdb9af4ca7075d752193c724ff447bce378f7f4a23002f02d
284,0,True,3a460ab214bc019be2dd7d40534f2ba6b235f825b123b8743a4584bfea25ad89,bc833f72404c9ab5b10d56d7a47c66ab23f2c19d86a15f00ecb53e5dffd678b6,4f112abceb24bd8b3291b97d91811d9644c829364e04ffe47d5afff711ad3692
285,0,True,ea00ac9d657ea0aa623ffe6d61a781407432f08c3f96a4346ab5cc342738b456,bc833f72404c9ab5b10d56d7a47c66ab23f2c19d86a15f00ecb53e5dffd678b6,89de87423993440dbc3f3f41aa3b6145a27ea226385dda981c612dd3b91f9625
286,0,True,6c5f5ff0e66d254964ccff6801e1ef5f81079f7d4427419e09c55fa414678b4a,bc833f72404c9ab5b10d56d7a47c66ab23f2c19d86a15f00ecb53e5dffd678b6,72a068f31f7d71c573f539aad896639330ec3e868196a10ec308dec27ab5a3a7
287,0,True,d940512500ed3e14c4361877d8638cca96100c496aab9ff2aeb2a905ef359ea7,bc833f72404c9ab5b10d56d7a47c66ab23f2c19d86a15f00ecb53e5dffd678b6,a394db9cd84382533f7e3ccb21ed5a90329e21bb7f170ce3eb2b52d1e40553f2
288,0,True,2d7cd353914965227a954bfcb8883cef9712c0220a8f6e665c74ad0292f0a500,bc833f72404c9ab5b10d56d7a47c66ab23f2c19d86a15f00ecb53e5dffd678b6,17447d44eb2ef5afc27ca5580f56459185572c2b05910edbacfe5f13ad1c6c7b
289,0,True,293bc975c5efdf796084f863859796f3e6c162445b3b886bed35826aef58fb70,bc833f72404c9ab5b10d56d7a47c66ab23f2c19d86a15f00ecb53e5dffd678b6,f032c6f932b3265b4e07d59ce372abd4a079a398137b703d4f552423d0b0e4ff
290,0,True,4dfe6202ff53c714d1760125bf0157b088e8ada4c74f70c8d382ab71576087a3,bc833f72404c9ab5b10d56d7a47c66ab23f2c19d86a15f00ecb53e5dffd678b6,7b61d31586bf4b295a24565b2ceaf2de9a1c8fcb5d04198c05fb508ead7c7f06
291,0,True,445b8142b221672f0d727117b007e24f17c4572ba4b7ea9000588ae7f7c3a28b,bc833f72404c9ab5b10d56d7a47c66ab23f2c19d86a15f00ecb53e5dffd678b6,d64e1cb52a6193f400e21a4cbaa2479b4549873061de56efdf495e25617fc726
292,0,True,e82253cc65c241902fa06f1bf655e4cb85ed083984c7288b6ec12fe0a0e5dbe6,bc833f72404c9ab5b10d56d7a47c66ab23f2c19d86a15f00ecb53e5dffd678b6,11d5261a29cdfa44c24ffeacbae1cee050d45916d7e7c1125402708d83e9d8fd
293,0,True,47ca294e30f8a976fb2a9b026c7b43fc41c87d116f2044e9d01502cd84f43eca,bc833f72404c9ab5b10d56d7a47c66ab23f2c19d86a15f00ecb53e5dffd678b6,4501c23a87f806297ae969d6c2942455cc48838e86fb149611f34f36fe6e4cf0
294,0,True,c5087bb95b7650425c742264c6bae040cdc14655f575260c145913958e15b41f,bc833f72404c9ab5b10d56d7a47c66ab23f2c19d86a15f00ecb53e5dffd678b6,e539abe25e1e154d65bef7392f39a11d5e9f6a9225fa472c2e8d909b2e180c5e
295,0,True,2d1c4f1780e16e1f1b3cb1dac07d50b6caf6006678fdc3b4643958369031f4f7,bc833f72404c9ab5b10d56d7a47c66ab23f2c19d86a15f00ecb53e5dffd678b6,efb6b669b58ac67fd55e235765fb997a765e091db95816ea6ee677b874b489a1
296,0,True,58141f2cfdfeeba4c1a47053917f5624a8ebfccd8c3607ed4d5a8a3f32dcb280,bc833f72404c9ab5b10d56d7a47c66ab23f2c19d86a15f00ecb53e5dffd678b6,078e1f352258a2291655e044c913327efae269ccec48cc279f97a2e8849804d4
297,0,True,6866ebdcd049843aebfb31ea0a60f692f043f93b29974012abcdcbab63b13d5a,bc833f72404c9ab5b10d56d7a47c66ab23f2c19d86a15f00ecb53e5dffd678b6,32ffc1e9dd4c263e667fe52681b7812f1a9f9e1cbbb973b9a52ce9794e908193
298,0,True,85d998cbf20fb1df0e047f428f3f09dcc4936b0f5f9d586c572e1fb30e54a735,bc833f72404c9ab5b10d56d7a47c66ab23f2c19d86a15f00ecb53e5dffd678b6,f54d71648a1e9e1c02391d254f3717565672002fb005fb8f9d0824d0db7a2d0a
299,0,True,6c51f6479b0feefb0a32f6a571eb38cf8a0227d437ac341580790e3768fcbecd,bc833f72404c9ab5b10d56d7a47c66ab23f2c19d86a15f00ecb53e5dffd678b6,7783285c36f4bc736894578173c894cb978bc78770abccac00eb154eb445a2dd
300,0,True,60a59666f0134390544f485220c02c2ebb8fee8aa15906e2f973b78fa5429acd,bc833f72404c9ab5b10d56d7a47c66ab23f2c19d86a15f00ecb53e5dffd678b6,33c23a737ae9a9dacbc4db6317e5c374c14e06da64f67416df07d538113e1df2
301,0,True,6d9ac832f7432509adafdb7ee8ce3a2dbd57430ee51e7bc0792d3cfd9781fa6b,bc833f72404c9ab5b10d56d7a47c66ab23f2c19d86a15f00ecb53e5dffd678b6,6f6b8fdea1bcc594ee1b88792fc7894f4b5a13db6fd914d9b3c0ceb2a4ca483a
302,0,True,04ef9e3576e1d2aa7a4a47a6f668fc87eff66ddcc210db5520871679b4230c3f,bc833f72404c9ab5b10d56d7a47c66ab23f2c19d86a15f00ecb53e5dffd678b6,4e3cdc9aec481ec0ab8ac6f53778d77592f256325402a9c9fdc8b5a1fd46aec3
303,0,True,282308d199ed5a1ec98a48521cd786f1e3f2aea3c37c77b9f1ffa81b3f2f1b44,bc833f72404c9ab5b10d56d7a47c66ab23f2c19d86a15f00ecb53e5dffd678b6,e5ca29a7384d9b2a9c78e933f4488b6764cc22551868587f21679ed2eb946ada
304,0,True,988dc32ac26a77459a4a03f4e74adb682691021930eeca96ea4147f90f8e7c65,bc833f72404c9ab5b10d56d7a47c66ab23f2c19d86a15f00ecb53e5dffd678b6,c408adbdd8a4b1586f839c131dcda1c8e17643df1a686b7bed5571d0b5bf135e
305,0,True,a40dd253ae9e80773e5055f7280488a52470385bfbf0a2ad5a4a22120f356e48,bc833f72404c9ab5b10d56d7a47c66ab23f2c19d86a15f00ecb53e5dffd678b6,8debb1b21c1e173bc0c4ff636498c799e193496440fbe6b2a2c79844b104593b
306,0,True,b0601533dd14af241d17ac6fd6063dca3cbfb795e879560d50d77afcc5438ce0,bc833f72404c9ab5b10d56d7a47c66ab23f2c19d86a15f00ecb53e5dffd678b6,d9fa40d17d649cecc5a9ec1aec54ef88949c1d994ffa9f28a95b9abad35c636e
307,0,True,97ffd6620ecb7ddcd00e86473d3ea6b5f9659f1184bec0b88cd13abcdb18fdf2,bc833f72404c9ab5b10d56d7a47c66ab23f2c19d86a15f00ecb53e5dffd678b6,0a270cc14d87109085955f8e06616f82862ecdbb3ae30db91ba2a7dcf4e9958c
308,0,True,d1edc8e6c65f0da4ae62992bf095c82bba4ec3ca191906287abd293ef39d5fde,bc833f72404c9ab5b10d56d7a47c66ab23f2c19d86a15f00ecb53e5dffd678b6,7813b94ff6db1d3f4b6fc4d46dad2292533cd28010e830d2a3de2f206a5d216c
309,0,True,d38a8bbf74201f5aca2b169565612f40ea5cbb4df22f0bdc3f3193ef3f975137,bc833f72404c9ab5b10d56d7a47c66ab23f2c19d86a15f00ecb53e5dffd678b6,4184af304d20cdba351034789bd8bd9febe00b83fd3023920ab008786cf344d3
310,0,True,3ebedef0eb37a0d881dc57aac91553ccfdb6780f03e7caaf873ae63bf41b219c,bc833f72404c9ab5b10d56d7a47c66ab23f2c19d86a15f00ecb53e5dffd678b6,af425d91c63ba2c4f7543a7eed630b9618461f45ae1b0349a17dc902e9dc3e5c
311,0,True,8680b821705b910abc9bd44ab4dfc79b39467a03bba37bfd26a037597946876f,bc833f72404c9ab5b10d56d7a47c66ab23f2c19d86a15f00ecb53e5dffd678b6,8ec1229749c15ab8514f5bc569fce15b155e180aaf8608a1d53a39a60015c61e
312,0,True,c2d03fd9b8c225021d3b61340b6e40aa23fac61d86d3342c3b05d8942c9b05c9,bc833f72404c9ab5b10d56d7a47c66ab23f2c19d86a15f00ecb53e5dffd678b6,0939492f56375952404539b21c08ca85b47951508c0dac6ed8790af891349757
313,0,True,fe188e6ee927ad5216a15958d47367fed3cca03582bcac25ad861372e04c9d34,bc833f72404c9ab5b10d56d7a47c66ab23f2c19d86a15f00ecb53e5dffd678b6,96a241dd93fc5d46a436af785a38cf20fe3c09dd2d31db7319cf4e34e61d0eba
314,0,True,3e2b61d8c0c41e0fc6f80d7310b6de8ce41b368741355432da5269b2ba35eb19,bc833f72404c9ab5b10d56d7a47c66ab23f2c19d86a15f00ecb53e5dffd678b6,a1638272ff8cb84b114afe90f735c924a7d75b9d369e720cd8f2c55d424e9b4a
315,0,True,cce76b62eb7865a358d853a1163127e12d18d8c4ee96e69edefed036de1c7f69,bc833f72404c9ab5b10d56d7a47c66ab23f2c19d86a15f00ecb53e5dffd678b6,e628340d05b9ae89bd26abdf69eb5e6d5444c4355206a3d0349799b85e84e47f
316,0,True,437f23d175bce59a9f0bab2799a96773da085c15bc4215d3dd0fcae5710d8458,bc833f72404c9ab5b10d56d7a47c66ab23f2c19d86a15f00ecb53e5dffd678b6,e92b0dcd76bc9f41b186ff640ca3940f02311fb5c3114f4ee83e0ff3ce6fb66c
317,0,True,de2e3fd10fde066ee21a58c43b68706d1d486773545d41d1ffc538aa7776f199,bc833f72404c9ab5b10d56d7a47c66ab23f2c19d86a15f00ecb53e5dffd678b6,7dd0948241ecb45a806c17ebac77765e20406ac44beb4d5915b45c250f20acda
318,0,True,372b21cc363a2871fbadb7177d42a782e521402602cef0dc7457eaf02dacf1a9,bc833f72404c9ab5b10d56d7a47c66ab23f2c19d86a15f00ecb53e5dffd678b6,48e464e1fffb091cca6bf85a6b75c97df5602938ddd858d5c74d22dd632af995
319,0,True,fcf3f83dc2761033103bbb5743880bc23bc7557afa29146fadbfeb7de19ef64b,bc833f72404c9ab5b10d56d7a47c66ab23f2c19d86a15f00ecb53e5dffd678b6,180353b3c0aa48a9660692065cf642659eeb1ae7848e537e2b5050a49e284283
320,0,True,8444b658e9f5b0f4dfc8ca99715a8d58ce2600336d4f3894602f511e03213c13,bc833f72404c9ab5b10d56d7a47c66ab23f2c19d86a15f00ecb53e5dffd678b6,74f9624d7727da6f7939e4cc6ff5b328f494520ca1869042cca2ec76d64254ae
321,0,True,f550a711922de0f19fb145014eccff8419fcd0df6a38100506d03788fa67bdef,bc833f72404c9ab5b10d56d7a47c66ab23f2c19d86a15f00ecb53e5dffd678b6,79d37f4d65f6f0fda4e69bc4c12b2e55ada29025e58d3144b238f0d3c01f06cb
322,0,True,94ecc78c0e3731f1bb847f4692bf5e4570f857eb79c2c3a127dc5ba0313b6ad5,bc833f72404c9ab5b10d56d7a47c66ab23f2c19d86a15f00ecb53e5dffd678b6,91e94b843139438244fe57b1f04186747ea140d4e25025d0999090dcb5ad01c8
323,0,True,a72126b64e97e1bb0a4053a186a54390d8cf7a082303640a455be9ab27ea428b,bc833f72404c9ab5b10d56d7a47c66ab23f2c19d86a15f00ecb53e5dffd678b6,239a60a3c4d5ff7779125499d439a1876ec82bd078ae3cc3737e4635e5c4c5ca
324,0,True,85e99ca7684b49724cf263125d3bcb4cfa313678d0ecbbae14d7aa686d45e189,bc833f72404c9ab5b10d56d7a47c66ab23f2c19d86a15f00ecb53e5dffd678b6,131baccbb5a8a6a284df59fa44897655514444debb11712bdef2b3a71a4d2339
325,0,True,f7d8253a4e0998680bad9b1a3e28e6058555c3ef85863fe588dd76d576f06a45,bc833f72404c9ab5b10d56d7a47c66ab23f2c19d86a15f00ecb53e5dffd678b6,d6e9f7c5e51a5259988f13db4b742723850053735bcc98b3ca393449dd8d80a2
326,0,True,825acc128f0acfd7458e4b81c72e03dca6dac942ab65c4e1d3aa5822c374a6ef,bc833f72404c9ab5b10d56d7a47c66ab23f2c19d86a15f00ecb53e5dffd678b6,e9d27028a26db1f1c46a2f87818af4af9f425f73964c62d30877d702a913c4fe
327,0,True,76b50e2c1c55aadc5ad1ec0e4cd7f0c412f19aa64c28960819f2dde094ea67e4,bc833f72404c9ab5b10d56d7a47c66ab23f2c19d86a15f00ecb53e5dffd678b6,b8a417ce232f228ae6ec882431e5086e84b702c7634d6de9d7f72ac0797978a8
328,0,True,32d77c7eac9e1b0a4dd03c8ce5d2e65a6ff7ba59be77bf5f23b6d9145d498294,bc833f72404c9ab5b10d56d7a47c66ab23f2c19d86a15f00ecb53e5dffd678b6,1c39e1d6bdade415395826a51032301bac4200637606fd36e4783973bb23a28a
329,0,True,0de096af2db1aba8b6b4d0c2dcb73c9dd55d18d33f8a2f0ddc57db5c2ec9fb82,bc833f72404c9ab5b10d56d7a47c66ab23f2c19d86a15f00ecb53e5dffd678b6,640178a06065727c5c7597923004676563b7676a025c57c25b62874bca4996d5
330,0,True,9990338fbc9829220e54afda766b0ac0765bb2daf3268ec04eb52b1290062caa,bc833f72404c9ab5b10d56d7a47c66ab23f2c19d86a15f00ecb53e5dffd678b6,18006386163a710a2c822f14f134031ff0a9067e2a37e634a9dbbdbef8c181d6
331,0,True,8db80751ce455b11880c8e7bf4684aa792ad2c7a4da49f11efdfafeb8066d443,bc833f72404c9ab5b10d56d7a47c66ab23f2c19d86a15f00ecb53e5dffd678b6,cb4b82ad6bf74bb0a93cbafae9382a11be22494025fb1c3c95bbacfc52148b62
332,0,True,3fa8c1d9e0b5f8a45245ff9b85673cc7cf008cdca59a6c1cea0bdb547f762a69,bc833f72404c9ab5b10d56d7a47c66ab23f2c19d86a15f00ecb53e5dffd678b6,0f459288353228d37109769b90862e4cba3d24d707d8bde6fb90ca2fae2a8ebb
333,0,True,292e07e0ea09da3845dc7e93dcb42e89677c3018e595174e46cdc528674ae60d,bc833f72404c9ab5b10d56d7a47c66ab23f2c19d86a15f00ecb53e5dffd678b6,ede1236773ac3f9190dbca139b079a905e213c210e069cb66f781662c5b7ffbd
334,0,True,584b5f9bb61a1a8cd56d7fee2ccffeb7129c1f3a1ab5c1f19f3f56ca2554617c,bc833f72404c9ab5b10d56d7a47c66ab23f2c19d86a15f00ecb53e5dffd678b6,42682771b06a7404280c80387a713f7bbe7e0dce89e8fdd98088e4cec98bc5d1
335,0,True,f81b7ade6009d307179e9d2b6d401d7cad59ec9fe3c08326f915ad70d9754762,bc833f72404c9ab5b10d56d7a47c66ab23f2c19d86a15f00ecb53e5dffd678b6,2849b48fdedea30bfae3ab7cf6bf19c23a9bd4930403a41581056a2370520c0d
336,0,True,fc6d82c902bba6dbd7afce2ad1b0f94d2f31636d2787db1fadbc5029ab04e576,bc833f72404c9ab5b10d56d7a47c66ab23f2c19d86a15f00ecb53e5dffd678b6,b6719d27be30f2cb4d131e825e9b7757cd9ffcbca7e6420db21ddc6575f88cf0
337,0,True,b548f88b0cdb58ac5b1ce58e654fdb9ddc9860d3e873dd5c10d526d048950f73,bc833f72404c9ab5b10d56d7a47c66ab23f2c19d86a15f00ecb53e5dffd678b6,d861956eba5fca9b78184c74190d2f0b2868149a90031a5c75dc8100a499fc0b
338,0,True,dfa062c1f44e84ee5bb0f2acae961706bfc54f1ec542711e86a47f68f6906ede,bc833f72404c9ab5b10d56d7a47c66ab23f2c19d86a15f00ecb53e5dffd678b6,92e586c0df441b62c7a5adffc3658d15039505b570b00927ff59c96d5813614e
339,0,True,25f4e52e084456beaa93e0c370318a4fbe73297caa56c5ce6692d9ebe259bcc4,bc833f72404c9ab5b10d56d7a47c66ab23f2c19d86a15f00ecb53e5dffd678b6,c206ab088c8f8d67ca33689e7d2454416607ba3b4e311ee30dd57e852b12453a
340,0,True,88440ff44c7b85b31f72fe250c112017722973683ac9e14ec29d391150f96da4,bc833f72404c9ab5b10d56d7a47c66ab23f2c19d86a15f00ecb53e5dffd678b6,4da1c4a04fed5284e0cf98a0d628c76c718d31fcf80aeabaffa1f39758c0f202
341,0,True,ef106422cb30b42c8aa0740a846949c9adc61d2cd79bc10f0a4730fef2b26c09,bc833f72404c9ab5b10d56d7a47c66ab23f2c19d86a15f00ecb53e5dffd678b6,10a5f3364e63d6cb71549aaacea60a1fd364b1e3f4f8a25af6ee0681a5a170f8
342,0,True,672de047b4ea4d650eee43963f4d5c562027f0e493481e96ef0d52dbf9c327ae,bc833f72404c9ab5b10d56d7a47c66ab23f2c19d86a15f00ecb53e5dffd678b6,760bb2219c69bd40da337d2511dd9aea457e5b99c090d75320adbd763a4f076d
343,0,True,61968a10403ec9e0f5b0fe96971d5f1d8a93cc665d594d19e38b1af68838bc7f,bc833f72404c9ab5b10d56d7a47c66ab23f2c19d86a15f00ecb53e5dffd678b6,339a89ee10c3b3337a7013d7a89a58d177e8c16e8208cdcc0945dd2ddb8872c0
344,0,True,7a85b96e46bcdc2965724255a2b5f44a1049c7245a7f440b252b77e61734aa84,bc833f72404c9ab5b10d56d7a47c66ab23f2c19d86a15f00ecb53e5dffd678b6,f449c0007792c71c138e05a30b84e5e6a2925df60ae2765e92ebe8a3d854b338
345,0,True,4dbc4ce4bf667d8956bf986bc969d64b79ee6808c880f1c575933182c462f895,bc833f72404c9ab5b10d56d7a47c66ab23f2c19d86a15f00ecb53e5dffd678b6,5b6dfd8305a2bfa567fa1b6595034fa7ab47797c5e3c638adfb4e8a826795f7b
346,0,True,13edd085170696ff8cbe7d975b3c5722f304af9ee6015d97a4f357093ca92d13,bc833f72404c9ab5b10d56d7a47c66ab23f2c19d86a15f00ecb53e5dffd678b6,42fb00e1bfd7c6f197edfa3a96162d32829c7d62dcf752e2d747abce4cef1ea8
347,0,True,d9cf71dc2bb3de34f7e1074b9159d6b13f08ab1884b4e8e68b49e7fb912316d7,bc833f72404c9ab5b10d56d7a47c66ab23f2c19d86a15f00ecb53e5dffd678b6,427ce68bb9f807ba7ab488bd9b7b4d6ab071a853c3a8d438ebcf35b27028e00e
348,0,True,5f3c175f377d903c6633130a538ec754a9c4a708064ac104d0ee1c9b123f086e,bc833f72404c9ab5b10d56d7a47c66ab23f2c19d86a15f00ecb53e5dffd678b6,5a8bb207fbe2776987f8455aedd83432204bf00dcbfb113e877ab221a9d07b10
349,0,True,98b5281d6848d881db03ddefa400ff9febca567be44d6d8c3edfa04cd7d14dc8,bc833f72404c9ab5b10d56d7a47c66ab23f2c19d86a15f00ecb53e5dffd678b6,2a429685b527fc08d27178e5b85f74f05633a3974a330e7a189d9d95942823c8
350,0,True,07bfcb07e36c503f637a50ae07679c93ef131cd86d63a00d79501caea549bf61,bc833f72404c9ab5b10d56d7a47c66ab23f2c19d86a15f00ecb53e5dffd678b6,212abeee2ce4ed7ed5c8ed4da1227de40a11278e8874619054f1a8cfb94323eb
351,0,True,bb0d41c88d01c4b6826f76115201a63bc5100a1379afc228f428d97bb907a652,bc833f72404c9ab5b10d56d7a47c66ab23f2c19d86a15f00ecb53e5dffd678b6,5a4eca84a0f3ddbed646a8018801f9b9817d4379bcde88847a73f7bb9923c07d
352,0,True,128007862ff016a9ef06faba5d516e5826d2dc98fd9617f866816c9dad4a149d,bc833f72404c9ab5b10d56d7a47c66ab23f2c19d86a15f00ecb53e5dffd678b6,7570fd80850cbd0343e395978b471af4e8925f5afa79e28b6d2d6c7855deb136
353,0,True,c763a0acc944f0e91aca659581e7c721a351be3303899af74ae6c5e209f22f44,bc833f72404c9ab5b10d56d7a47c66ab23f2c19d86a15f00ecb53e5dffd678b6,bbb920827841e4dcf3c89adedb0904505258138f01556e2aea80b76e0508aedd
354,0,True,7d33d72eda8d2e1c42bde5b05a080f05be1516a663a1181ffb46b0e474b0b26e,bc833f72404c9ab5b10d56d7a47c66ab23f2c19d86a15f00ecb53e5dffd678b6,706d6afaa0e23dbe4d7024dbb1e0694287a6c39d6b95b6d64652b2a4dfb659c5
355,0,True,5c6c12b5bd52728510029c5005ec507628ce51a711508923aff3912e8e89bdf3,bc833f72404c9ab5b10d56d7a47c66ab23f2c19d86a15f00ecb53e5dffd678b6,4d4c77c5664d98546a54382e0026cab13ef1a6afaed972df5b59a7cf728da161
356,0,True,dc547e132e67f1015a2866db0aabcb30525957dd2634219fb02cabed31900182,bc833f72404c9ab5b10d56d7a47c66ab23f2c19d86a15f00ecb53e5dffd678b6,799cfff03b8f48033abd5d0710e8683b7d8d7765eb5289b2dbd02f7feebb0a25
357,0,True,c7fac7fb2e6e2d7fb0c31e58c2f62a8f8376443d88103f5f355890a781607843,bc833f72404c9ab5b10d56d7a47c66ab23f2c19d86a15f00ecb53e5dffd678b6,f9aeac1f332ccb64c1c85cd11d2af66a3f52d6e9d0598b1a138733eb54552eaf
358,0,True,d791071e0b66724f250082afb100e0952b4c04159ebcfa3a60104238a2afe2d3,bc833f72404c9ab5b10d56d7a47c66ab23f2c19d86a15f00ecb53e5dffd678b6,b3e78e77db262c2d61a02ee6d06f1e85b167d8d2ce7369a0983240f4e84c2597
359,0,True,4f45b2e17b788e4f17117140cb1be8c02aac0332c6c1a57f93211068eee174e6,bc833f72404c9ab5b10d56d7a47c66ab23f2c19d86a15f00ecb53e5dffd678b6,fd3bdd2f86adca2477c825aec94447dc4a919899e57aec2bd6860cbbc98ab21b
360,0,True,068e953d774d27308a0af05f225b9ac7bbd0134a6e12e207e437e1cc49d71306,bc833f72404c9ab5b10d56d7a47c66ab23f2c19d86a15f00ecb53e5dffd678b6,fda034cb2c0f7ef34f3f83cbd17f8f4cf39b967d934d294902e27c497637a71f
361,0,True,bc932585249381d549f2b945ab545a3dd513951db77b3b718ff4659fa80fab0d,bc833f72404c9ab5b10d56d7a47c66ab23f2c19d86a15f00ecb53e5dffd678b6,1623def5cac09fd4f3b7caf6054da862c737033fb9d4969e24f1eb62bc9debab
362,0,True,fea6b2c66e8369e3d1ac4150be8dae84ccc9e16a363253b037dc5269afbc8c7e,bc833f72404c9ab5b10d56d7a47c66ab23f2c19d86a15f00ecb53e5dffd678b6,be0ccc7d9f5094c55e7bfd6a0d5d32424e068949dcec56b16f3a27564f53b480
363,0,True,b730a90bbb8f59d53cf93578ff6cd6d795445b84f603ef279fcd361ab57a562e,bc833f72404c9ab5b10d56d7a47c66ab23f2c19d86a15f00ecb53e5dffd678b6,3a2c332a130edecd79942fabebf8ad28f27bb48078a855aea7460984064dead2
364,0,True,d8ffe6fc81b62e87092d53e1563c36b6f98d6e4db5b1b3073495bccf284f46dd,bc833f72404c9ab5b10d56d7a47c66ab23f2c19d86a15f00ecb53e5dffd678b6,3cd2b1b6abd36888821933b5961b8597f81f9f9908372be1f85d17d77ce3eba2
