day,date,scenario,planned_cost,up_cost,down_cost,emergency_cost,total_cost,emergency_kwh,throughput_kwh,initial_soc,final_soc,seconds
31,2025-02-01,4-3,17223.30989297616,0.0,0.0,0.0,17223.30989297616,0.0,39547.58403823376,1522.7387288211346,2308.483330415348,0.28161737509071827
32,2025-02-02,4-3,48942.28783282664,8331.434606039586,0.0,7343.068307702159,64616.7907465684,1351.2531924760979,44821.006941255764,2308.483330415348,1200.0,0.21161770808976144
33,2025-02-03,4-3,61250.39853125902,0.0,0.0,0.0,61250.39853125902,0.0,44419.6600342213,1200.0,2110.5589837571342,0.23474216694012284
34,2025-02-04,4-3,62392.81063747591,353.93279566505083,0.0,317.32922453713996,63064.0726576781,142.59328281832774,46636.351946306735,2110.5589837571342,1260.8526691646107,0.2421927920076996
35,2025-02-05,4-3,52920.48572816923,8892.674746998942,0.0,1208.754342669548,63021.91481783772,241.08986311419238,46505.04198914757,1260.8526691646107,1551.0620983636043,0.2519044999498874
36,2025-02-06,4-3,60281.633439790974,526.9897154089771,0.0,587.9558636652525,61396.57901886522,99.43796878688968,47675.52923570538,1551.0620983636043,1514.5392788492563,0.2240214169723913
37,2025-02-07,4-3,16197.28035493714,0.0,0.0,0.0,16197.280354937138,0.0,36372.36292620787,1514.5392788492563,1850.1507174471915,0.22714487498160452
38,2025-02-08,4-3,12681.331541359046,3460.5245916492104,0.0,152.33790766630187,16294.194040674556,31.53288070729797,42379.29796201202,1850.1507174471915,1426.2285168765359,0.22349354205653071
39,2025-02-09,4-3,55524.06367794165,3823.34148476083,0.0,26.78697129611777,59374.1921339986,5.223673475109166,43425.63500040041,1426.2285168765359,1272.2316746231172,0.24928320804610848
40,2025-02-10,4-3,50701.07276776212,1553.4572682905793,0.0,0.0,52254.5300360527,0.0,41952.38452005838,1272.2316746231172,1256.8774350770047,0.26951479201670736
41,2025-02-11,4-3,51311.323438079016,1585.219104706324,0.0,4333.369128720143,57229.91167150549,789.1490052490484,45235.417225779085,1256.8774350770047,1546.6619335426672,0.23910308291669935
42,2025-02-12,4-3,53633.69062045484,280.1792439409056,0.0,0.0,53913.86986439574,0.0,44232.18883384373,1546.6619335426672,1775.9957393882692,0.24129145895130932
43,2025-02-13,4-3,46705.73906341723,3646.1680903242095,0.0,726.543567903627,51078.45072164507,125.45797674920979,41616.385870504564,1775.9957393882692,1271.124859806574,0.2284699169686064
44,2025-02-14,4-3,13672.995399948944,1873.8175683613354,0.0,0.0,15546.812968310282,0.0,40191.93338091599,1271.124859806574,1955.14073073566,0.21045708295423537
45,2025-02-15,4-3,14325.261249354835,644.9333191724711,0.0,0.0,14970.194568527306,0.0,40236.16556043735,1955.14073073566,1298.9787271750856,0.21197766601108015
46,2025-02-16,4-3,51975.43778755312,925.3094065210091,0.0,1933.5838967341285,54834.33109080825,372.4997147399726,45158.19634255121,1298.9787271750856,1437.7497295282924,0.22406616702210158
47,2025-02-17,4-3,52371.149282371465,1845.3426717190318,0.0,0.0,54216.491954090496,0.0,40864.81893686235,1437.7497295282924,1877.142550299663,0.23343633394688368
48,2025-02-18,4-3,43761.07098849217,8965.285172918944,0.0,0.0,52726.3561614111,0.0,40566.85075529139,1877.142550299663,1589.4136285566726,0.22448595892637968
49,2025-02-19,4-3,45270.433617988645,6310.166375716843,0.0,3184.1209152538186,54764.7209089593,714.018735944952,42433.33885859247,1589.4136285566726,1200.0,0.23273541708476841
50,2025-02-20,4-3,48608.78064922717,1421.8746597311397,0.0,20.338056123526886,50050.99336508184,3.6249988634750707,42235.62320965709,1200.0,1513.4680279013128,0.21725741599220783
51,2025-02-21,4-3,13637.412399155637,1811.1475486031386,0.0,0.0,15448.559947758775,0.0,38901.0979948227,1513.4680279013128,2024.2191828173875,0.20474591699894518
52,2025-02-22,4-3,13342.337929203939,1900.2600526069427,0.0,0.0,15242.597981810883,0.0,37079.864208607745,2024.2191828173875,1806.0108786758894,0.20852920797187835
53,2025-02-23,4-3,45126.429810342524,5011.415243235742,0.0,778.3320043759419,50916.177057954206,224.53226651750697,44240.5935506987,1806.0108786758894,1200.0,0.22167458396870643
54,2025-02-24,4-3,47192.738985090946,967.4427482934027,0.0,0.0,48160.18173338435,0.0,43385.44387305605,1200.0,1618.6214784243657,0.23637916590087116
55,2025-02-25,4-3,45116.79382677738,575.7119520305997,0.0,563.6853717549905,46256.191150562976,159.318452608909,38683.12135317673,1618.6214784243657,1261.4133486196124,0.21422712493222207
56,2025-02-26,4-3,41437.89583558182,9788.27662226877,0.0,0.0,51226.1724578506,0.0,43976.38314814753,1261.4133486196124,2066.2917671763853,0.21858391701243818
57,2025-02-27,4-3,41141.784448157014,5233.652342757918,0.0,554.8175998129057,46930.25439072784,110.36928749623075,43289.90467801533,2066.2917671763853,1353.2396269409298,0.2156852079788223
58,2025-02-28,4-3,13223.148408494537,553.5631384880076,0.0,0.0,13776.711546982544,0.0,36928.19298665273,1353.2396269409298,1561.198636685967,0.21095474995672703
59,2025-03-01,4-3,12925.42350143121,475.14362115853214,0.0,224.05090533934424,13624.618027929086,58.98114045556315,36198.203374163604,1561.198636685967,1200.0,0.20980925008188933
60,2025-03-02,4-3,45902.380594840244,6967.580025279975,0.0,0.0,52869.960620120226,0.0,42681.00236523809,1200.0,1549.123108150864,0.2209365830058232
61,2025-03-03,4-3,46308.22089094004,4259.582578576324,0.0,1043.3949354262518,51611.198404942625,285.087757449619,45725.271345213776,1549.123108150864,1200.0,0.2273708750726655
62,2025-03-04,4-3,41887.789656310786,7714.436104117303,0.0,12.31665108070646,49614.542411508795,6.183488152838418,40585.316717977235,1200.0,1200.0,0.23076170892454684
63,2025-03-05,4-3,45080.081800444765,82.06757507196187,0.0,84.95005485531621,45247.09943037205,36.75105120281904,42031.840817169315,1200.0,1200.0,0.24734170793090016
64,2025-03-06,4-3,39605.416327592684,6543.118777820061,0.0,0.0,46148.53510541274,0.0,39663.9283981837,1200.0,1351.7914983784121,0.2287309169769287
65,2025-03-07,4-3,12740.580534762597,101.03086917970714,0.0,0.0,12841.611403942305,0.0,32368.872104609924,1351.7914983784121,1782.2289880181147,0.22355858399532735
66,2025-03-08,4-3,11193.359990604411,1429.3895852705944,0.0,409.13719574394054,13031.886771618947,117.24094192149583,33050.37492805712,1782.2289880181147,1212.3487444843618,0.22651525004766881
67,2025-03-09,4-3,42825.325535848446,1182.0780943841287,0.0,135.0500001405281,44142.4536303731,26.559706593487963,47282.42942286382,1212.3487444843618,1415.5096605225342,0.23552391701377928
68,2025-03-10,4-3,41562.03178001416,6666.417020167497,0.0,0.0,48228.44880018165,0.0,42362.585586945104,1415.5096605225342,1457.1898962577177,0.24233333300799131
69,2025-03-11,4-3,36642.31509141665,9078.343046225888,0.0,0.0,45720.658137642546,0.0,44688.95435237435,1457.1898962577177,1781.3125479153912,0.23937258403748274
70,2025-03-12,4-3,40873.72520618992,703.0253331837337,0.0,0.0,41576.750539373665,0.0,42413.19682191941,1781.3125479153912,1555.9979236885547,0.22520899993833154
71,2025-03-13,4-3,40745.658895345085,6436.124510072954,0.0,0.0,47181.783405418035,0.0,43555.192480740625,1555.9979236885547,1409.8056315716233,0.22717441606801003
72,2025-03-14,4-3,11717.443557429411,833.865300534182,0.0,0.0,12551.308857963593,0.0,30084.05484350476,1409.8056315716233,2044.290136440247,0.21958354103844613
73,2025-03-15,4-3,11558.629402705072,555.8329047002455,0.0,134.55981670294932,12249.022124108265,36.3575877179681,34849.78315154852,2044.290136440247,1216.4615607117544,0.22749083302915096
74,2025-03-16,4-3,38942.265963775266,4039.088593637151,0.0,8.081099999999934,42989.43565741241,1.6399999999999864,42499.25189626263,1216.4615607117544,1757.5217462550613,0.23304629104677588
75,2025-03-17,4-3,36014.877833564366,1574.2730400317087,0.0,0.0,37589.150873596074,0.0,38903.71183883508,1757.5217462550613,1604.317377517626,0.2314842090709135
76,2025-03-18,4-3,42547.164449414006,64.4574036508319,0.0,0.0,42611.62185306485,0.0,38533.23429681088,1604.317377517626,1566.9287238267466,0.23752225004136562
77,2025-03-19,4-3,34918.540876178085,5681.80182204473,0.0,0.0,40600.34269822281,0.0,42719.94921404621,1566.9287238267466,1947.9534471359686,0.23293537506833673
78,2025-03-20,4-3,38898.24186315753,2979.3919101248157,0.0,2202.362598444268,44079.996371726615,424.1338634937408,36693.39415077056,1947.9534471359686,1426.1017267005805,0.23447270796168596
79,2025-03-21,4-3,11457.302903896805,0.0,0.0,0.0,11457.302903896805,0.0,32870.31413171654,1426.1017267005805,1507.814555718463,0.2143734999699518
80,2025-03-22,4-3,11706.312338116319,113.70062660295322,0.0,0.0,11820.012964719273,0.0,31903.665789035498,1507.814555718463,1763.8922833519748,0.21828233392443508
81,2025-03-23,4-3,39471.24633453375,636.8756176248352,0.0,0.0,40108.12195215859,0.0,38304.24115165802,1763.8922833519748,1457.727333540404,0.24331645900383592
82,2025-03-24,4-3,35230.2875090352,3132.535581935028,0.0,0.0,38362.82309097023,0.0,38754.088998978186,1457.727333540404,1485.6687429354613,0.23338845802936703
83,2025-03-25,4-3,40481.64141153751,509.36347826971064,0.0,314.01277808100895,41305.01766788823,61.462669422785076,42556.91174642613,1485.6687429354613,1539.2211742404916,0.24023783300071955
84,2025-03-26,4-3,35904.28551939049,733.528130308501,0.0,0.0,36637.81364969899,0.0,40424.62164598597,1539.2211742404916,1671.5398711821022,0.246555499965325
85,2025-03-27,4-3,36394.31747267468,1353.1495570254542,0.0,0.0,37747.467029700136,0.0,37217.88419300699,1671.5398711821022,1428.4050207394564,0.23577037500217557
86,2025-03-28,4-3,11402.882885997411,145.77650576247575,0.0,0.0,11548.659391759888,0.0,31316.185692813473,1428.4050207394564,1496.3564235896304,0.2179756669793278
87,2025-03-29,4-3,10508.682738424328,1058.7159365134617,0.0,85.37967217658881,11652.778347114378,24.01707117858261,35640.93069313874,1496.3564235896304,1252.501722975052,0.21611295791808516
88,2025-03-30,4-3,36057.40872017622,0.0,0.0,0.0,36057.40872017622,0.0,39438.06699031048,1252.501722975052,1584.5440595764064,0.24111312499735504
89,2025-03-31,4-3,32526.984790580384,5274.235695665102,0.0,0.0,37801.22048624549,0.0,40460.49130844818,1584.5440595764064,1796.8872697575816,0.2409942919621244
90,2025-04-01,4-3,39196.57682949315,1170.3445619010076,0.0,42.21819283753574,40409.139584231685,10.533481246890155,35341.18353642097,1796.8872697575816,1501.9918505137332,0.23662687500473112
91,2025-04-02,4-3,34851.45912540546,5433.305070044042,0.0,821.5133513330024,41106.27754678251,123.38740632817701,38549.50043749099,1501.9918505137332,1412.583816402289,0.24624483298975974
92,2025-04-03,4-3,39324.79082947738,34.94387869332685,0.0,0.0,39359.73470817071,0.0,40294.26501536185,1412.583816402289,1406.6709976495895,0.2355577499838546
93,2025-04-04,4-3,10089.752237149009,408.12543270755214,0.0,0.0,10497.87766985656,0.0,30797.48179675932,1406.6709976495895,1319.254830273011,0.22915712499525398
94,2025-04-05,4-3,10053.188651252072,994.5584530788935,0.0,46.20340199203531,11093.950506323003,27.500804500337722,27473.203332287503,1319.254830273011,1200.0,0.23241920804139227
95,2025-04-06,4-3,34759.78510386318,1069.57580201039,0.0,1224.9027782466826,37054.263684120255,218.3630350397981,40749.89261316917,1200.0,1362.5262441278546,0.22304129204712808
96,2025-04-07,4-3,31197.653724665448,2777.8504581655498,0.0,730.6708539695986,34706.1750368006,229.54899064851136,39381.26163130742,1362.5262441278546,1200.0,0.21835129102692008
97,2025-04-08,4-3,36869.45546153073,511.7538397736568,0.0,0.0,37381.20930130439,0.0,38304.07980613217,1200.0,1260.9286029596478,0.2244225419126451
98,2025-04-09,4-3,33244.31253369406,5886.742995042638,0.0,0.0,39131.05552873669,0.0,38885.47442165222,1260.9286029596478,1335.1073520211846,0.22302004205994308
99,2025-04-10,4-3,34624.12021147097,1115.736691677552,0.0,933.2586297827618,36673.11553293128,192.2550090019132,40412.08722870988,1335.1073520211846,1383.0186006231775,0.22780362505000085
100,2025-04-11,4-3,9667.083461891143,865.4301959902784,0.0,161.57700837009236,10694.090666251517,114.91726968775306,28057.035959493,1383.0186006231775,1200.0,0.20372695894911885
101,2025-04-12,4-3,10096.186682803407,413.01694201010866,0.0,0.0,10509.203624813515,0.0,26017.592079500675,1200.0,1516.5893472128241,0.22258670895826072
102,2025-04-13,4-3,31557.300149503564,4335.041550104634,0.0,0.0,35892.3416996082,0.0,38057.25882598009,1516.5893472128241,1490.5788144546618,0.22561345901340246
103,2025-04-14,4-3,33119.543622040685,0.0,0.0,741.1143881616531,33860.65801020234,124.0972234481697,39978.61144543448,1490.5788144546618,1426.912652548351,0.22896591597236693
104,2025-04-15,4-3,29809.184629357744,2925.8871165459464,0.0,543.237520858869,33278.30926676256,108.79005666732684,37708.944674906816,1426.912652548351,1498.0007874233322,0.21976270899176598
105,2025-04-16,4-3,31503.36116228932,5006.184153475859,0.0,529.9140322077108,37039.45934797289,188.69016499891458,37378.736395343585,1498.0007874233322,1200.0,0.2457375000230968
106,2025-04-17,4-3,32437.052605681165,1555.5390626422034,0.0,330.9259974298859,34323.51766575326,51.1675993974918,37125.28329869872,1200.0,1406.2000959883367,0.22656416590325534
107,2025-04-18,4-3,9397.524072084057,540.0479348240433,0.0,0.0,9937.572006908102,0.0,28939.79641303969,1406.2000959883367,1409.9487129600363,0.2202629999956116
108,2025-04-19,4-3,9213.138383334935,555.1655245924246,0.0,1095.7010869241874,10864.004994851548,303.7568286388463,31851.634160662165,1409.9487129600363,1200.0,0.22014724998734891
109,2025-04-20,4-3,30076.55383404213,4555.798790165225,0.0,623.553635123855,35255.90625933121,123.73123066643939,38416.75939911034,1200.0,1360.8132355966868,0.227274207980372
110,2025-04-21,4-3,32611.13959362219,82.25961688708702,0.0,184.67882405022445,32878.0780345595,47.01097469078769,37227.2633936508,1360.8132355966868,1219.657771938344,0.23249433399178088
111,2025-04-22,4-3,29661.915490645606,4643.488514522736,0.0,0.0,34305.40400516834,0.0,38485.481621851715,1219.657771938344,1265.1745155680824,0.2198479169746861
112,2025-04-23,4-3,29629.37638179044,4564.319918109217,0.0,0.0,34193.69629989966,0.0,35728.710966248924,1265.1745155680824,1530.559985954587,0.22208566591143608
113,2025-04-24,4-3,30004.655917244898,1640.755184525262,0.0,190.62725343514666,31836.038355205303,44.50282729528009,34157.073663862146,1530.559985954587,1281.470754874253,0.21735479100607336
114,2025-04-25,4-3,9232.254823135452,129.28096335733005,0.0,0.0,9361.535786492783,0.0,25882.334464972133,1281.470754874253,1394.5218430947184,0.20733387500513345
115,2025-04-26,4-3,9280.044368375793,104.56461719042832,0.0,631.1493160195391,10015.75830158576,231.70744859040866,26689.846121194136,1394.5218430947184,1200.0,0.20544345793314278
116,2025-04-27,4-3,28894.55256459915,4016.3855287422707,0.0,0.0,32910.93809334142,0.0,35786.48596125862,1200.0,1385.2186764246278,0.21226504200603813
117,2025-04-28,4-3,36654.315991084964,177.82606606945058,0.0,471.36730207995885,37303.50935923437,102.499548581901,36402.23280648483,1385.2186764246278,1301.1920472318354,0.23812187497969717
118,2025-04-29,4-3,28662.95960516904,2847.218556866235,0.0,997.9575852296024,32508.13574726488,150.79443717582387,31598.83743110653,1301.1920472318354,1422.9478330110571,0.21650845801923424
119,2025-04-30,4-3,29063.051817170366,1046.274972773297,0.0,1124.69758068493,31234.02437062859,252.67170561015845,31679.952861968493,1422.9478330110571,1200.0,0.21330245898570865
120,2025-05-01,4-3,30674.0274084454,4837.0983867941495,0.0,8613.952638342766,44125.07843358231,1771.9710167811127,36730.97891956927,1200.0,1200.0,0.2196080000139773
121,2025-05-02,4-3,10820.166702155453,923.311319218046,0.0,3192.165774222747,14935.643795596246,789.5588481558294,30042.295583437575,1200.0,1200.0,0.2043738749343902
122,2025-05-03,4-3,10276.422233471538,723.1773228147163,0.0,4537.98186599485,15537.581422281102,1150.8894761544311,29839.28984947232,1200.0,1200.0,0.20918254205025733
123,2025-05-04,4-3,32180.87375973897,2009.044986501735,0.0,4594.687188107827,38784.60593434854,913.6775213911397,33525.58477411916,1200.0,1200.0,0.21913025004323572
124,2025-05-05,4-3,37068.73755666013,144.21252131106434,0.0,2034.2571126414823,39247.20719061268,425.1509439954564,35257.38483037228,1200.0,1200.0,0.2198109170421958
125,2025-05-06,4-3,31249.394343181782,5243.596397572126,0.0,2920.9902956780165,39413.98103643193,737.1097838235829,39126.85848273907,1200.0,1260.93072737266,0.22061187494546175
126,2025-05-07,4-3,35297.230399353444,1954.0108279882054,0.0,429.4232632844788,37680.66449062613,62.63466500648758,37046.70597391551,1260.93072737266,1628.2034192116776,0.22648208297323436
127,2025-05-08,4-3,36419.29833085113,1562.3518602914214,0.0,0.0,37981.650191142544,0.0,35355.41047230413,1628.2034192116776,2178.0376160420487,0.24589070805814117
128,2025-05-09,4-3,11079.378891693317,335.19931462929935,0.0,0.0,11414.578206322618,0.0,27736.73362185999,2178.0376160420487,1921.1576892837131,0.22014016704633832
129,2025-05-10,4-3,10821.482196100831,793.5423455988384,0.0,0.0,11615.02454169967,0.0,27386.153737924033,1921.1576892837131,1320.2304159954765,0.2270748750306666
130,2025-05-11,4-3,35099.31012829844,1722.5805226194761,0.0,272.2482771666657,37094.13892808458,41.18071666666651,34713.63288700543,1320.2304159954765,1878.7732158257982,0.25777795899193734
131,2025-05-12,4-3,32251.73139820266,4196.562594557196,0.0,0.0,36448.293992759856,0.0,33000.649233248296,1878.7732158257982,2629.8294643778013,0.2355517919640988
132,2025-05-13,4-3,34469.10206623729,1462.8804539830894,0.0,0.0,35931.98252022038,0.0,31436.70083811419,2629.8294643778013,2310.080274626745,0.24271020793821663
133,2025-05-14,4-3,33705.29240565495,1840.9033535840815,0.0,0.0,35546.19575923904,0.0,31968.749410823755,2310.080274626745,1425.0663334639114,0.2474465830018744
134,2025-05-15,4-3,34592.40743176695,908.2745812347935,0.0,0.0,35500.682013001744,0.0,35157.08497696955,1425.0663334639114,2154.1586980001925,0.229363749967888
135,2025-05-16,4-3,10702.188616722487,462.34696944359894,0.0,97.32607576838988,11261.861661934476,57.7191388139441,26804.87023176391,2154.1586980001925,1956.8002902544079,0.2151045419741422
136,2025-05-17,4-3,10778.40089034782,849.8178085483507,0.0,0.0,11628.218698896171,0.0,26639.689241602926,1956.8002902544079,1714.4672950617846,0.2119752080179751
137,2025-05-18,4-3,34797.09446328532,10.1564528552448,0.0,0.0,34807.25091614056,0.0,35519.835435804715,1714.4672950617846,1644.3723312430018,0.2381538749905303
138,2025-05-19,4-3,30818.63157603052,1845.3072965892745,0.0,550.8294608333331,33214.76833345313,79.23649999999998,33400.022175309685,1644.3723312430018,1512.1906717204213,0.2212168750120327
139,2025-05-20,4-3,31689.240746233903,4963.41392853447,0.0,0.0,36652.654674768375,0.0,40277.73899518574,1512.1906717204213,1413.5408390229422,0.23188783298246562
140,2025-05-21,4-3,32595.773552918756,2496.615925361007,0.0,0.0,35092.389478279765,0.0,31058.806243637126,1413.5408390229422,2056.669069226075,0.23427770799025893
141,2025-05-22,4-3,32013.44334013766,1578.8431774559638,0.0,0.0,33592.28651759362,0.0,36525.10173523718,2056.669069226075,1895.992993207497,0.23985274997539818
142,2025-05-23,4-3,9806.109329156261,1286.121574814112,0.0,532.4560115008892,11624.686915471262,289.25649246493066,24499.814488999727,1895.992993207497,1940.3831797774512,0.2352997079724446
143,2025-05-24,4-3,10772.127330451018,53.9180101257795,0.0,0.0,10826.045340576797,0.0,26819.544806607155,1940.3831797774512,1847.0412726196435,0.23066791705787182
144,2025-05-25,4-3,31803.985213116932,2474.5520275806202,0.0,0.0,34278.53724069755,0.0,31992.334541403536,1847.0412726196435,2240.4408362435547,0.26866704202257097
145,2025-05-26,4-3,31669.233855763574,5499.93360975512,0.0,0.0,37169.167465518694,0.0,35027.98527353245,2240.4408362435547,2127.6512175751036,0.2630884170066565
146,2025-05-27,4-3,30755.222370782074,986.8875561838237,0.0,2444.2433302494496,34186.35325721535,475.0799994640822,31942.88156907424,2127.6512175751036,1200.0,0.2780362500343472
147,2025-05-28,4-3,32013.92428837064,3390.154107206873,0.0,0.0,35404.07839557752,0.0,34945.17605289686,1200.0,1869.1511446520133,0.2840798340039328
148,2025-05-29,4-3,32121.692368259424,4984.53178468033,0.0,119.8044217333329,37226.02857467308,17.81743333333327,34499.42772623858,1869.1511446520133,2001.5733763266321,0.2701909589814022
149,2025-05-30,4-3,11001.741187397505,532.8081702641753,0.0,0.0,11534.549357661681,0.0,26718.827267746303,2001.5733763266321,2526.8771983685397,0.26298700005281717
150,2025-05-31,4-3,10683.951873911392,272.0510938180837,0.0,236.295260373016,11192.298228102492,130.38969622522288,25910.264626814387,2526.8771983685397,1795.9475649480446,0.27347324998117983
151,2025-06-01,4-3,45019.366758379794,6125.171784954081,0.0,8006.789957349455,59151.32850068332,1885.5179110176316,42613.21526200576,1795.9475649480446,1200.0,0.30430908396374434
152,2025-06-02,4-3,50067.407823854905,3398.132578071073,0.0,330.3958040111604,53795.93620593714,116.5705023152666,40773.11372296543,1200.0,1200.0,0.30658641597256064
153,2025-06-03,4-3,45944.29873954579,4347.699558988825,0.0,403.6251087312138,50695.62340726583,72.9060948301276,43249.720964303095,1200.0,1364.7573483218216,0.29678983404301107
154,2025-06-04,4-3,53896.926823292335,216.86974119508784,0.0,3762.277392957377,57876.0739574448,899.6160904735049,36036.481688600106,1364.7573483218216,1200.0,0.2894866249989718
155,2025-06-05,4-3,45776.57132573143,5313.465424775761,0.0,6680.006083106498,57770.04283361368,1537.6676924943845,41861.93165984248,1200.0,1200.0,0.2898397910175845
156,2025-06-06,4-3,16741.63644388267,3625.9308014732705,0.0,0.0,20367.567245355945,0.0,28330.563898761728,1200.0,1965.1252635749102,0.26955712505150586
157,2025-06-07,4-3,14228.230112539259,3257.5509488136586,0.0,3194.776368263164,20680.557429616085,669.1700872743916,32308.19301568983,1965.1252635749102,1200.0,0.26365295809227973
158,2025-06-08,4-3,48916.94273908048,1505.0278728760397,0.0,0.0,50421.97061195652,0.0,32726.352054225383,1200.0,3640.0009498451864,0.3033923750044778
159,2025-06-09,4-3,52809.69170398154,175.65475138135298,0.0,0.0,52985.34645536289,0.0,38258.57798567851,3640.0009498451864,3145.6644162367106,0.27231837494764477
160,2025-06-10,4-3,45066.22433662366,9290.00328224351,0.0,0.0,54356.22761886717,0.0,38493.10324086041,3145.6644162367106,2798.6552468621217,0.28770170791540295
161,2025-06-11,4-3,52154.957708968046,6736.647373520311,0.0,0.0,58891.60508248836,0.0,46535.69689088567,2798.6552468621217,4049.683426357319,0.3071673340164125
162,2025-06-12,4-3,50358.89476118231,2613.7688931020307,0.0,0.0,52972.66365428434,0.0,37492.876368536454,4049.683426357319,2904.5206576654973,0.2969496250152588
163,2025-06-13,4-3,17982.318640473968,1.1936555255386634,0.0,0.0,17983.512295999506,0.0,27051.827292329606,2904.5206576654973,2623.3129345428,0.27628645801451057
164,2025-06-14,4-3,16483.43587741982,598.8406048596789,0.0,359.86899806415073,17442.14548034365,117.7931484231439,26148.73976054195,2623.3129345428,1943.4926177944535,0.2862143749371171
165,2025-06-15,4-3,43546.108863475165,11063.631917776016,0.0,0.0,54609.74078125118,0.0,40944.97814951342,1943.4926177944535,3149.1374873008126,0.30078629206400365
166,2025-06-16,4-3,48595.99299199524,6353.592275682637,0.0,0.0,54949.585267677874,0.0,42430.56286383891,3149.1374873008126,3074.661376382488,0.30498758400790393
167,2025-06-17,4-3,51141.366186921696,3642.5467569601683,0.0,0.0,54783.91294388186,0.0,41330.05015075358,3074.661376382488,2593.194020559397,0.2981974580325186
168,2025-06-18,4-3,48189.826121542865,3894.754208924076,0.0,0.0,52084.58033046694,0.0,40701.946164651024,2593.194020559397,2101.681993033467,0.28405450005084276
169,2025-06-19,4-3,42473.412594102745,8715.51326379517,0.0,278.1172451727789,51467.04310307069,40.43738841890968,39314.8762364678,2101.681993033467,1959.7668705903939,0.31336241704411805
170,2025-06-20,4-3,17864.106064270978,687.0672469596068,0.0,0.0,18551.173311230585,0.0,22399.095644612637,1959.7668705903939,3347.794227258789,0.25208354101050645
171,2025-06-21,4-3,14174.270875038419,841.3369052930711,0.0,526.0932242165077,15541.701004547996,176.8896542507676,30033.852902485643,3347.794227258789,1882.048327319084,0.25992795801721513
172,2025-06-22,4-3,43987.567963876514,6717.133211851601,0.0,0.0,50704.701175728114,0.0,37298.36813607499,1882.048327319084,2788.5861962234044,0.2979525000555441
173,2025-06-23,4-3,42647.23699810476,7054.892817941622,0.0,0.0,49702.12981604638,0.0,35788.6423794171,2788.5861962234044,2194.3224194395007,0.27556016691960394
174,2025-06-24,4-3,52352.654599439295,4515.826111241306,0.0,375.3976501242586,57243.878360804854,80.35052442728137,45159.626306749386,2194.3224194395007,2365.7504987118373,0.2931070000631735
175,2025-06-25,4-3,44543.85363870676,6829.860354731492,0.0,90.17620024937389,51463.89019368762,12.988781151726585,36270.32674304389,2365.7504987118373,2281.742796501739,0.314750749967061
176,2025-06-26,4-3,42974.13008472555,5828.967143318872,0.0,379.9109207103626,49183.00814875479,54.1676787795642,38539.987601107605,2281.742796501739,2305.321949633373,0.2786591670010239
177,2025-06-27,4-3,15913.146163068974,178.6903535186717,0.0,21.69091236436153,16113.527428952006,4.064251895139879,24875.483258737564,2305.321949633373,2053.52837638836,0.26304879202507436
178,2025-06-28,4-3,13206.266544024656,1997.1979660418299,0.0,1682.6223821351814,16886.086892201667,443.996100986738,26808.464177841204,2053.52837638836,1430.0942771811838,0.27101920801214874
179,2025-06-29,4-3,42606.728396563856,11745.85857214044,0.0,0.0,54352.586968704294,0.0,40260.09841497245,1430.0942771811838,3908.4960984627414,0.29433170799165964
180,2025-06-30,4-3,44491.803591559576,3729.4651446373027,0.0,329.41085120555687,48550.67958740244,47.53144999642461,37851.881986642584,3908.4960984627414,1449.1063364073273,0.2906972080236301
181,2025-07-01,4-3,44905.80690075838,23796.176527716063,0.0,11225.91849207454,79927.90192054899,2570.4582495978057,36313.84259177625,1449.1063364073273,1200.0,0.3243927079020068
182,2025-07-02,4-3,52758.748467299454,7428.185498138847,0.0,618.7542038698655,60805.68816930817,72.45518820345342,33653.48257037278,1200.0,2325.7591324572695,0.2995014580665156
183,2025-07-03,4-3,56929.20524636776,8345.783584169518,0.0,418.49474031270836,65693.48357084999,48.04827912335702,38637.84802092121,2325.7591324572695,2019.655298965272,0.2928614590782672
184,2025-07-04,4-3,21998.610586668707,2287.023683760843,0.0,465.3609662266957,24750.995236656247,154.17801666722346,28822.206377206647,2019.655298965272,1888.5282799335823,0.2759636250557378
185,2025-07-05,4-3,19092.077853083487,4809.003871389688,0.0,5575.309355065217,29476.391079538393,1446.5381731310342,27004.63963053921,1888.5282799335823,1200.0,0.27484445890877396
186,2025-07-06,4-3,56588.54569622624,8614.551075896823,0.0,3231.072946097377,68434.16971822045,669.049847287562,44441.18729271595,1200.0,1200.0,0.29862983303610235
187,2025-07-07,4-3,56758.20312083124,1265.4356843772514,0.0,478.6898276010704,58502.328632809564,83.0550203338218,39967.8744358222,1200.0,1924.2692796383078,0.28175116691272706
188,2025-07-08,4-3,62034.76567509245,3809.71792902328,0.0,0.0,65844.48360411573,0.0,40684.32597219911,1924.2692796383078,4297.081168283397,0.3060179160675034
189,2025-07-09,4-3,58514.171612459366,3445.3912608724168,0.0,0.0,61959.56287333179,0.0,35979.82460229487,4297.081168283397,3276.3306989364605,0.3010563750285655
190,2025-07-10,4-3,53985.39885705432,6353.55061358257,0.0,153.3147057799739,60492.264176416866,17.93783851409546,41855.02927192408,3276.3306989364605,2526.0516126178845,0.2750582079170272
191,2025-07-11,4-3,28512.555839316065,341.2605038477371,0.0,0.0,28853.816343163802,0.0,26312.90564125166,2526.0516126178845,3690.0891561267467,0.23480929201468825
192,2025-07-12,4-3,21753.507091086805,1945.0339400749858,0.0,1148.15026802604,24846.69129918783,315.8682394978399,32487.84133547799,3690.0891561267467,1200.0,0.256286249961704
193,2025-07-13,4-3,55664.67941838559,2696.1106000375003,0.0,46.348238828724476,58407.13825725182,5.656363049636866,35888.5936719856,1200.0,2749.872899393205,0.29220575001090765
194,2025-07-14,4-3,52083.49437862649,5760.170027098103,0.0,0.0,57843.6644057246,0.0,34172.22081256683,2749.872899393205,2645.1023021186643,0.29472158302087337
195,2025-07-15,4-3,56396.62584065946,1534.917091898949,0.0,0.0,57931.542932558405,0.0,36498.046676258826,2645.1023021186643,2720.33320315981,0.3041708340169862
196,2025-07-16,4-3,54758.908357808876,3820.347250960172,0.0,150.03473474833768,58729.29034351738,17.93279564314082,35969.60092717052,2720.33320315981,3466.5711296458694,0.2984702499816194
197,2025-07-17,4-3,50907.441834827725,8807.706032643198,0.0,0.0,59715.14786747092,0.0,38386.53483772057,3466.5711296458694,2634.614998175927,0.2809336669743061
198,2025-07-18,4-3,25195.977818162333,287.83440774570965,0.0,0.0,25483.81222590805,0.0,24851.615085490717,2634.614998175927,2859.6183474248396,0.2678591669537127
199,2025-07-19,4-3,22237.702007847845,1057.3348097832784,0.0,1611.4511204580501,24906.487938089173,597.386169509047,28017.70070016102,2859.6183474248396,1200.0,0.2732192080002278
200,2025-07-20,4-3,55019.061890676276,4449.035413101488,0.0,0.0,59468.09730377776,0.0,38548.469618789226,1200.0,3377.7555359318276,0.2752745000179857
201,2025-07-21,4-3,55842.09699612792,4043.610768642701,0.0,0.0,59885.70776477062,0.0,39577.354026966146,3377.7555359318276,2611.7640710088363,0.2981887909118086
202,2025-07-22,4-3,51747.39507401708,8719.514081560417,0.0,0.0,60466.909155577494,0.0,42808.170569451424,2611.7640710088363,2095.3504030347285,0.2945504590170458
203,2025-07-23,4-3,61693.540679277015,946.7221280761818,0.0,4.425125459226419,62644.68793281242,0.517165366589893,37434.97298833039,2095.3504030347285,1721.6655249881799,0.2980374159524217
204,2025-07-24,4-3,56069.91800485701,1489.3144547769612,0.0,404.7298917106204,57963.96235134459,48.7538266229742,37695.04458396095,1721.6655249881799,2407.5789881843007,0.2810360419098288
205,2025-07-25,4-3,23511.00308630814,416.082428006573,0.0,0.0,23927.085514314713,0.0,24514.756937975624,2407.5789881843007,2327.1742948727356,0.2653022080194205
206,2025-07-26,4-3,21172.75711727783,1706.4381190444917,0.0,0.0,22879.195236322324,0.0,30148.007681537812,2327.1742948727356,1776.0587631588573,0.2647219999926165
207,2025-07-27,4-3,48655.26025196503,12069.722973104257,0.0,438.29073706830934,61163.273962137595,82.3177098029934,42557.3018607706,1776.0587631588573,1594.3130763168783,0.2921885419636965
208,2025-07-28,4-3,53980.07594867563,9180.433083761087,0.0,0.0,63160.50903243672,0.0,40476.10810993801,1594.3130763168783,1827.8745858795546,0.28619620902463794
209,2025-07-29,4-3,52087.535083356386,10702.286534898969,0.0,532.4151827401387,63322.23680099549,61.05464421392139,37462.91890837443,1827.8745858795546,2659.188185490535,0.32113379205111414
210,2025-07-30,4-3,48404.7738322231,13938.230563308305,0.0,17.2926485381376,62360.297044069535,2.06986037921331,39689.14724157031,2659.188185490535,2295.5786989175394,0.33241258398629725
211,2025-07-31,4-3,49817.954900589815,10926.180403420532,0.0,761.2589673578859,61505.39427136823,104.16635244989709,41465.27013928757,2295.5786989175394,1800.9192816450518,0.3669078340753913
212,2025-08-01,4-3,21927.911422196605,886.5324572229897,0.0,0.0,22814.443879419596,0.0,25952.89093430878,1800.9192816450518,1459.0822308350619,0.32126108300872147
213,2025-08-02,4-3,21221.50783317747,168.21643729173036,0.0,403.7210494024609,21793.44531987166,133.0291454660138,35340.60769763592,1459.0822308350619,1200.0,0.29245016700588167
214,2025-08-03,4-3,43870.2939945464,5211.515404756778,0.0,7351.4931892651975,56433.30258856838,1190.1770189005456,37646.96872291947,1200.0,1200.0,0.3272974999854341
215,2025-08-04,4-3,50109.91513107227,1609.8235817716281,0.0,0.0,51719.738712843886,0.0,36562.0768748214,1200.0,1779.8796827312851,0.3494812080170959
216,2025-08-05,4-3,45496.70972939143,3841.457032947532,0.0,3772.6770584953683,53110.84382083433,573.8938363239706,39981.730670932855,1779.8796827312851,1203.7879811994471,0.33313591696787626
217,2025-08-06,4-3,52104.64658934134,1789.2209638223806,0.0,1286.7798349636346,55180.647388127356,227.76150675116315,34918.32852596151,1203.7879811994471,1274.5481576334116,0.3446445829467848
218,2025-08-07,4-3,47702.4036359982,3348.260778109594,0.0,3720.239193681549,54770.90360778934,797.8393851894698,37528.61513019861,1274.5481576334116,1387.8284315214933,0.35564970900304615
219,2025-08-08,4-3,21222.18610862535,646.1111493218342,0.0,0.0,21868.297257947183,0.0,27557.761298575937,1387.8284315214933,1703.7644895944193,0.3317042920971289
220,2025-08-09,4-3,18827.45066124379,2979.206396562005,0.0,875.008966137683,22681.66602394348,276.6001730437463,28222.630551045288,1703.7644895944193,1407.6364199131062,0.3199975420720875
221,2025-08-10,4-3,48103.98554941379,3007.6289071334722,0.0,1159.01586737745,52270.63032392471,219.07781166437437,35617.586722720655,1407.6364199131062,1200.0,0.3445475830230862
222,2025-08-11,4-3,44102.45103693713,7312.416926095477,0.0,3752.0643022027066,55166.932265235315,507.6089084689287,35647.17695049192,1200.0,1398.3320666444006,0.3423271250212565
223,2025-08-12,4-3,48660.229354307885,5637.734333097934,0.0,70.82253204926812,54368.78621945508,8.75429764263788,35691.21243465842,1398.3320666444006,1800.325227104955,0.3346500829793513
224,2025-08-13,4-3,46398.49242391415,6120.950356880287,0.0,0.1959701710066321,52519.638750965445,0.022620207884415322,34592.95087899086,1800.325227104955,2049.5765834339873,0.3563796660164371
225,2025-08-14,4-3,46748.03204708414,4079.91389052438,0.0,2288.63665633894,53116.58259394746,355.23054202851074,37939.07550501102,2049.5765834339873,1200.0,0.32423308305442333
226,2025-08-15,4-3,21656.88714307499,325.57334834766766,0.0,0.0,21982.46049142266,0.0,26655.13868926764,1200.0,1838.484799952404,0.2809157910523936
227,2025-08-16,4-3,20833.63134088952,1400.7972879794715,0.0,1578.8764074740027,23813.305036342994,264.8754401095865,28037.75083223183,1838.484799952404,1597.6985146802597,0.28642841696273535
228,2025-08-17,4-3,45714.221079745104,5183.548139082068,0.0,413.89218810670843,51311.66140693388,50.58437768819556,36432.59542146987,1597.6985146802597,1608.0156271647697,0.2943797919433564
229,2025-08-18,4-3,49151.33340290669,1852.00648164401,0.0,626.9670580936443,51630.306942644354,73.91286532787046,38760.56084979501,1608.0156271647697,2189.9991667180634,0.26906725007575005
230,2025-08-19,4-3,46603.872779441954,2367.8651219440444,0.0,4019.4988220784085,52991.236723464404,568.0861726548599,33624.330957869584,2189.9991667180634,1207.2239452053195,0.2924372920533642
231,2025-08-20,4-3,51841.35051598297,4312.403207469175,0.0,2.183899013161102,56155.93762246531,0.2629619522168696,39935.020008969856,1207.2239452053195,1874.6107890943836,0.3140839170664549
232,2025-08-21,4-3,45347.56666417098,6417.896916816396,0.0,1706.05574434992,53471.51932533729,243.5853751176359,34915.37519562687,1874.6107890943836,1340.2718634491046,0.32667624996975064
233,2025-08-22,4-3,22953.321048795853,737.7030980703696,0.0,0.0,23691.024146866224,0.0,26098.20180438466,1340.2718634491046,2345.8181003533223,0.2823089580051601
234,2025-08-23,4-3,18540.20907865085,2700.3471709881387,0.0,832.5368465518159,22073.0930961908,296.1524931950333,29012.882472010933,2345.8181003533223,1200.0,0.27936420892365277
235,2025-08-24,4-3,49358.221167051175,1444.3973975463464,0.0,815.4924155616791,51618.110980159196,156.3345997777169,37255.90845548658,1200.0,1577.2337902854567,0.29540658299811184
236,2025-08-25,4-3,59904.3733185429,529.621389384498,0.0,263.7947319823748,60697.789439909786,31.46406631469165,37321.855785580745,1577.2337902854567,2121.885691256167,0.2973371249390766
237,2025-08-26,4-3,46905.99527999948,5497.725363749219,0.0,113.75624965553627,52517.47689340423,17.695992660462032,36777.94657352696,2121.885691256167,2188.16103295941,0.2954306669998914
238,2025-08-27,4-3,48229.37637890776,5763.157349914998,0.0,110.55449678933752,54103.08822561209,13.668953608968536,40045.372855481495,2188.16103295941,1750.7145160153364,0.2822955830488354
239,2025-08-28,4-3,45948.05314937176,10566.532336677863,0.0,176.74011060560866,56691.325596655224,20.94181965327823,38938.719745235736,1750.7145160153364,1529.4838314732901,0.31023262499365956
240,2025-08-29,4-3,21456.140059124657,449.86135036150904,0.0,0.0,21906.00140948617,0.0,28529.176985227437,1529.4838314732901,1836.8857404522018,0.29661604098509997
241,2025-08-30,4-3,21191.264797988166,1553.9166303984155,0.0,44.46400379866802,22789.645432185247,19.669986197154618,26783.275388595088,1836.8857404522018,1809.1934762876645,0.2840695410268381
242,2025-08-31,4-3,45646.820317497615,8312.028850914137,0.0,268.4962132874968,54227.345381699255,31.524740317893247,42344.03907990374,1809.1934762876645,1849.0680805161223,0.28865570900961757
243,2025-09-01,4-3,44651.771869756034,845.1312164268768,0.0,0.0,45496.90308618291,0.0,32071.994512553512,1849.0680805161223,4727.147069057311,0.29062462493311614
244,2025-09-02,4-3,34797.83670624869,2136.6327071082274,0.0,55.36263495768658,36989.8320483146,12.015764505195135,34830.64023508327,4727.147069057311,3181.9927590872608,0.2873046250315383
245,2025-09-03,4-3,38577.889794313116,1561.9943649517713,0.0,0.0,40139.88415926489,0.0,37090.3477616235,3181.9927590872608,2890.1986970089274,0.2904074580874294
246,2025-09-04,4-3,36341.272553748866,1857.4889370015474,0.0,687.8822849498606,38886.64377570028,134.35599270180762,36389.9121150997,2890.1986970089274,2712.628061590547,0.28147079108748585
247,2025-09-05,4-3,13827.21391543703,0.0,0.0,0.0,13827.21391543703,0.0,25023.09832563833,2712.628061590547,2052.798422552907,0.2754731670720503
248,2025-09-06,4-3,14334.667509637462,59.51532364189492,0.0,0.0,14394.182833279358,0.0,30470.376684844072,2052.798422552907,2558.5271172975313,0.2875133330235258
249,2025-09-07,4-3,32408.223630279084,6380.387284128168,0.0,0.0,38788.610914407254,0.0,35461.592028340834,2558.5271172975313,1749.0440896117484,0.2830588329816237
250,2025-09-08,4-3,32229.462207060038,10785.77572066786,0.0,5570.675259183174,48585.91318691107,1367.7613556918432,36979.89206352376,1749.0440896117484,1200.0,0.29453700000885874
251,2025-09-09,4-3,34476.23383213929,5942.970141364758,0.0,447.7511156598355,40866.955089163894,91.72185220773324,36122.91743916959,1200.0,1873.3724963659936,0.28683645906858146
252,2025-09-10,4-3,38336.266761247636,4260.310438961626,0.0,1249.6816746932534,43846.258874902516,433.50267112920073,38442.81174041936,1873.3724963659936,1200.0,0.297838291968219
253,2025-09-11,4-3,37445.07464753005,1421.5351708160442,0.0,5419.301759346434,44285.911577692525,1090.7645661227562,39516.7532361036,1200.0,1325.769940281815,0.2934434999478981
254,2025-09-12,4-3,11291.092778910624,4128.242971527923,0.0,253.1648436027657,15672.500594041316,136.10526942975125,26037.319463184045,1325.769940281815,1200.0,0.29041287500876933
255,2025-09-13,4-3,12441.982296768718,2362.868062638571,0.0,136.45960483236655,14941.309964239654,76.39096223646538,32862.311246390906,1200.0,1264.6892061794524,0.2705344579881057
256,2025-09-14,4-3,41451.41080763959,1601.1193990271508,0.0,0.0,43052.530206666735,0.0,38087.23303363989,1264.6892061794524,1623.8701503685447,0.26737074996344745
257,2025-09-15,4-3,35834.76696352156,3744.6458489704055,0.0,2718.3735597864406,42297.786372278395,506.2267445283945,41684.59857450329,1623.8701503685447,1306.6404609115539,0.26590141700580716
258,2025-09-16,4-3,42689.16220584054,2535.1385579282796,0.0,55.52179820000045,45279.82256196882,8.238266666666732,36483.04166809713,1306.6404609115539,1442.9914316498198,0.2632522500352934
259,2025-09-17,4-3,39740.36054050149,1649.5742500393437,0.0,0.0,41389.934790540836,0.0,37865.49158939448,1442.9914316498198,1375.0381298184413,0.25377762503921986
260,2025-09-18,4-3,35448.64039699035,7159.818738517477,0.0,1500.7343125627303,44109.19344807055,299.6644893037065,39229.87243838024,1375.0381298184413,1693.269140885534,0.2617462920024991
261,2025-09-19,4-3,12987.075561685759,2523.1291888811656,0.0,0.0,15510.204750566922,0.0,35104.16974376281,1693.269140885534,1698.620872509891,0.26990025001578033
262,2025-09-20,4-3,13011.190041329468,1019.9194687917425,0.0,681.7806798950429,14712.890190016256,227.3369079645833,34695.22656139134,1698.620872509891,1795.3112864857949,0.2771848749835044
263,2025-09-21,4-3,41049.543866235894,1347.3757409706238,0.0,84.07110649987672,42480.9907137064,19.938599905105352,34258.80425742731,1795.3112864857949,1574.8459149446435,0.29624366597272456
264,2025-09-22,4-3,41340.526764075315,1470.4906900905798,0.0,128.0136951833323,42939.031149349226,19.555899999999838,36962.60608116955,1574.8459149446435,1731.7495176064565,0.275088916067034
265,2025-09-23,4-3,41845.14384566166,2020.637555102612,0.0,66.27264135000013,43932.054042114265,10.234366666666688,39616.23166720911,1731.7495176064565,2185.820904100726,0.3026353750610724
266,2025-09-24,4-3,36517.45895894604,8261.389850448924,0.0,992.8878838254777,45771.73669322044,197.52819163694605,37514.68913653925,2185.820904100726,2060.8298305615403,0.3032510000048205
267,2025-09-25,4-3,40579.58552492695,2276.8204398052058,0.0,23.94854781177491,42880.35451254394,3.464527712372501,38045.056661150666,2060.8298305615403,1736.4859292274864,0.2963380831060931
268,2025-09-26,4-3,15161.316111610698,0.0,0.0,0.0,15161.316111610698,0.0,27879.813263678185,1736.4859292274864,2642.19841982152,0.3007483340334147
269,2025-09-27,4-3,11942.180542219694,3945.41322136267,0.0,1389.856162542156,17277.44992612452,317.0753187798008,31811.762393911322,2642.19841982152,1440.7120980819736,0.31848112493753433
270,2025-09-28,4-3,42046.82123417359,4189.539980984899,0.0,0.0,46236.36121515849,0.0,38882.56203285085,1440.7120980819736,2599.122693585129,0.289200457977131
271,2025-09-29,4-3,41999.79037125525,736.7845499667135,0.0,1734.290104982615,44470.865026204585,346.3282060161257,37443.74513937829,2599.122693585129,1755.2137430964472,0.27274158294312656
272,2025-09-30,4-3,42825.91803594098,4525.5533639429495,0.0,0.0,47351.47139988393,0.0,39660.57529307415,1755.2137430964472,2061.356789791496,0.26796237495727837
273,2025-10-01,4-3,37271.67120673461,120.84451070192597,0.0,0.0,37392.51571743654,0.0,37170.121605520864,2061.356789791496,3978.3546973845932,0.26556070905644447
274,2025-10-02,4-3,36110.86955960646,262.0166565601803,0.0,0.0,36372.88621616664,0.0,35642.2504813997,3978.3546973845932,2924.2460680382874,0.26011412497609854
275,2025-10-03,4-3,11087.094480943146,1356.852943884363,0.0,0.0,12443.947424827507,0.0,30930.981129551757,2924.2460680382874,3321.947818176066,0.26058141700923443
276,2025-10-04,4-3,13159.365944367513,0.0,0.0,0.0,13159.365944367513,0.0,29791.806777252306,3321.947818176066,3303.4779190477184,0.27511279203463346
277,2025-10-05,4-3,36216.93031444024,1341.1994727561305,0.0,0.0,37558.12978719637,0.0,34719.46415286772,3303.4779190477184,2820.895861281459,0.2915577080566436
278,2025-10-06,4-3,35215.792196279544,5189.344805197748,0.0,0.0,40405.1370014773,0.0,38562.31057959263,2820.895861281459,2885.0094149474567,0.28054058307316154
279,2025-10-07,4-3,36696.28616462744,3133.6510321206993,0.0,0.0,39829.93719674814,0.0,41105.477679807474,2885.0094149474567,3390.364049786992,0.2943160419818014
280,2025-10-08,4-3,32628.167671540352,4364.931061242101,0.0,2087.057510604684,39080.15624338714,360.2395033875526,42024.27051804014,3390.364049786992,1514.806613890029,0.3055234591010958
281,2025-10-09,4-3,40526.292700001904,875.1713202411802,0.0,57.38172405591202,41458.845744299,15.705959779912966,36171.46981052144,1514.806613890029,1389.7050705972451,0.2954754170496017
282,2025-10-10,4-3,12188.992975502082,505.95694680485417,0.0,0.0,12694.949922306936,0.0,33481.28393926657,1389.7050705972451,1710.038881518154,0.2734521250240505
283,2025-10-11,4-3,11373.82943713319,1400.7707928471068,0.0,1601.9937648091004,14376.593994789397,298.5756254996646,35940.86450965667,1710.038881518154,1612.3656230346946,0.2812442919239402
284,2025-10-12,4-3,34562.24562472376,5325.248365066341,0.0,595.1297618301165,40482.62375162022,102.99639345268963,41473.92886097434,1612.3656230346946,1410.3344993129008,0.288794833002612
285,2025-10-13,4-3,39227.291093211934,1600.0792968553512,0.0,0.0,40827.370390067284,0.0,44140.183348215534,1410.3344993129008,1533.241941742136,0.2930669590132311
286,2025-10-14,4-3,37316.72071065044,3408.7575760016553,0.0,1944.6684128851405,42670.14669953724,341.4620077974014,42947.348938187904,1533.241941742136,1200.0,0.28878312499728054
287,2025-10-15,4-3,38150.60674265478,4703.802617699847,0.0,0.0,42854.409360354635,0.0,43547.60794336214,1200.0,1885.5818817706754,0.293053416069597
288,2025-10-16,4-3,37185.11235046682,7628.3771029598365,0.0,0.0,44813.489453426664,0.0,42112.15308901251,1885.5818817706754,1878.5226552948025,0.29497745796106756
289,2025-10-17,4-3,11953.561834622597,1008.0747324972281,0.0,0.0,12961.636567119825,0.0,31526.58844642106,1878.5226552948025,1334.739440020429,0.2835907090920955
290,2025-10-18,4-3,12782.723370907343,557.3391725949593,0.0,0.0,13340.062543502303,0.0,34322.252580674576,1334.739440020429,1801.4418930121315,0.2802218330325559
291,2025-10-19,4-3,38098.72312138334,7555.933920338383,0.0,702.6726018176427,46357.32964353936,127.18164755239859,41835.688447928624,1801.4418930121315,1450.698097694743,0.2831753329373896
292,2025-10-20,4-3,40472.75611140152,4033.139196189283,0.0,0.0,44505.8953075908,0.0,41293.77753776492,1450.698097694743,1608.4455079730626,0.2997514579910785
293,2025-10-21,4-3,41635.138765414245,4870.1775030742565,0.0,0.0,46505.3162684885,0.0,44724.688715545795,1608.4455079730626,1669.3304449402474,0.31168087490368634
294,2025-10-22,4-3,41999.3269201911,3665.01430001979,0.0,0.0,45664.341220210896,0.0,48285.163635619785,1669.3304449402474,1451.3214347736082,0.29001458396669477
295,2025-10-23,4-3,46752.96019806643,2328.6248103673033,0.0,0.0,49081.585008433736,0.0,39712.86286585544,1451.3214347736082,1470.8226070078535,0.29660254204645753
296,2025-10-24,4-3,12740.455598906949,1509.7733770881632,0.0,0.0,14250.228975995113,0.0,34046.26019808614,1470.8226070078535,1977.187158643464,0.2547895419411361
297,2025-10-25,4-3,12577.024010609566,932.7655892670282,0.0,0.0,13509.789599876596,0.0,36972.05977525178,1977.187158643464,1411.9504247970704,0.2494913749396801
298,2025-10-26,4-3,42052.80944622324,2139.0065620517025,0.0,0.0,44191.81600827494,0.0,42168.62897445272,1411.9504247970704,1620.4920019556334,0.2641436669509858
299,2025-10-27,4-3,40220.23676777718,5519.117287941945,0.0,0.0,45739.35405571912,0.0,41355.77506350678,1620.4920019556334,1570.6815522950653,0.26511016697622836
300,2025-10-28,4-3,39353.474122244676,8180.222870706779,0.0,0.0,47533.696992951445,0.0,38955.08409350884,1570.6815522950653,1626.760495437689,0.2576450420310721
301,2025-10-29,4-3,41457.0910865263,8908.286424601687,0.0,0.0,50365.37751112799,0.0,42702.956277628604,1626.760495437689,1707.8606244222897,0.2636795419966802
302,2025-10-30,4-3,38609.53484754638,8222.038451209184,0.0,76.3399914980864,46907.91329025366,34.33576898437677,42390.83753767767,1707.8606244222897,1240.0907303837562,0.2667524580610916
303,2025-10-31,4-3,14572.507786134323,57.657406640001966,0.0,0.0,14630.165192774322,0.0,32018.944332713316,1240.0907303837562,2034.592727141883,0.2866502080578357
304,2025-11-01,4-3,12737.698998743093,780.7492898938531,0.0,0.0,13518.448288636948,0.0,31201.818722158958,2034.592727141883,1581.1298040448928,0.27934504207223654
305,2025-11-02,4-3,41032.66842250759,8857.581203561242,0.0,16.545032346287897,49906.79465841512,7.013578781809198,43958.93887741683,1581.1298040448928,1421.583269108678,0.30129979201592505
306,2025-11-03,4-3,48028.09193640153,812.988716345032,0.0,0.0,48841.08065274656,0.0,43986.21090344727,1421.583269108678,1741.1981153295276,0.301677625044249
307,2025-11-04,4-3,42349.396140455785,5862.718198890843,0.0,160.26007882499903,48372.374418171625,33.599549999999795,39069.895300649776,1741.1981153295276,1267.26670035142,0.2925335840554908
308,2025-11-05,4-3,51929.38364882405,398.8838997188748,0.0,0.0,52328.26754854293,0.0,41395.330201930876,1267.26670035142,1968.658475824066,0.3188844579271972
309,2025-11-06,4-3,45859.525835900626,6099.701009448168,0.0,0.0,51959.2268453488,0.0,41853.57476087984,1968.658475824066,1377.6259124684789,0.3013404159573838
310,2025-11-07,4-3,13386.11749537404,1147.4156712838262,0.0,137.94119014583603,14671.474356803703,26.575703717529336,34085.465898964656,1377.6259124684789,2172.873998240307,0.28089383291080594
311,2025-11-08,4-3,13558.30070863631,297.0311396600174,0.0,0.0,13855.33184829633,0.0,34280.54059506775,2172.873998240307,1897.3006440209172,0.2845130419591442
312,2025-11-09,4-3,46108.763451056475,4998.252229483236,0.0,0.0,51107.01568053971,0.0,40574.49219853845,1897.3006440209172,1723.6507989276301,0.3000311249634251
313,2025-11-10,4-3,50418.20776783864,4910.591109887933,0.0,0.0,55328.79887772657,0.0,42276.247001628995,1723.6507989276301,1524.2892298227412,0.3037126249400899
314,2025-11-11,4-3,50663.31882280444,412.38086150013066,0.0,0.0,51075.69968430458,0.0,39200.178793165804,1524.2892298227412,1669.896260821285,0.31153820804320276
315,2025-11-12,4-3,47578.06675400104,4483.015915611693,0.0,0.0,52061.08266961273,0.0,40748.06155821395,1669.896260821285,1713.0476170827433,0.3028094159672037
316,2025-11-13,4-3,45586.462042058396,9239.718184711484,0.0,10.126051133332805,54836.30627790321,2.0105333333332283,41803.58365932896,1713.0476170827433,1535.8750412094703,0.2883096250006929
317,2025-11-14,4-3,14284.890157847185,231.94673414485132,0.0,0.0,14516.836891992036,0.0,36388.907535404214,1535.8750412094703,1854.170675965719,0.25844162493012846
318,2025-11-15,4-3,14179.76349616416,189.79710500663197,0.0,34.43527689392993,14403.995878064721,10.818497296239373,35644.471933090324,1854.170675965719,1314.6012621150242,0.25621379096992314
319,2025-11-16,4-3,50616.02021866499,4088.558714123354,0.0,0.0,54704.578932788354,0.0,46153.253924194774,1314.6012621150242,1579.7113480768007,0.2723626249935478
320,2025-11-17,4-3,47343.54744768636,6325.958850510091,0.0,0.0,53669.50629819645,0.0,45131.15858444039,1579.7113480768007,1804.2708217136021,0.2750095409573987
321,2025-11-18,4-3,47886.698488019414,8362.24095361857,0.0,0.0,56248.93944163799,0.0,41728.83072746284,1804.2708217136021,1402.9417566406205,0.2786498329369351
322,2025-11-19,4-3,51464.37040910294,6361.065880344666,0.0,0.0,57825.43628944761,0.0,43879.75356052404,1402.9417566406205,1263.9658666187888,0.2809811669867486
323,2025-11-20,4-3,50412.93613406959,3345.26917840039,0.0,0.0,53758.205312469974,0.0,44375.76028857319,1263.9658666187888,1326.828825053961,0.30760816601105034
324,2025-11-21,4-3,14405.184415923795,989.1594385478514,0.0,0.0,15394.343854471648,0.0,32746.45819587665,1326.828825053961,1751.3204563546824,0.2789362909970805
325,2025-11-22,4-3,15662.582462895209,0.0,0.0,0.0,15662.582462895207,0.0,39360.2700127333,1751.3204563546824,1767.4506858054046,0.2945016250014305
326,2025-11-23,4-3,48111.42572462063,8033.066134666797,0.0,871.708770130545,57016.200629417974,175.30305512453435,42546.30581675776,1767.4506858054046,1336.3052322555382,0.2949533329810947
327,2025-11-24,4-3,50020.922530636584,3223.0548501005374,0.0,1255.7562186897744,54499.733599426894,318.02337962934774,41820.77058921536,1336.3052322555382,1200.0,0.31832579197362065
328,2025-11-25,4-3,60808.52784731524,33.07899298535416,0.0,0.0,60841.60684030061,0.0,40731.404877220884,1200.0,1553.8209225797186,0.32601129100658
329,2025-11-26,4-3,55078.66141315861,1444.8761270713894,0.0,177.73418883333318,56701.27172906333,32.99316666666664,44057.28957592419,1553.8209225797186,1947.8188337563706,0.29434283392038196
330,2025-11-27,4-3,51485.91938647383,4283.881393338937,0.0,207.95614136819148,55977.75692118095,83.60324583360416,41781.30797543234,1947.8188337563706,1291.7748822462,0.327879499993287
331,2025-11-28,4-3,14273.999153757806,599.8169618687142,0.0,94.31911295841479,14968.135228584935,18.820535360354143,35702.691985221645,1291.7748822462,1608.1725348465652,0.3030548329697922
332,2025-11-29,4-3,18330.190752442817,0.0,0.0,0.0,18330.190752442817,0.0,36494.928477584326,1608.1725348465652,1689.4145782560188,0.2907152079278603
333,2025-11-30,4-3,52082.535090546575,8509.000520175206,0.0,0.0,60591.53561072178,0.0,45311.15668600525,1689.4145782560188,1357.3727014694687,0.27904441696591675
334,2025-12-01,4-3,62437.95932908493,4257.678640494889,0.0,13985.447341868809,80681.08531144864,2132.660498422654,47342.04095195288,1357.3727014694687,1376.0637891725644,0.28591666696593165
335,2025-12-02,4-3,68344.82384329016,2875.1999953939603,0.0,3864.272119945158,75084.29595862929,547.6766994872786,48664.273415577816,1376.0637891725644,1735.7892766387981,0.2654992500320077
336,2025-12-03,4-3,60803.87493552477,11045.201130811012,0.0,0.0,71849.0760663358,0.0,50649.10394839071,1735.7892766387981,1866.7770948899786,0.2866642919834703
337,2025-12-04,4-3,69463.57685944572,1779.9775852816904,0.0,4295.4555330986,75539.009977826,626.2966724274904,47634.46336018286,1866.7770948899786,1977.4386942508777,0.2926699169911444
338,2025-12-05,4-3,17221.292457464835,3457.6800919203606,0.0,1194.1254693814503,21873.098018766646,242.7404177394934,40583.83935487778,1977.4386942508777,1682.6006020046188,0.2852357910014689
339,2025-12-06,4-3,19438.48200822415,2202.478197470834,0.0,651.6422512510619,22292.602456946046,131.51975602307982,44248.57849346381,1682.6006020046188,1207.194595001862,0.29798183403909206
340,2025-12-07,4-3,71517.70672800942,188.35232411198385,0.0,0.0,71706.05905212139,0.0,52000.22480921236,1207.194595001862,1583.3002485178636,0.3067152500152588
341,2025-12-08,4-3,74060.68967826347,0.0,0.0,0.0,74060.68967826347,0.0,43633.96532347478,1583.3002485178636,1983.4904794271567,0.316310791997239
342,2025-12-09,4-3,64442.057731750545,3535.5929581503146,0.0,1049.5599881921416,69027.210678093,164.7012276364095,50141.84401372557,1983.4904794271567,1424.39720361262,0.30718583392445
343,2025-12-10,4-3,64111.080794645444,6262.3891866087015,0.0,0.0,70373.46998125414,0.0,47194.54213187148,1424.39720361262,1305.7256454215512,0.3038607920752838
344,2025-12-11,4-3,67743.15152724987,78.08386223580352,0.0,477.67182166066254,68298.90721114633,130.1065706557466,43134.173334486724,1305.7256454215512,1437.925714265789,0.3057379591045901
345,2025-12-12,4-3,21138.85885383922,955.1544704837208,0.0,0.0,22094.013324322943,0.0,37294.867640428754,1437.925714265789,1279.442066450213,0.30213174992240965
346,2025-12-13,4-3,21287.00743410329,131.85066302074486,0.0,111.39831476107176,21530.256411885108,37.94054096241309,42860.498969851615,1279.442066450213,1356.8884538952302,0.29724137496668845
347,2025-12-14,4-3,58452.65879857256,14665.38793219266,0.0,3879.0459587022315,76997.09268946745,597.6867943206794,46913.7069427677,1356.8884538952302,1431.9246987319364,0.31412433297373354
348,2025-12-15,4-3,67318.5597794096,4187.187921244366,0.0,12.570026926307275,71518.31772758027,2.407359365375328,50069.47117902085,1431.9246987319364,1516.2762660860096,0.3202922079944983
349,2025-12-16,4-3,70387.97680670842,143.7107511157449,0.0,1261.5464760806933,71793.23403390485,246.0325968948699,47413.46873863693,1516.2762660860096,1200.0,0.3069729999406263
350,2025-12-17,4-3,67846.85448535944,2519.061919625964,0.0,0.0,70365.91640498539,0.0,44744.84120308923,1200.0,1403.8022313761876,0.3109092500526458
351,2025-12-18,4-3,62395.30830050877,7888.3364971513365,0.0,0.0,70283.6447976601,0.0,45768.11220458588,1403.8022313761876,1527.666910717917,0.294731333036907
352,2025-12-19,4-3,18794.899052965262,3190.572659153427,0.0,0.0,21985.47171211869,0.0,38933.47219565173,1527.666910717917,1317.996929763122,0.2842691249679774
353,2025-12-20,4-3,21135.921646419287,0.0,0.0,0.0,21135.921646419287,0.0,38057.6434383745,1317.996929763122,1294.4237739250348,0.2975108749233186
354,2025-12-21,4-3,66683.38132980968,3563.683752034066,0.0,1476.9562234156651,71724.0213052594,219.2214649361644,49042.69274469014,1294.4237739250348,1478.938449421952,0.3117502919631079
355,2025-12-22,4-3,68159.51664219689,2125.724206907689,0.0,277.98818111115924,70563.22903021573,59.07437049043676,49680.76509143678,1478.938449421952,1444.5661078695646,0.3166658750269562
356,2025-12-23,4-3,62949.21107064515,6559.16489921079,0.0,43.61496074394719,69551.99093059989,6.058054134863141,46542.33645687609,1444.5661078695646,1523.8260047408617,0.2799217499559745
357,2025-12-24,4-3,66798.86772526501,2094.856402924529,0.0,0.0,68893.72412818955,0.0,46370.34133725113,1523.8260047408617,1401.607575324522,0.28032129094935954
358,2025-12-25,4-3,64781.88228993838,4372.912022973131,0.0,407.9437251714702,69562.73803808299,69.79083688090499,45761.18728188959,1401.607575324522,1429.5869053878143,0.346225457964465
359,2025-12-26,4-3,18608.829000102436,3794.051877644429,0.0,0.0,22402.880877746866,0.0,38885.700768102586,1429.5869053878143,1695.5945565896045,0.2962195409927517
360,2025-12-27,4-3,18180.694293977,3733.671384625961,0.0,0.0,21914.36567860296,0.0,41626.2216981832,1695.5945565896045,1597.716525004661,0.2952651660889387
361,2025-12-28,4-3,65259.393775520395,2034.293648379434,0.0,120.21861096326487,67413.90603486309,15.929324362430748,48030.479969513486,1597.716525004661,1745.1861849932848,0.33716204203665257
362,2025-12-29,4-3,65890.7966173029,1624.8592575744626,0.0,0.0,67515.65587487735,0.0,44627.47021404034,1745.1861849932848,1339.3606075498733,0.32926575001329184
363,2025-12-30,4-3,64527.52821080708,1177.6978720846826,0.0,333.24668386162466,66038.47276675339,57.89478625141237,45325.36978796063,1339.3606075498733,1342.1110409791224,0.31564466608688235
364,2025-12-31,4-3,67761.70959660642,1072.4867286964886,0.0,479.0386172215005,69313.2349425244,170.52893913291516,47501.18635324549,1342.1110409791224,1200.0,0.34829129197169095
